인물,임원직수,소속조직수,참여사건수,활동영역수,영역
가게야마 히데키,6,3,16,2,행정 ·동원
가나모리 리키자부로,1,2,1,0,
가네미쓰 우헤이,0,1,1,0,
가네코 기이치,0,1,1,0,
가도치 가나,0,1,1,0,
가도타 기쿠,0,1,1,0,
가메야마 리헤타로,1,1,1,0,
가미모리 겐자부로,3,3,3,1,경제
가미무라 나오치카,1,1,0,0,
가미야 도요나리,3,4,4,3,행정 ·경제 ·동원
가미야 아이키,0,0,1,0,
가미타니 겐지로,0,1,1,0,
가사하라 사토시,0,1,1,0,
가시마 쇼키치,1,1,2,0,
가쓰라 다로,1,0,1,0,
가야모리 세이타로,1,1,1,1,동원
가와구치 유키치,0,1,1,0,
가와노 데쓰지로,1,0,1,0,
가와미치 노부타쓰,1,1,1,0,
가와시마 규에몬,2,2,2,2,행정 ·동원
가와우치,1,0,0,0,
가와이 아사오,20,18,49,4,행정 ·경제 ·언론 ·동원
가와카미 쓰네오,1,1,8,0,
가와카쓰 우메키치,0,1,1,0,
가즈 요시타로,0,1,1,0,
가토,1,0,0,0,
가토 이치로,8,7,16,4,행정 ·경제 ·언론 ·동원
가토 지카,0,0,1,0,
고가 쇼지,1,1,0,1,언론
고다마 이타로,1,2,3,1,행정
고다이라 에이키치,0,0,1,0,
고라 도노마루,0,0,1,0,
고라 요시마루,0,0,1,0,
고미 잇페이,1,1,1,0,
고미야,0,0,1,0,
고미야 미호마쓰,2,1,0,0,
고미야 히코지,3,3,4,1,경제
고야마 시치로,2,2,0,1,경제
고영희,1,0,0,0,
고우라 도노마루,3,3,2,2,행정 ·경제
고의경,1,0,0,0,
고즈마 도시히데,1,1,0,1,경제
고지마 구마노조,1,1,1,1,동원
고쿠부,1,1,0,0,
고토 요시쓰구,0,0,1,0,
고토 진키치,1,0,0,0,
곤도 렌페이,0,1,1,1,경제
곤지,1,1,1,0,
구노 주키치,2,0,0,0,
구니노주 긴지로,1,1,0,0,
구니히로 게이치,0,0,1,0,
구니히로 마코토,0,0,1,0,
구라토미 유자부로,2,1,0,0,
구로노 기요쓰구,0,1,1,0,
구로카와 미노루,1,1,2,0,
구로카와 엔지,5,5,8,3,행정 ·경제 ·언론
구스카케 다니지로,0,0,1,0,
구와노 긴타로,0,2,3,0,
권중현,1,0,0,0,
기도 다다지로,1,3,6,1,행정
기리오카 긴조,1,1,1,1,경제
기무라 다케타로,6,5,10,3,행정 ·경제 ·언론
기시모토 기미,0,0,1,0,
기우치 주시로,2,1,0,0,
기쿠치,1,1,0,1,행정
기쿠치 겐조,2,1,2,1,행정
기쿠치 슈덴,1,1,9,0,
기쿠카와 게이운,2,1,1,0,
기타가와 지헤이,0,1,1,0,
기타무라 도시오,0,1,1,0,
긴토키,0,0,1,0,
김갑진,0,0,1,0,
김승문,1,0,0,0,
김영필,1,0,0,0,
김직현,1,1,1,0,
나가노 다카이치,0,0,1,0,
나가에 요시마사,1,1,2,0,
나가에 후쿠조,1,1,1,1,경제
나가이 고타로,2,3,2,1,경제
나가타 기겐,1,0,0,0,
나가타니 다카시,1,1,2,0,
나가하마 모리조,2,1,0,0,
나마타메 신,1,0,2,0,
나베시마 게이지로,1,1,0,0,
나이토,1,0,0,0,
나적,1,1,0,0,
나카가와 다헤이,0,1,0,1,경제
나카기리 하루타로,1,1,1,0,
나카네,0,1,0,0,
나카네(中根),0,1,0,0,
나카니시 다몬,1,1,1,1,동원
나카모토 가타로,0,1,1,0,
나카무라 기이치,1,2,2,1,경제
나카무라 다카나오,1,1,1,0,
나카무라 도시마쓰,2,1,1,1,경제
나카무라 신로쿠,1,1,1,0,
나카무라 헤이시로,1,2,2,1,경제
나카무라 헤이시로 부인,1,1,1,0,
나카쓰카 로쿠스케,0,1,1,0,
나카야마 만조,0,0,1,0,
나카야마 히사키치,0,0,1,0,
나카에 고로헤이,10,8,17,3,행정 ·경제 ·동원
나카에 도미주로,1,1,1,1,경제
나카오지 마사오,2,2,3,0,
나카이 긴조,0,0,0,0,
나카이데 세이타로,1,1,1,1,경제
나카자와 덴노스케,8,4,8,2,행정 ·경제
나카타 사부로,1,1,0,0,
나카하라 후사이치,4,3,4,1,경제
노구치 히로키,2,0,0,0,
노다 히코지로,1,1,0,0,
노무라,1,0,0,0,
노무라 후사요시,0,1,1,0,
노무라(참모장),0,0,1,0,
노사카,3,2,4,1,언론
노세 다쓰고로,4,2,1,0,
노즈,1,0,0,0,
니노미야 규지,1,1,1,0,
니시모토 민조,5,4,8,3,행정 ·경제 ·동원
니시모토 온키치,1,1,1,1,행정
니시무라 다케지로,1,1,1,0,
니시무라 우이치로,1,1,1,1,동원
니시바야시 준스케,0,1,1,0,
니시야마 쓰네,1,1,1,0,
니시야마 쓰루키치,1,2,2,1,경제
니시야마 유스케,1,1,1,0,
니시자와 사토루,4,3,6,3,행정 ·언론 ·동원
니타니 마쓰스케,0,1,1,0,
다나카 가나메,0,1,2,0,
다나카 나라키치,0,1,1,0,
다나카 요시하루,1,1,1,0,
다나카 준지,1,2,2,0,
다나카 후지타로,0,1,1,0,
다니 히코이치,1,0,0,0,
다니구치 세이노스케,1,1,1,1,동원
다도코로 유키에,2,2,11,2,행정 ·동원
다무라 곤조,1,0,2,0,
다무라 도미조,1,1,1,1,경제
다와라 마고이치,2,1,0,0,
다카누키 세이치,1,1,0,0,
다카시마 고하치,1,1,1,0,
다카야마 히데오,1,1,0,0,
다카키 신지,0,1,1,0,
다카하시 우스케,0,1,1,0,
다케 아무개,0,0,1,0,
다케우치 도라조,0,1,1,0,
다케우치 마키타로,1,1,2,0,
다케자키 로쿠지로,1,0,1,0,
다케카와 세이지,5,3,5,1,경제
다케카와 조,0,0,1,0,
다키타 기누조,0,1,1,0,
다키하라 기타로,2,2,1,0,
다테시마 료사부로,0,1,1,0,
다하타,1,0,0,0,
데라카와 산조,1,1,1,0,
데와 시게토,1,0,1,0,
도고 헤이하치로,1,0,0,0,
도리야마 고야타,1,1,2,0,
도미오카,1,0,0,0,
도미타 이타루,1,1,0,0,
도요타 게이조,1,1,1,1,동원
도요타 슌스케,1,1,1,0,
도이 요타로,1,1,2,0,
도조 쇼헤이,1,1,0,1,경제
도카노 시게오,1,0,0,0,
도쿠라,1,1,0,1,행정
도쿠라 기이치,0,2,2,0,
도쿠라 소로쿠,11,9,18,3,행정 ·경제 ·동원
도쿠히사 요네조,2,2,3,1,행정
류 고키치,1,1,1,1,행정
마루야마 시게토시,4,2,1,0,
마스다 노부유키,2,0,0,0,
마스다 도라타,11,9,26,4,행정 ·경제 ·언론 ·동원
마쓰나가 후사시치,1,1,0,0,
마쓰다 만로쿠,0,0,2,0,
마쓰다 신페이,0,0,1,0,
마쓰다 젠에이,1,1,1,0,
마쓰모토 다카쓰구,0,0,1,0,
마쓰모토 세이이치,1,2,2,1,행정
마쓰모토 시게마사,2,2,1,0,
마쓰무라,1,1,1,0,
마쓰무라 다이스케,2,2,2,1,행정
마쓰시타 나오미,3,1,7,0,
마쓰시타 나오히데,1,1,0,0,
마쓰오 이와키치,0,1,1,0,
마쓰이 사다요시,0,0,1,0,
마쓰이 시게루,2,1,0,0,
마쓰이 이치타로,0,1,1,0,
마에다 아쓰시,1,1,3,1,동원
마에자와 마사미,1,1,1,0,
마에카와 도모지,6,5,7,2,경제 ·동원
마유미 다다시,5,7,6,2,행정 ·동원
마이덴 오,0,0,1,0,
마치다 규고,6,6,8,2,언론 ·동원
마치다 사타오,1,0,0,0,
마키 신이치,1,1,1,0,
마키노 슈,4,2,7,1,언론
메가타 다네타로,4,0,0,0,
모로네 젠조,1,1,0,0,
모리나가 소이치,4,4,5,2,행정 ·동원
모리모토 도네쓰키,0,1,1,0,
모리모토 마사타로,1,1,1,1,경제
모리사키 시카마쓰,0,0,1,0,
모리야 다쓰조,1,1,1,0,
모리우라 구마조,1,1,1,0,
모리타 로쿠오,1,1,1,0,
모모하라 야오조,0,1,1,0,
모쿠자키 야소하치,1,1,1,0,
무라마쓰 스케유키,1,1,1,1,언론
무라오카 시게루,0,1,1,0,
무라카미 도모요시,1,1,1,0,
무라카와 가이치,1,1,0,1,언론
무라타,0,0,1,0,
무로타 요시부미,0,1,0,0,
무카이 도모키치,0,1,1,0,
무타,1,0,0,0,
미사와 도시오,0,0,1,0,
미사와 마사오,0,0,1,0,
미쓰하시 에이타로,0,1,2,0,
미야마 요시노스케,0,1,1,0,
미야자키 고쿠조,0,0,1,0,
미야케 아키타로,0,1,1,0,
미와 노부오,0,1,1,0,
미와 미쓰기,1,1,2,0,
미와 야키치,3,3,3,2,행정 ·경제
미와 유리,0,0,1,0,
미와 조테쓰,5,6,12,3,행정 ·경제 ·동원
미우라 쇼이치로,2,2,2,1,언론
미즈타 야스지로,1,0,1,0,
미카지리 다케사부로,1,1,2,1,행정
미카지리 주고,2,3,8,4,행정 ·경제 ·언론 ·동원
미하라 나오유키,1,1,0,0,
미하시 지요타로,0,1,1,0,
민 궁내부대신,0,0,1,0,
민영기,1,0,0,0,
민영직,1,1,0,0,
박제순,3,0,0,0,
박준효,1,1,0,0,
박중양,9,4,31,1,동원
백남준,1,1,0,0,
사사마 조,1,1,0,0,
사사모토 레이도,0,1,1,0,
사사키 이치조,0,1,2,0,
사에키 히코이치,0,1,1,0,
사이토,0,0,1,0,
사이토 소시로,1,1,1,0,
사이토 요시조,4,4,7,2,행정 ·동원
사이토 헤이키치,1,1,0,0,
사카모토 도시스케,1,3,2,0,
사카모토 준,1,1,3,2,언론 ·동원
사카이 가네키치,0,1,1,0,
사카이 만지로,9,7,13,4,행정 ·경제 ·언론 ·동원
사카이 사쿠조,0,1,1,0,
사카타 분키치,1,0,0,0,
사코 우타코,0,0,1,0,
사키사카 쇼키치,4,4,6,2,행정 ·경제
사토 겐쇼,2,2,2,0,
사토 료헤이,0,0,0,0,
사토 슈조,4,4,8,2,경제 ·언론
사토 스스무,1,0,1,0,
사토 이사부로,0,0,1,0,
샤쿠오 슌조,5,4,6,2,언론 ·동원
서병오,1,1,1,0,
서봉기,0,0,1,0,
서상돈,1,3,5,2,행정 ·경제
세노 에이타로,1,2,1,0,
세노 히로키치,0,1,1,0,
세노 히사타로,1,1,3,0,
센가 다마키,1,1,1,1,행정
소가와 유타카,1,0,2,0,
소네 아라스케,1,1,3,0,
송병준,2,0,1,0,
스기타 데이치,1,0,0,0,
스기하라 신키치,5,4,9,3,행정 ·경제 ·언론
스다 산페이,8,8,9,3,행정 ·경제 ·동원
스에마쓰 긴지로,1,1,2,0,
스에이시 모스케,0,1,1,0,
스즈키 다케시,1,0,0,0,
스즈키 이리시게,0,0,1,0,
스즈키 젠시치,1,1,1,1,경제
스즈키 하치로,1,1,1,0,
스즈키 히사지로,6,4,5,2,행정 ·동원
스토 시즈야,2,2,2,0,
시게히사 유히코,1,0,2,0,
시노하라 가나메,2,3,3,2,언론 ·동원
시노하라 이마시로,1,1,1,1,경제
시데하라,1,0,0,0,
시라타 신스케,4,4,5,3,행정 ·경제 ·동원
시마다 시즈카,1,0,0,0,
시마다 후미노스케,1,1,1,0,
시모다 고키치,5,5,8,2,행정 ·동원
시모바야시 야스타케,1,0,1,0,
시모조 에이타로,1,2,1,0,
시모조 효자부로,1,1,2,0,
시모즈 사부로,2,2,2,2,언론 ·동원
시미즈 도쿠타로,0,0,1,0,
시바타,1,1,1,0,
시바타 지요키치,0,1,1,0,
시부사와 슈조,5,7,11,3,행정 ·경제 ·언론
시부사와 에이치,2,1,1,1,경제
시오카와 이치타로,2,1,2,0,
시타가와 하루,1,1,1,0,
신태휴,1,1,1,0,
신현구,1,0,0,0,
쓰네요시 다다미치,2,2,9,0,
쓰루하라 사다키치,1,1,0,0,
쓰지 소노지로,7,5,8,2,행정 ·동원
쓰치다 준사쿠,0,0,1,0,
쓰치야 시게사쿠,1,1,0,0,
쓰치야 히코타로,6,4,6,1,경제
아다치 겐조,1,1,1,0,
아다치 다키지로,1,0,0,0,
아다치(중좌),0,0,1,0,
아라이 겐타로,2,1,0,0,
아리마 고코,1,2,1,0,
아리스가와노미야 다케히토,0,0,1,0,
아리요시 아키라,1,1,1,0,
아리요시 주이치,1,0,0,0,
아리타 오토마쓰,1,0,1,0,
아베 기노스케,1,1,2,0,
아베 도시로,0,1,1,0,
아사노 세이치,2,1,6,1,행정
아오누마 규이치로,0,1,1,0,
아오누마 쇼타,0,0,1,0,
아오시마 구메조,1,1,1,1,행정
아오키 시게노부,6,5,12,3,행정 ·경제 ·언론
아와타 에이지로,2,1,2,0,
아카시 세이,0,0,1,0,
아카시 세이코,0,1,1,0,
아카시 야스이치로,1,1,1,0,
아카시 오토키치,1,1,1,0,
아카쿠라 야타로,1,1,0,0,
아카호시 조조,1,2,1,2,행정 ·언론
아쿠타가와 다다시,2,1,1,1,언론
아키라,0,1,0,0,
아키라(秋良),0,1,0,0,
아키모토 세이타로,1,1,1,1,동원
아키야마 시카렌,1,1,1,1,행정
안노 세이,0,0,1,0,
안도 마사지로,1,1,1,0,
야기 다쓰마,1,1,1,0,
야기 마쓰다로,3,2,2,1,경제
야마가미 사다나오,1,0,1,0,
야마가타 아리토모,0,0,1,0,
야마네 마사지,1,1,0,0,
야마노 우에쿠니,1,2,1,0,
야마다 고지,1,1,1,0,
야마다 기쿠지로,0,0,0,0,
야마다 사다카즈,0,0,1,0,
야마다 슈조,1,1,0,0,
야마다 시게루,1,1,1,1,경제
야마다 신타로,0,0,1,0,
야마다 야헤이지,1,1,1,1,경제
야마다 우메지로,0,1,1,0,
야마다 히로미치,0,1,1,0,
야마다(부관),0,0,1,0,
야마다(수비대장),1,1,1,0,
야마모토 준이치,1,0,0,0,
야마와키 쇼사쿠,2,1,1,1,행정
야마자키 가도요시,0,1,1,0,
야마자키 도모사부로,1,1,0,1,경제
야마지 조이치,2,0,1,1,동원
야스다 구스지,1,1,1,0,
야스마쓰 구마키치,5,3,12,4,행정 ·경제 ·언론 ·동원
야스카와 와사부로,2,2,2,1,경제
야하시 요시타네,1,1,0,1,언론
양 모,0,0,1,0,
양재훈,1,1,0,0,
엄성구,1,1,1,0,
에이 산타로,1,1,0,0,
오가사 구마지로,0,1,1,0,
오구라 다케노스케,15,14,26,4,행정 ·경제 ·언론 ·동원
오노 미네지로,2,1,4,1,경제
오노 쇼자부로,3,1,0,0,
오니즈카 슈이쓰,0,1,1,0,
오다 덴,0,0,1,0,
오다 리사쿠,1,1,1,1,행정
오다 센,2,1,1,0,
오다와라 류이치,0,0,1,0,
오리토 기요이치,0,1,1,0,
오무라 모토요,1,1,1,0,
오바 간이치,1,0,0,0,
오쓰카 지카미,0,0,1,0,
오에 류타로,0,1,1,0,
오우라 다스케,1,1,0,1,경제
오이케 주스케,1,0,1,1,동원
오자와 고토부키,0,0,1,0,
오자키 시즈오,3,2,4,2,경제 ·동원
오치 와스케,0,1,1,0,
오치 지에,0,0,1,0,
오치 치에코,0,1,1,0,
오카다 기하치,4,3,2,2,행정 ·동원
오카다 데쓰고로,1,1,1,1,동원
오카모토 리헤이,2,2,13,1,동원
오카모토 마사오,1,1,4,0,
오카모토 우이치,1,2,2,1,동원
오카무라 가쓰토시,0,0,1,0,
오카무라 마사오,1,1,1,0,
오카무라 하쓰노스케,0,0,1,0,
오카키 시치로,2,1,0,0,
오쿠마 시게노부,1,1,0,0,
오쿠보 다사부로,2,2,2,1,동원
오쿠보 하루노,2,0,0,0,
오쿠보 하지메,3,3,3,1,행정
오쿠이 와헤이,1,1,1,1,경제
오키타 도시타로,2,1,2,1,행정
오키타 스테지로,9,4,12,3,경제 ·언론 ·동원
오타 가쓰사부로,1,1,1,1,경제
오하라 준지,0,0,1,0,
오하타 조,1,1,0,0,
와다 유지,2,0,2,0,
와카바야시 세이스케,2,1,2,1,경제
와케 헤이지로,2,2,2,1,경제
와타나베 다케,0,0,1,0,
와타나베 도키오,0,0,1,0,
와타나베 무라오,1,1,7,1,행정
와타나베 슌조,0,0,1,0,
와타나베 스이사이,1,1,2,0,
와타나베 우조,0,0,1,0,
와타나베 히스루,9,6,14,4,행정 ·경제 ·언론 ·동원
와타나베(渡邊),1,1,0,0,
요다 고타로,1,1,3,0,
요시노 긴사쿠,1,1,0,0,
요시다 가쓰사부로,1,1,1,0,
요시다 다이조,0,1,1,0,
요시다 사시치,2,2,2,1,경제
요시다 유로쿠로,1,1,2,0,
요시다 주이치로,2,2,3,1,경제
요시모토 신지,0,0,1,0,
요시무라 가쓰타로,1,1,1,1,경제
요시오카 다다이치,1,1,1,1,언론
요시오카 도시오,0,0,1,0,
요시카와 가메키치,0,0,1,0,
요시키 도시조,1,1,1,1,행정
요시하라 군타로,0,1,1,0,
우라하마 야스타로,1,1,2,0,
우메 겐지로,1,0,1,0,
우메다 이와키,1,1,1,0,
우메자키 신타로,1,1,0,0,
우시오카 라히사,0,0,1,0,
우쓰노미야 젠이치,1,0,0,0,
우에다 겐스케,4,4,4,3,행정 ·경제 ·언론
우에다 고쿠초,1,1,2,1,언론
우에다 기사부로,0,0,1,0,
우에다 요시오,1,1,1,0,
우에마쓰 조마쓰,1,1,0,0,
우에무라 린타로,1,0,2,0,
우지노 도쿠타로,2,1,12,1,동원
우치다 로쿠로,7,7,10,2,행정 ·경제
우치야마 요네타로,0,0,1,0,
원은상,1,1,0,0,
유아사 히데토미,1,1,1,0,
육종만,1,1,0,0,
윤필오,2,1,1,0,
윤헌,1,1,0,0,
의양군,0,0,2,0,
의친왕,0,0,1,0,
이경옥,0,0,1,0,
이근택,1,0,0,0,
이근호,1,1,2,0,
이나가키 시게미치,1,1,1,1,행정
이나모토 신신,5,4,7,2,행정 ·언론
이나타 나카지,0,0,1,0,
이노 히데스케,3,3,3,2,행정 ·경제
이노우에 고사이,1,0,1,0,
이노우에 다쓰지로,2,2,4,1,경제
이노우에 산고,0,1,1,0,
이노우에 소노스케,4,3,6,1,경제
이노우에 쓰네나오,4,3,3,2,행정 ·경제
이노우에 준노스케,1,0,0,0,
이다 아키라,1,1,3,0,
이마이 다다오,1,0,1,1,동원
이병무,2,0,1,0,
이병학,1,1,2,1,경제
이사와 이와헤이,1,1,2,0,
이사카 다카시,1,0,0,0,
이상설,1,0,0,0,
이석진,2,2,2,1,경제
이시마쓰 시게키,0,1,1,0,
이시이 미쓰오,4,2,3,1,경제
이시즈카 에이조,1,1,0,0,
이시카와 구스지로,2,1,2,0,
이시카와 오쿠조,0,1,1,0,
이와나가 마지,0,1,1,0,
이와나가 젠지로,0,1,1,0,
이와사 데이조,1,0,1,0,
이와사키 다미야,1,1,1,0,
이와세 시즈카,11,10,34,4,행정 ·경제 ·언론 ·동원
이완용,4,0,1,0,
이용익,1,1,2,0,
이용직,1,1,0,0,
이우라 요시히사,1,1,1,0,
이위종,1,0,0,0,
이유인,1,1,0,0,
이윤용,1,1,0,0,
이장우,0,0,1,0,
이재곤,1,0,0,0,
이종국,3,1,1,1,경제
이준,1,0,0,0,
이중하,1,1,0,0,
이즈미 스에지,7,3,3,1,경제
이즈카 쇼이치,0,1,1,0,
이지용,1,0,0,0,
이진호,2,1,1,0,
이충구,1,1,4,0,
이치하라,1,0,1,0,
이케가미 시로,1,1,2,0,
이케다 덴지,0,0,1,0,
이케다 쓰네요시,0,1,1,0,
이케다 야스치카,0,0,1,0,
이케우치 도시,0,0,1,0,
이케우치 시게히라,1,1,1,1,행정
이케우치 야에,0,0,1,0,
이쿠하시 도시코,0,0,1,0,
이쿠하시 요네사부로,1,1,1,0,
이토 구마사부로,1,1,1,0,
이토 기치사부로,1,1,3,2,경제 ·동원
이토 모토타로,0,0,5,1,동원
이토 쓰네조,1,1,1,0,
이토 요시,0,0,1,0,
이토 히로부미,3,1,12,0,
이하영,1,0,0,0,
이헌영,1,1,0,0,
임선준,1,0,0,0,
장승원,1,1,0,0,
장지연,1,0,0,0,
전우,1,0,0,0,
정재학,0,1,2,1,경제
정해붕,0,2,3,1,경제
조병호,1,1,0,0,
조중응,1,0,0,0,
최만달,1,1,1,0,
하라 신스케,0,0,1,0,
하라 이와타로,0,1,1,0,
하라다 기이치,0,1,1,0,
하라다 리베,2,0,0,0,
하라타 요시조,1,1,2,0,
하루노미야 요시히토,0,0,1,0,
하마구치 오사치,1,0,0,0,
하세가와 가메타로,1,0,0,0,
하세가와 다이치,0,0,1,0,
하세가와 야소키치,1,1,1,0,
하세가와 요시미치,3,1,1,0,
하야시 곤스케,1,0,0,0,
하야시 다다스,1,0,0,0,
하야시 이치리키,0,0,1,0,
하야시 이치조,1,0,0,0,
하야시 진시치,3,3,4,2,행정 ·언론
하야시 한스케,1,1,1,0,
하자마 후사타로,1,0,0,0,
하치야 겐,1,1,1,0,
하타,1,0,0,0,
하타모토 기헤이,1,2,2,1,행정
한국 황제,0,0,5,0,
한상룡,1,0,0,0,
한진창,1,1,0,0,
헤라이,1,0,0,0,
호다 슈,0,0,1,0,
호리케 도라조,1,1,0,1,경제
호쿠조 준조,0,1,1,0,
혼다 고스케,1,0,1,0,
후루쇼 모토사네,1,1,3,1,경제
후루쇼 야스요,0,0,1,0,
후루야 사다조,1,1,0,0,
후루야 지스케,0,1,1,0,
후루카와 분노스케,0,1,1,0,
후리하타 기요미,0,0,1,0,
후시미노미야 히로야스,0,0,1,0,
후와 다로시치,1,1,1,0,
후지나와 분준,6,6,9,2,경제 ·언론
후지노,1,0,0,0,
후지모토,1,1,0,0,
후지오카 요시오,0,0,1,0,
후지타 다카시,0,0,1,0,
후카와 고테쓰,0,1,1,0,
후쿠나가 도쿠지로,4,3,8,2,행정 ·경제
후쿠치 기사쿠,5,4,7,3,행정 ·경제 ·언론
후쿠타 가쿠헤이,1,1,0,0,
후쿠타 마스베,1,0,0,0,
후쿠타케 쇼조,1,1,1,0,
히다카(출장원),1,1,1,0,
히라사와 이와타로,1,1,1,1,행정
히로우치 도시,0,0,1,0,
히로우치 시게키치,0,1,0,0,
히메노 다로지,0,0,1,0,
히사미즈 사부로,2,2,9,0,
히시키 히데이치,1,1,3,0,
히와타시 세이에이,1,1,2,0,
히자쓰키 마스키치,6,6,11,1,행정
히지카타 기요시,1,1,1,0,
히타카 사이지,1,1,2,0,
