event_id,사건명,사건유형,시기,시기근거,관련조직,상위사건,근거절,보조출전,근거수준,비고,참여자메모,지역구분,시기구분,관련조직_미매핑,시기구획
E001,달성학교 설립,설립,1899-07,본문서술,O036,,29-2,『대구민단사』 pp.106~107,교차확인,"분석시기(1903~1910) 이전 사건(R-07 준용); 한국인 자제 일본어 교육 목적; 관찰사 100원·부지 700여 평 기부, 유지 기부 700원",히자쓰키 마스키치(설립자); 니타니 마쓰스케(경영 협력); 윤필오(경영·협력); 김직현(관찰사·기부),대구,시기외,,시기외
E002,달성학교 보조금 확보,중재·교섭,1900~1901,본문서술,O036;O071;O111,,29-2,,회고록단독,분석시기 이전; 학부 1900년부터 연 120원·동아동문회 1901년부터 연 420원·경부철도 1901-09부터·부산 5개 사원 매달 15원(1901-04 중지)·목포 유지 기부 등,히자쓰키 마스키치(수혜 주체),대구,시기외,한국 학부;동아동문회;한남교육장려회,시기외
E003,달성학교 확장 계획과 중지,조직개편,1902~1903,본문서술,O036,,29-3,,회고록단독,방침 수립 1902-05(분석시기 외)·배일 정세로 1903-04 중지; 종결 국면(1903) 기준으로 시기내 처리,히자쓰키 마스키치; 샤쿠오 슌조,대구,시기내,,시기외
E004,일본어속성야학교 설립,설립,1903,본문서술,O039;O043,,29-4,,회고록단독,본문 '1903년 말'; 서문 내 포교소 안 설립·한국인 교육,스토 시즈야(설립·주임),대구,시기내,,민회기(1903~05)
E005,부산우편국 대구우편소 설치,설립,1903-11-01,본문서술,O080,,48-1,,회고록단독,"후보 ""대구 우편기관 설치·승격·이전"" 1건을 국면별 5건으로 분리(지침 3)·서상면에 설치·소장 오쿠보·초기 무집배(1904.8부터 매일 집배) | 상위사건 후보(미확정): 대구 우편기관 정비 연쇄",오쿠보 하지메,대구,시기내,,민회기(1903~05)
E006,수비대·진위대 충돌 위기 시 결집 준비,집단운동·대회,1904-04,본문서술,O091;O093,,13-2,,회고록단독,수비대장 명령 시 달성산 집결·생사 결정 준비; 충돌 회피로 실행되지 않음; 개인 참여자 식별 불가,(개인 미상; 대구 거주 일본인 일반·수비대장),대구,시기내,,민회기(1903~05)
E007,일본인회→거류민회 개칭 및 회장 교체,조직개편,1904~1905,추정,O002,,5-1,,회고록단독,본문 '기록이 없어 날짜는 정확히 알 수 없다'; 설립(1904-08) 이후~다도코로 당선(1905-05) 이전 구간 추정,도쿠히사 요네조(사임); 도쿠라 소로쿠(회장대리 추대),대구,시기내,,민회기(1903~05)
E008,달성학교 일본 아동 2부제 무상교육,조직개편,1904~1905,본문서술,O036,,29-3,,회고록단독,1904-02 이후 교실 증축·2부제 무상 교육를 1905-10까지 지속; 일본인 취학아동 한때 70여 명; 학교 운영 개편으로 등재(개인 선행 성격 병존),히자쓰키 마스키치(운영),대구,시기내,,민회기(1903~05)
E010,탈곡기배포사무국 설치와 배포사업 실패,집단운동·대회,1904,본문서술,O112,,32-2~32-3;33-1,,회고록단독,원유형 정책사업·집단저항·1904년 경성 사무국 설치와 전국 30만 대 강제 배포·국새 훈령 강제징수에 농민 저항(마을 입구 탈곡기 야적·관민 대치)으로 실패·경북 국면(사변사 쓰지) 서술 있음·실패 확정은 이듬해까지 이어진 것으로 추정,하라다 리베;쓰지 소노지로,전국-대구반응,시기내,농상공부,민회기(1903~05)
E012,하라타 대구지점 개업 피로연,의례,1904,추정,,,33-1,,회고록단독,서문시장 신축 점포 개업식·관찰사(관기 20명 대동)와 한일 관민 다수 초청 입식 연회·쓰지의 1904년 봄 파견 직후로 추정,쓰지 소노지로,대구,시기내,하라타 대구지점,민회기(1903~05)
E013,사변사 쓰지의 관찰도 등청과 연회,의례,1904,추정,O074;O112,E010,33-1,,회고록단독,국새 훈령 제시 등청 의식과 관찰사 이하 약 20명 참석 한국식 연회·이후 교섭 원만·약 3달 후 관찰사 교체 서술로 1904년 추정·수행 정 군·유 군 외 10명,쓰지 소노지로;히메노 다로지,대구,시기내,,민회기(1903~05)
E014,미나카이상점 연합 조직,설립,1904~1905,추정,O021,,37-2,,회고록단독,설립 연도 명시 없음·1905년 말 시점 기존재 서술과 창립자들의 1904년 이래 거주(40-1 갑진회 명단)로 1904~1905 구간 추정·4개 점포 연맹·합자,나카에 고로헤;나카에 도미주로;나카무라 헤이시로;오쿠이 와헤이,대구,시기내,,민회기(1903~05)
E015,삼맹상회 개점,설립,1904,본문서술,O022,,43-2,,회고록단독,그해 9월=1904년 9월(마치다 등 1904년 봄 도한 문맥)·3인 합자조직 약방을 북문 밖에 개점·단명,가미모리 겐자부로;나카이데 세이타로;스즈키 젠시치,대구,시기내,,민회기(1903~05)
E016,대구일본동포회 설립,설립,1904-06,본문서술,O001;O071,,43-3,,회고록단독,영사관 서기 마쓰무라 종용으로 취지서(1904.6) 발표·발기인 17명·자치단체의 소지 마련·2개월 뒤 거류민회로 개편,이노 히데스케;이노우에 쓰네나오;쓰지 소노지로;니시모토 온키치;도쿠히사 요네조;오쿠보 하지메;오다 리사쿠;야마와키 쇼사쿠;마유미 다다시;아오시마 구메조;아키야마 시카렌;미와 조테쓰;시모다 고키치;히자쓰키 마스키치;히라사와 이와타로;센가 다마키;스다 산페이;마쓰무라,대구,시기내,,민회기(1903~05)
E017,신태휴 관찰사의 초등학교 설립,설립,1904,본문서술,,,50-1,,회고록단독,도내 각지에 초등학교 설립·유지 방법 부재로 곧 폐쇄,신태휴,경북관내,시기내,,민회기(1903~05)
E018,대일본인거류민회 설립,설립,1904-08,본문서술,O002;O071;O001,,3-2;43-1;43-3,『대구민단사』 pp.22~23,교차확인,회장1·부회장1·평의원 20명 체제; 평의원은 16명만 기록에 남음(나머지 불명) | [2-033 병합] 동포회를 2개월 만에 개편해 처음 조직·공비세입출예산과 영업자등급할 부과 결정(아리타 부과4등·월 1원 사례)·주도 개인 명시 없음 | 구간 중복 병합(설립·공비예산 결정 포함),아리요시 아키라(부산영사·인가); 도쿠히사 요네조(민회장); 이노 히데스케(부회장); 이노우에 쓰네나오(의장); 도쿠라 소로쿠(평의원); 미와 조테쓰(평의원); 마유미 다다시(평의원); 시라타 신스케(평의원); 가미야 도요나리(평의원); 마스다 도라타(평의원); 오쿠보 하지메(평의원); 스즈키 히사지로(평의원); 가와시마 규에몬(평의원); 요시키 도시조(평의원); 스다 산페이(평의원); 시모다 고키치(평의원); 쓰지 소노지로(평의원); 모리나가 소이치(평의원); 오카다 지로(평의원); 우치다 로쿠로(평의원);아리타 오토마쓰,대구,시기내,,민회기(1903~05)
E019,부산우편국 대구출장소 개칭,조직개편,1904-12-15,본문서술,O080,,48-2,,회고록단독,우편사무 발전을 위해 출장소로 개칭·소장 야기 다쓰마(법학사) | 상위사건 후보(미확정): 대구 우편기관 정비 연쇄,야기 다쓰마,대구,시기내,,민회기(1903~05)
E020,여순함락 전승축하회·전몰자 추도회,의례,1905-01-05,본문서술,O044;O002,,5-1,,회고록단독,역 앞 칠성리 개최; 참석자 1천여 명·한국인 다수(개인 비식별),도쿠라 소로쿠(주최자 대표); 후카와 고테쓰(추도회 법사 사회),전국-대구반응,시기내,,민회기(1903~05)
E021,제일은행 부산지점 대구출장소 설치,설립,1905-01,본문서술,O012,,8-3,,회고록단독,"기록상 1905-01·저자 기억은 4월경(R-05 준용해 기록 우선, 양쪽 병기); 역 앞 초가 건물",(개인 미상),대구,시기내,,민회기(1903~05)
E022,대구실업신문 창간·축하회,창간·경영이전,1905-02-18,본문서술,O030,,7-1,『대구민단사』 pp.194~195,교차확인,지침 확정 시기 1905-02-18; 한국인 유력자 출연; 격일간 소신문·3개월 못 가 휴간 후 부정기 발행; 정식 제호는 대구실업신보(27-3),시모즈 사부로(창설·공동경영); 마키노 슈(창설·공동경영); 시라타 신스케(축사); 요시다 주이치로(축사·연설),대구,시기내,,민회기(1903~05)
E023,대전첩축하회(봉천 전승),의례,1905-03-15,본문서술,O002,,11-2~11-3,,회고록단독,달성산 개최·거류민회 주최; 연도는 봉천 전투(1905-03) 서술 문맥으로 특정; 아사히·삿포로 맥주 특약점 경품 기증으로 성황,가와이 아사오(궐련 증정); 고다마 이타로(궐련 증정),전국-대구반응,시기내,부산연초주식회사,민회기(1903~05)
E024,시부사와 에이이치 환영회,의례,1905-04,본문서술,O012;O111,,4-3,,회고록단독,본문 '1905년 4월 어느 날'; 한일 합동 환영·청중 약 200명; 한일친선 연설,시부사와 에이이치(대상·연설); 오구라 다케노스케(환영사),대구,시기내,,민회기(1903~05)
E025,이용익 관찰사 배척운동(임시일본인대회·시위),집단운동·대회,1905-04,본문서술,O065;O030;O074;O091,E025,7-1~7-3,,회고록단독,격문 1905-04-26·달성관 임시대회 04-28·선화당 시위·구금 한국인 석방 04-29·이용익 퇴거 04-30; 불씨는 대구실업신문이 지핌,도쿠라 소로쿠(발기인); 마유미 다다시(발기인); 샤쿠오 슌조(발기인); 오구라 다케노스케(발기인); 시모즈 사부로(발기인); 미와 조테쓰(발기인); 오키타 스테지로(발기인); 마치다 규고(발기인); 마스다 도라타(발기인) 외 발기인 총 27명(전원 명단 본문 기재); 히타카 사이지(중재); 박중양(중재); 이용익(대상),대구,시기내,,민회기(1903~05)
E026,달성산 개간 중지 담판,중재·교섭,1905-04,본문서술,O002;O091;O074,E025,13-2,,회고록단독,본문 '1905년 4월경'; 뽕밭 개간 중지시키고 한일 공동 유원지로 공인,미와 조테쓰(주도); 도쿠라 소로쿠(민회 부회장); 히타카 사이지(응원); 박중양(동행); 히자쓰키 마스키치(동행); 이용익(대상),대구,시기내,,민회기(1903~05)
E027,다도코로 유키에 민장 당선,선거·임명,1905-05,본문서술,O002,,5-1,,회고록단독,본문 '1905년 5월경'; 당선 후 호별부과 신제도·민회 사무소 북문 밖 이전·서기 증원 등 민정 쇄신(후보명 일부를 비고로 이관),다도코로 유키에(당선),대구,시기내,,민회기(1903~05)
E029,후시미노미야 대구역 통과 봉송,의례,1905-05-23,본문서술,O002,,11-4,,회고록단독,본문 '5월 23일경'; 민회 시달로 예복 없는 재류민 대다수 총출동 봉송(개인 비식별),후시미노미야 히로야스(대상),전국-대구반응,시기내,,민회기(1903~05)
E030,한국 우체사·전신사 통일과 청사 이전,조직개편,1905-05-23,본문서술,O080,,48-2,,회고록단독,1905.4 한국 통신기관 위임계약 성립에 따라 일본 통신기관에 합병·구 우체사·전신사 청사 자리로 이전 | 상위사건 후보(미확정): 대구 우편기관 정비 연쇄,,대구,시기내,한국 우체사·전신사,민회기(1903~05)
E032,인두세 폐지,조직개편,1905,본문서술,O002,,26-2~26-3,,회고록단독,1905년 보궐선거 직후 당선 후 첫 회의에서 인두세 불가 주장·합법적 세제 요구로 폐지; 방청자 십여 명,가와이 아사오(주장); 샤쿠오 슌조(방청 야유),대구,시기내,,민회기(1903~05)
E033,대구수산주식회사 설립,설립,1905,본문서술,O013,,14-1,,회고록단독,본문 '1905년 가을'; 자본금 3만원·대구 최초 일본인 주식회사; 본문 '이노우에 쓰네타다'는 한자(井上常直)상 이노우에 쓰네나오와 동일인,나카무라 도시마쓰(이사장); 기리오카 긴조(설립 참여); 오타 가쓰사부로(설립 참여); 도쿠라 소로쿠(지배인); 이노우에 쓰네나오(감사 겸 회계주임),대구,시기내,,민회기(1903~05)
E034,하주조합 조직과 해산,설립,1905,본문서술,O015,,29-1,,회고록단독,본문 '1905년경'; 참여 상점 20여 곳·아카시에서 월 1회 회합·6개월 계약제; 운송업자 와해공작으로 1년 미만 해산(~1906 추정),가와이 아사오(주도); 다케 아무개(지정 운송취급점),대구,시기내,,민회기(1903~05)
E035,신문 『조선』 창간,창간·경영이전,1905-06,본문서술,O034,,27-1,,회고록단독,본문 '1905년 6월경'; 순간(旬刊) 발행·오래 지속 못함; 대구실업신문과 양지 대립 구도,샤쿠오 슌조(발행),대구,시기내,,민회기(1903~05)
E036,대구실업신문 주필 교체,선거·임명,1905,본문서술,O030,,27-2,,회고록단독,"우에다 1905-09 무렵 부임; 승계자 본문 표기 '노다 다다시'=아쿠타가와 다다시(대표 표기, 지침 확정)",우에다 고쿠초(주필 부임 후 2개월 만에 이직); 아쿠타가와 다다시(주필 승계),대구,시기내,,민회기(1903~05)
E037,담배 판매경쟁과 사사키의 중재,중재·교섭,1905,추정,,,31-1~31-2,,회고록단독,개인 상점 간 경쟁이나 유력자 사사키 이치조의 중재 개입으로 등재(코딩북 2.1 경계 사례)·러일전쟁 종전 직후 서술로 1905년 추정,가와이 아사오;쓰지 소노지로;사사키 이치조,대구,시기내,하라타 대구지점,민회기(1903~05)
E038,후지이(사카이 만지로) 조난과 구조,재난·사고,1905,본문서술,,,34-2~35-1,,회고록단독,1905년 늦가을 상주 옥산동에서 화적 피습 중상·닛신도에서 구조대 파견·김천 철도의 응급처치 후 대구 이송(집합적 대응)·후지이=사카이 만지로(대표 표기 적용),사카이 만지로;우에다 기사부로,경북관내,시기내,후지이닛신도,민회기(1903~05)
E039,사문진 도적 습격 유언비어 소동,재난·사고,1905,추정,,,35-1,,회고록단독,후지이 조난 직후 도적 내습 헛소문에 대구 전체 동요·정차장 피난 소동·참여자는 거류민 일반(개인 미식별·집합 주체는 식별됨),,대구,시기내,,민회기(1903~05)
E040,대구서부소방조직 창설,설립,1905,본문서술,O059,,35-2,,회고록단독,7~8월경 준비 착수·기부금 2백원·9월 4일 설비 완비(펌프·격납고·경종대)·9월 17일 서문시장 소방연습·발기인에 다카세·마쓰마에·아오미·오이케 각 지점 포함(관리위원 10명),우치다 로쿠로;스즈키 히사지로;사이토 요시조;스다 산페이;마유미 다다시;도쿠라 소로쿠,대구,시기내,,민회기(1903~05)
E041,부식원 설립과 실패,설립,1905~1907,본문서술,O023,,36-2,,회고록단독,1905년 6월쯤 남산정 뒤 신학교 언덕에 설립(약 1만원 투자·원예·과수·서양 채소)·1907년 가을 실패로 야기 경성 도주·요시무라는 사무원,야기 마쓰타로;서상돈;요시무라 가쓰타로,대구,시기내,,민회기(1903~05)
E043,거류민회 평의원 언동 자제 합의,집단운동·대회,1905,추정,O002,,37-2,,회고록단독,통감부 설치 공포 전후 정세 급변에 평의원 일동 회합·언동 자제 결의·개인 미식별(집합 주체 식별)·1905년 말 추정,,대구,시기내,,민회기(1903~05)
E044,대구마쓰하코석유판매조합 결성,설립,1905,본문서술,O014,,38-1,,회고록단독,1905년 10월 말 설립 착수·13개 상점 참여·이와세 저택 수차 회합 끝에 결성·스탠다드 부산 특약점과 상시 2천 개 저장 조건 확보,와타나베 히스루;이와세 시즈카;가와이 아사오,대구,시기내,,민회기(1903~05)
E045,오이케의 성벽도로 청원과 거류민 반대,청원,1905,본문서술,,,38-2,,회고록단독,"성벽 파괴 후 도로부지 2칸 폭 99년 무상대여를 한국정부에 청원·거류민 총반대로 불인가·장 문맥(""다사다난했던 1905년"")상 1905년 12월 이전",오이케 주스케,대구,시기내,,민회기(1903~05)
E046,대구구락부 발회식,설립,1905-07,본문서술,O049,,28-1,,회고록단독,본문 '1905년 7월 하순' 일심관 발회식·약 40명; 저자 부산 요양(~8월 초순)·우에다 부임 9월(27-2) 서술과 시기 긴장 있으나 본문 표기 따름,마키노 슈(주도); 히자쓰키 마스키치(주도); 다도코로 유키에(주도); 스즈키 히사지로(주도); 가와이 아사오(주도); 박중양(참석); 우에다 고쿠초(참석); 이토 쓰네조(재무고문·참석); 이다 아키라(경무고문·참석); 이와세 시즈카(참석); 미와 조테쓰(참석·연설),대구,시기내,,민회기(1903~05)
E047,쇄신회 결성·선언서 배포,설립,1905-08,본문서술,O066;O002,,24-1~24-3,,회고록단독,저자 8월 초순 귀환 직후~보궐선거(8월 하순) 사이; 민회 경비 팽창·인두세 비판; 선언서 천 장 배포·포스터 부착,오키타 스테지로(주도); 가와이 아사오(동조),대구,시기내,,민회기(1903~05)
E048,거류민회 평의원 보궐선거(1905),선거·임명,1905-08,본문서술,O002;O066,,24-3~25-1,,회고록단독,"본문 '8월 22, 23일쯤'; 보궐 4석·쇄신회파 전원 낙선; 유권자 200명 이상",오구라 다케노스케(당선 48표); 도쿠라 소로쿠(당선); 히자쓰키 마스키치(당선); 고다마 이타로(당선 27표); 오키타 스테지로(낙선); 오카모토 우이치(낙선); 가와이 아사오(낙선 25표); 마치다 규고(입후보 거절); 다도코로 유키에(민장),대구,시기내,,민회기(1903~05)
E049,보궐선거 무효표 분쟁과 타협,중재·교섭,1905-08,본문서술,O002;O071,,25-1~26-2,,회고록단독,오기표 처리 불공정 분쟁; 아리요시 아키라 영사 앞 소원 직전 타협; 도쿠라 사퇴로 가와이 차점 당선·민장 사과,가와이 아사오(당사자); 다도코로 유키에(당사자·사과); 오키타 도시타로(소원장 집필); 하타모토 기헤이(중재); 마스다 도라타(중재); 도쿠라 소로쿠(중재·사퇴),대구,시기내,,민회기(1903~05)
E050,대구소학교 설립 결의와 개교,설립,1905-08~1905-10,본문서술,O002;O038;O036,,30-1~30-2;28-1,,회고록단독,1905-08 중순 민회 설립 결의·1905-10-02 북문 밖 민가에서 개교식(학생 38명·단급제); 공학 불가 설득(30-1)과 구락부 토의(28-1)가 발단,히자쓰키 마스키치(설립 종용); 아와타 에이지로(초대 교장 겸 교사),대구,시기내,,민회기(1903~05)
E051,대구우편국 승격,조직개편,1905-10-21,본문서술,O080,,48-2,,회고록단독,출장소 폐지·대구우편국 승격 | 상위사건 후보(미확정): 대구 우편기관 정비 연쇄,,대구,시기내,,민회기(1903~05)
E052,황조 요배전 부지 요배식,의례,1905-11-03,본문서술,O091;O077;O002,,13-3,,회고록단독,부지 선정 푯말 설치와 요배식; 본문 13-3 표기는 '아리마 경찰서장'(대표 표기 아리마 고코),야마다 중위(후임 수비대장·입회); 아리마 고코(경찰서장·입회); 다도코로 유키에(민회장·입회),대구,시기내,,민회기(1903~05)
E055,서부소방 제1회 신년 시무식과 임원 구성,의례,1906-01-04,본문서술,O059,,35-2,,회고록단독,첫 신년 시무식·조장 스즈키 이하 부장·소두·별대 임원 진용 확정(이하 계장 14명)·다나카 준지는 당시 별대 갈고리 담당,스즈키 히사지로;우라하마 야스타로;스에마쓰 긴지로;가시마 쇼키치;시모조 효자부로;하라타 요시조;아베 기노스케;다나카 준지,대구,시기내,,민단 제도화기(1906~07)
E056,신년 인사모임,의례,1906-01-05,본문서술,O002,,42-2,,회고록단독,다도코로 민장·평의회 의장 등 발기로 북문 밖 야마토에서 개최·회비 50전·다도코로 민장=다도코로 유키에(51-3),다도코로 유키에,대구,시기내,,민단 제도화기(1906~07)
E057,『대구신보』 개제(오키타 편집),창간·경영이전,1906-01,본문서술,O030,,70-2,,회고록단독,"『대구실업신문』(창간 1905-02-18, 판정 확정 사항)을 개제. 오키타 2개월 만 사퇴, 후임 부재로 1개월 정도 휴간. 후보 1행('신문 제호 변경·휴간')을 국면별 2건(3-042·3-043)으로 분리.",오키타 스테지로(편집),대구,시기내,,민단 제도화기(1906~07)
E058,일본어속성야학교 주임 교체,선거·임명,1906-02,본문서술,O039;O043,,29-4,,회고록단독,후보 '야학교 주임 교체·포교소 이전'을 두 사건으로 분리 기입(1/2),스토 시즈야(전임 명령으로 이임); 사토 겐쇼(승계),대구,시기내,,민단 제도화기(1906~07)
E059,다도코로 민장의 경성 진정,청원,1906-02,본문서술,O002,,42-2,,회고록단독,"평의원 1명 동행·통감대리 하세가와 방문·대구이사청 설치와 거류민단법 시행 요망·본문 표기 ""하세가와 요시미쓰""는 하세가와 요시미치(대표 표기)",다도코로 유키에;하세가와 요시미치,대구,시기내,,민단 제도화기(1906~07)
E063,대관병식과 의친왕 특파대사 파견,의례,1906-04-30,본문서술,,,47-2,,회고록단독,"도쿄 아오야마 연병장 대관병식 축하 특파대사 파견·부사 이근호(전 경북관찰사)·박중양이 기사 자격 수행·통역 | [J-12 잔류 2026-07-23] 대구·경북 인물(박중양·이근호 전 경북관찰사) 직접 관련으로 레지스트리 잔류, 지역구분 전국배경→전국-대구반응",의친왕;이근호;박중양,전국-대구반응,시기내,,민단 제도화기(1906~07)
E064,대구 개선 축하회,의례,1906-05,본문서술,,,47-1,,회고록단독,"5월 어느 날부터 사흘간 시가 장식·행렬·""핫초하마 에라이얏자"" 소동·참여자는 거류민·병사·순사 일반(개인 미식별·집합 주체 식별)",,대구,시기내,,민단 제도화기(1906~07)
E065,소학교 신축 분규·민회의원 집단사직,집단운동·대회,1906-05~1906-08,추정,O002;O071;O030;O038,,51-3;30-3,,회고록단독,오카모토 부임(1906.8~9) 전부터 분규·민회장 이하 평의원들이 부산 영사에 사표 제출·민회 사무 일시 중단 후 다도코로가 사무 재개·사카모토의 신문 공격으로 소학교 건축 지연 | [1-031 병합] 1906-05 신축 결의(예산 5000원)→대구일일신문 필진 공격으로 기부금 모집 불능→1906-08 의원 집단사직(개인 명단 없음); 민회 사무 일시 중지 후 다도코로가 잔무 처리,다도코로 유키에;사카모토 준;다도코로 유키에(민장·피공격·사표 취합); 이와세 시즈카(피공격),대구,시기내,,민단 제도화기(1906~07)
E066,황조요배전 건설·봉헌식,의례,1906-05~1906-11-03,본문서술,O046;O002,,42-2;53-4;13-3,『대구민단사』 pp.166~167,교차확인,미와 주선·기소 황실림 노송 불하·건축비 1500원 중 이와세 150원 기부·초대 신관 이와사키(쓰시마 출신) | [1-041 병합] 3500원 투자 건설(1906-05)·천장절(1906-11-03) 낙성 봉헌식; 개인 참여자 서술 없음,미와 조테쓰;이와세 시즈카;이와사키 다미야;(개인 미상),대구,시기내,,민단 제도화기(1906~07)
E067,대구구락부 소멸,조직개편,1906,본문서술,O049,,28-1,,회고록단독,본문 '다음 해까지 이어지다가 슬며시 없어졌다'; 거류민 내분 격화로 회원 발길 끊겨 자연 소멸(해산 서술),(개인 미상),대구,시기내,,민단 제도화기(1906~07)
E068,대구해륙물산주식회사로 개칭·영업 확장,조직개편,1906,본문서술,O013,,14-1~14-2,,회고록단독,상호 변경; 대구역 앞 생선 경매시장 신설·미두 위탁매매 개시; 가와이는 1년 미만 재직 후 사토 추천,가와이 아사오(영업주임 초빙); 사토 이사부로(후임 영업주임),대구,시기내,,민단 제도화기(1906~07)
E069,대구소학교 교장 교체,선거·임명,1906,본문서술,O038,,30-2,,회고록단독,본문 '1906년 봄' 아와타 이임·마에다 승계; 히와타시 부임 시기는 불명,아와타 에이지로(이임); 마에다 아쓰시(승계); 히와타시 세이에이(마에다 후임),대구,시기내,,민단 제도화기(1906~07)
E070,민장 반대·평의원 연쇄 사퇴와 보궐선거,선거·임명,1906,추정,O002,,42-2,,회고록단독,이와세·민장 영합에 대한 반감으로 평의원 연쇄 사퇴·매달 1회 보궐선거 진풍경(3~5표 당선)·회차별 정보 없어 연쇄 1건으로 기입·1906년 초 문맥,다도코로 유키에;이와세 시즈카;이나가키 시게미치;오키타 도시타로;니시모토 민조;아카호시 조조;류 고키치,대구,시기내,,민단 제도화기(1906~07)
E071,한국제연합자회사 설립,설립,1906,추정,O016,,42-3,,회고록단독,이때를 전후하여(기업 보조금 교부기) 설립·일본우선계 곤도 외 출자자 규합·1906년경 추정,오구라 다케노스케;곤도 렌페이,대구,시기내,,민단 제도화기(1906~07)
E072,기업전습소 설립,설립,1906,추정,O024,,42-3,,회고록단독,"후보 ""기업전습소·잠업전습소 설립"" 1건을 2건으로 분리 기입·보조금 교부기(그 무렵) 추정",후루쇼 모토사네,대구,시기내,,민단 제도화기(1906~07)
E073,잠업전습소 설립,설립,1906,추정,O025,,42-3,,회고록단독,"분리 기입·서상돈 후원으로 설립·이종국과 공동경영·""일찍이"" 서술로 1906년보다 이를 가능성 있음",시노하라 이마시로;서상돈;이종국,대구,시기내,,민단 제도화기(1906~07)
E074,법전사금채취소 습격·우시오카 피살,재난·사고,1906,추정,,,45-2,,회고록단독,안동군 폭도 오륙십 명 봉기·봉화군 법전사금채취소 습격·우시오카 살해·사무소 방화·저자의 경성행(1906.3 하순) 직후 서술로 1906년 추정,우시오카 라히사,경북관내,시기내,법전사금채취소,민단 제도화기(1906~07)
E075,대구농공은행 설립,설립,1906-06,본문서술,O009,,46-1;46-2,『대구민단사』 pp.126~127,교차확인,농공은행조례에 따라 자본금 30만원으로 설립·은행장 이석진·지배인 쓰치야·일본인 차명 주식 소유(이와세=서정돈 명의·가와이 10주),이석진;쓰치야 히코타로;이와세 시즈카;가와이 아사오,대구,시기내,,민단 제도화기(1906~07)
E076,대구수형조합 설립,설립,1906,추정,O011,,46-2,,회고록단독,"약속수형조례·수형조합조례에 의거 설립·""농공은행과 거의 같은 시기"" 서술로 1906년 추정·참여자 미상·융통어음 정리와 신화폐 유통 촉진 목적",,대구,시기내,,민단 제도화기(1906~07)
E077,소로카쿠 초대연,의례,1906,추정,,E063,47-2,,회고록단독,"대사 일행 도쿄 체류(약 1개월) 중 이토가 오이소 소로카쿠에 초대·박중양이 통역으로 이토의 눈에 듦·1906년 5월경 추정 | [J-12 잔류 2026-07-23] 대구·경북 인물(박중양) 직접 관련 — 이토와의 인연 계기으로 레지스트리 잔류, 지역구분 전국배경→전국-대구반응",이토 히로부미;이근호;박중양;야마가타(원수);가쓰라(대장),전국-대구반응,시기내,,민단 제도화기(1906~07)
E078,소학교 기부금 모집과 신축,집단운동·대회,1906~1907,본문서술,O004;O038,,53-1~53-2,,회고록단독,이와세 850원 솔선 기부·몸소 모집해 약 1만원 확보·동문 밖 부지 신축·1907.3 완공·학생 150명 내외·교장 마에다·실무 모리나가(원유형 모금·건축),이와세 시즈카;가게야마 히데키;오카모토 리헤;모리나가 소이치;마에다 오쓰시,대구,시기내,,민단 제도화기(1906~07)
E079,치도국 대구출장소 개설,설립,1906,본문서술,O083,,52-2,,회고록단독,1906년 말 개설·대구-경주-영일 간 35리 도로공사(치도 모범 제1기)·기사 나카기리·기수 하세가와 착임,나카기리 하루타로;하세가와 야소키치,대구,시기내,,민단 제도화기(1906~07)
E080,대구보통학교 개교,설립,1906,추정,O040,,52-3,,회고록단독,"초등교육 방침에 따른 지방 41개교의 하나로 개교·교장 엄성구·학감 교사 니시야마·기업공채 사업기(""이때에"") 서술로 1906년경 추정",엄성구;니시야마 유스케,대구,시기내,,민단 제도화기(1906~07)
E081,성벽파괴 불인가·박중양 비위조사 칙서(이토 통감 무마),중재·교섭,1906,추정,O074;O072,E098,55-2;57-1,,회고록단독,"착공 후 내부대신 앞 신청서 우송, 8일 만에 불인가 명령과 한국 황제의 비위조사 칙서. 이토 히로부미 개입으로 무마. 시기는 극비 착공(1906년 말 문맥) 직후로 판정. '이토 공'=이토 히로부미(병합맵 경칭 지정).",박중양(관찰사 서리);이토 히로부미(무마 개입),대구,시기내,,민단 제도화기(1906~07)
E082,대구시의소 조직(서상돈 '대구시장' 추대),설립,1906,본문서술,O006,,67-1,,회고록단독,"1906년 말 한국인 유지들이 조직한 사설 자치단체(거류민단에 대응). 교육 보급·걸인 구제·개간 강령, '대구시청' 간판. 1907년 6월까지 존속.",서상돈(대구시장 추대),대구,시기내,,민단 제도화기(1906~07)
E083,대구동인의원 건축·개원·낙성식,설립,1906~1907,본문서술,O047;O048,,67-2,,회고록단독,"1906년 가을 착공(후지나와가 자기 개업소에 문패를 걸고 사무 개시), 1907년 완공·이전 개업. 낙성식에 동아동인회(총재 오쿠마 시게노부)가 사토 스스무 파견.","후지나와 분준(주선·부원장);이케가미 시로(원장, 1907-03-12 착임);사토 스스무(낙성식 파견 군의총감);후쿠타케 쇼조(의원);스즈키 하치로(약제사);모쿠자키 야소하치(서무)",대구,시기내,,민단 제도화기(1906~07)
E084,대구 면화시작장 설치,설립,1906,추정,O089,,65-5,,회고록단독,스기타 데이치 대구 방문(1906 늦여름) 전후 혼다 박사의 실지 시찰 결과 대구에 설치. 설치 시점 명시 없어 1906년 전후로 추정(가미야 도요나리 전언 기반 서술).,혼다 고스케(수원모범장장·실지 시찰),대구,시기내,수원모범장,민단 제도화기(1906~07)
E085,안동·선산 일본인회 설치 논의 불인가,청원,1906~1910,추정,O073,,108-2,,회고록단독,설치 논의를 이사관이 시기상조로 불인가. 시기는 이사청 시대(1906~1910) 서술로 연도 특정 불가(문맥상 1909 전후),안동·선산 일본인;이사관,경북관내,시기내,일본인회(안동·선산),민단 제도화기(1906~07)
E086,대구우편국 역전 신축 이전,조직개편,1906-06-28,본문서술,O080,,48-1,,회고록단독,역 앞(현 경북물산진열장 앞쪽) 신축 청사로 이전 | 상위사건 후보(미확정): 대구 우편기관 정비 연쇄,,대구,시기내,,민단 제도화기(1906~07)
E087,대구 시내전화 개통,설립,1906-07-01,본문서술,O080,,48-3,,회고록단독,"신청 백 건 미만(관공서 포함)·가와이 115번 가입·400호 규모로는 이례적·유형은 ""개통""을 설립(기관·설비 개설)로 처리",가와이 아사오,대구,시기내,,민단 제도화기(1906~07)
E088,박중양 대구군수 겸 관찰사 서리 임명,선거·임명,1906-07,본문서술,O074,,47-3;49-1,,회고록단독,"이토 추천으로 대구군수 등용·관찰사 결원에 전임 미임명 양해 하에 관찰사 서리 겸임·49-1 ""1906년 7월 임관""으로 확정",박중양;이토 히로부미,대구,시기내,,민단 제도화기(1906~07)
E089,대구이사청 설치 공포와 개청식,설립,1906-08~1906-09,본문서술,O073;O072,,51-1~51-2,『대구민단사』 p.24,교차확인,1906.8 통감부령 공포·부이사관 오카모토와 속관 3명 임명·9.15 선화당에서 개청식(내빈 300여 명·소학교 학생 참가)·축사 박중양·가게야마·다도코로·답사 오카모토,오카모토 리헤;다카시마 고하치;오다 센;다키하라 기타로;박중양;가게야마 히데키;다도코로 유키에,대구,시기내,,민단 제도화기(1906~07)
E090,거류민단법 실시 전보 공표,의례,1906-09-15,본문서술,O072;O003,E089,51-2,『대구민단사』 p.28,교차확인,"개청식 연회 중 통감부발 ""1906.11.1 대구에 거류민단법 실시"" 전보 도착·오카모토가 내빈에게 공표",오카모토 리헤,대구,시기내,,민단 제도화기(1906~07)
E091,대구실업신보 개제와 경영권 이전,창간·경영이전,1906-09-15,본문서술,O030,,51-3,,회고록단독,제209호부터 『대구일일신문』으로 개제·마키노는 사카모토에게 경영 일임 후 퇴진,마키노 슈;사카모토 준,대구,시기내,,민단 제도화기(1906~07)
E092,민단 설립위원 임명,선거·임명,1906-09-20,본문서술,O004,,53-1,,회고록단독,"부이사관이 설립위원장 가게야마·회계위원 도쿠라와 설립위원 12명 임명(위원 명단은 기록 없음)·""이후 20일""=9월 20일",오카모토 리헤;가게야마 히데키;도쿠라 소로쿠,대구,시기내,,민단 제도화기(1906~07)
E093,민단법 실시와 대리민장 임명,선거·임명,1906-11-01,본문서술,O003,,53-3,『대구민단사』 p.28,교차확인,민단법 예정대로 실시·당일 이사관 직권으로 대리민장 가게야마·대리조역 겸 회계 도쿠라 임명,가게야마 히데키;도쿠라 소로쿠;오카모토 리헤,대구,시기내,,민단 제도화기(1906~07)
E094,대구 성벽 파괴 감행과 정부 불인가,집단운동·대회,1906-11,본문서술,O074,,47-3;51-2;54-4;55-1~55-2;3-1,,회고록단독,그해(1906) 11월 하순 박중양 독단으로 부산 고용 인부 60여 명 동원·하룻밤 새 극비 파괴 결행·정부는 불인가 명령·오카모토 부이사관 조력(51-2)·명의상 작업자는 이토 모토타로(원유형 철거 강행) | [1-039 병합] 직을 걸고 철거 감행·성벽 자리 도로화; 행정 단행 성격(통제 유형 내 근사 분류); 상세 국면은 55장 전후(2구간) 서술 예정,박중양;이와세 시즈카;나카에 고로헤;이토 모토타로;사이토 요시조;오카모토 리헤;박중양(대구 군수 겸 관찰사 서리·단행),대구,시기내,,민단 제도화기(1906~07)
E095,대구도로위원회 설치·제1회 위원회(성벽파괴 청부 결의),회의·결의,1906-11-15~1906-11-18,본문서술,O005;O003,E098,55-3,,회고록단독,"11월 15일 무렵 위원회 규정 제정·위원 12명 위촉, 11월 18일 제1회 회의. 연도(1906)는 12월 민회의원 선거 직전 문맥으로 확정(후보의 '불명' 수정). 안건 3건 중 역전 도로폭 6칸 결정, 성벽파괴 청부안은 남문위원 3인 퇴장 명령 후 결의. | [2-064 병합] 11.15 무렵 대리민장이 규정 제정·4개 문별 위원 12명 위촉·11.18 제1회 위원회(도로 개통·역전 도로폭 6칸 결정·성벽 파괴 청부 건은 남문위원 3명 퇴장 명령 후 결의) | [J-13/R-09 재분류 2026-07-23] 유형 '회의·결의'(구: 중재·교섭)",가게야마 히데키(대리민장);가와이 아사오(남문위원);세노 히사타로(남문위원);마스다 도라타(남문위원);이와세 시즈카;나카에 고로헤이;도쿠라 소로쿠;오구라 다케노스케;요시다 주이치로;오쿠보 다사부로;마치다 규고;요시다 사시치;가미모리 겐자부로;이토 모토타로(청부 명의인);가게야마 히데키;나카에 고로헤;마스다 도라타;가와이 아사오;세노 히사타로,대구,시기내,,민단 제도화기(1906~07)
E096,이토 모토타로 청부 이관 거부·남문위원 항의 방문,중재·교섭,1906-11,추정,O005;O003,E098,56-2~56-3,,회고록단독,"11.18 결의 직후. 이토가 결의일에 부산행, 특사 설득으로 귀환 후에도 파괴작업 이관을 완강히 거부해 결의 유린. 남문위원 3인이 동본정 가게야마 자택 방문·추궁.",이토 모토타로;가게야마 히데키;가와이 아사오;마스다 도라타;세노 히사타로,대구,시기내,,민단 제도화기(1906~07)
E097,『대구일일신문』 개제,창간·경영이전,1906-11,본문서술,O030,,70-2,,회고록단독,"마키노가 경영을 맡으며 재개제. 경영자 사카모토 준은 4개월 만인 1907-02 북문 밖 대화재 관련 퇴한처분으로 대구를 떠나 신문 재중단(개인 처분은 별건 등재 제외, 본 비고에 기록).",마키노 슈(사주);사카모토 준(경영자),대구,시기내,,민단 제도화기(1906~07)
E098,대구 성벽 파괴와 시가도로 개통,조직개편,1906-11~1909,본문서술,,,50-2~50-3;55-1~57-2,,회고록단독,상위 사건: 파괴 감행·불인가·재교섭·공사·십자로 개통의 연쇄를 묶는 캠페인 레코드,,대구,시기내,,민단 제도화기(1906~07)
E099,대구일본인상업회의소 설립 인가·창립위원 임명,설립,1906-12-07,본문서술,O007;O073,,57-3,『대구민단사』 pp.186~187,교차확인,"설립 인가와 동시에 창립위원 13명 임명, 위원 호선으로 쓰치야를 위원장 추대.",오카모토 리헤이(부이사관·임명);쓰치야 히코타로(창립위원장);오키타 스테지로(창립위원·임시 사무주임);고미야 히코지(임시 사무원);이와세 시즈카;나카자와 덴노스케;이노 히데스케;나카에 고로헤이;이즈미 스에지;와타나베 히스루;가미모리 겐자부로;마스다 도라타;가미야 도요나리;야스마쓰 구마키치;스기하라 신키치,대구,시기내,,민단 제도화기(1906~07)
E100,대구일보 창간과 발행 중지,창간·경영이전,1906-12,본문서술,O035,,27-1,,회고록단독,본문 '1906년 12월경' 16면 일간지 제1호 발행; 제2호 '반신불수의 일한협약' 사설(반이토)로 즉시 발행 중지·재기 못함,샤쿠오 슌조(기획); 시노하라 가나메(회계); 이나모토 신신(경영·자금),대구,시기내,,민단 제도화기(1906~07)
E101,유곽지 인가 저지·견제 운동(연말 인가 지령),청원,1906-12,본문서술,O003;O073,E237,60-4,,회고록단독,"반대파의 부이사관 상대 인가 저지·견제 운동은 무위, 그해(1906) 종무식 날 인가 지령. 56-1의 '1906년 말 유곽지 지정' 서술과 동일 국면(중복 후보 '유곽지 지정'은 본 건 등으로 통합·제외).",가와이 아사오(반대파);오카모토 리헤이(부이사관·대상),대구,시기내,,민단 제도화기(1906~07)
E102,일본적십자사 한국특별위원부지부(대구) 창립·임원 구성,설립,1906-12~1907-02,본문서술,,,72-3,,회고록단독,1906-12 창립(회원 30명·사무소 이사청 내)·1907-01 위원장·부위원장 위촉·1907-02 협찬위원 20명 구성,나카오지 마사오;오카모토 리헤;가게야마 히데키;협찬위원 20명,대구,시기내,일본적십자사 한국특별위원부지부(대구),민단 제도화기(1906~07)
E103,민회의원 잇단 사임,조직개편,1906-12~1907-12,본문서술,O003,,82-4,,회고록단독,초선 12명 중 10명 임기 중 사임(완주는 사카이 만지로·마스다 도라타뿐)·보선 거듭·니시모토는 당선 불수락 | [J-16 연동] 근거절 재부여(82-4→82-3) | [J-25] 목차 엑셀 정본에 따른 82장 4절 복원에 따른 근거절 재부여,니시모토 민조;나카자와 덴노스케;이와세 시즈카;가와이 아사오;미카지리 다케사부로;나카에 고로헤;스다 산페이;시모다 고키치;기도 다다지로;스기하라 신키치,대구,시기내,,민단 제도화기(1906~07)
E104,제1회 민회의원 선거,선거·임명,1906-12-21,본문서술,O003,,57-2;58-1~59-1,,회고록단독,"정수 12·반수연기명투표. 11월 하순 이와세파 공인후보 12명 발표, 12월 15일경 반대후보 6명 출마, 18~20일 호별 방문전. 공인후보 중 이노우에만 낙선, 반대파는 가와이만 당선. 니시모토는 당선 불수락. 본문 '후지이 만지로'=사카이 만지로(개명, 병합맵). 후보 근거절의 57-3은 회의소 건으로 분리(3-009).",가게야마 히데키(대리민장);이와세 시즈카(당선);사카이 만지로(당선);스다 산페이(당선);나카에 고로헤이(당선);시모다 고키치(당선);기도 다다지로(당선);마스다 도라타(당선);나카자와 덴노스케(당선);니시모토 민조(당선·불수락);미카지리 다케사부로(당선);스기하라 신키치(당선);가와이 아사오(당선);이노우에 다쓰지로(낙선);와타나베 히스루(낙선);아오키 시게노부(낙선),대구,시기내,,민단 제도화기(1906~07)
E105,거류민단 민회 제1회 회의(의장·민장·조역 선출),선거·임명,1906-12-24,본문서술,O003,,59-2~59-3,,회고록단독,"의원 11명 출석, 방청 20여 명. 유곽지 설정 안건은 가와이 극력 반대로 즉결 무산, 사흘 연기·후보지 실지 답사 결정(가와이·마스다는 선정위원 거절).",나카에 고로헤이(의장 당선);가게야마 히데키(민장 당선);도쿠라 소로쿠(조역 겸 회계역 당선);가와이 아사오;마스다 도라타;기도 다다지로;시모다 고키치,대구,시기내,,민단 제도화기(1906~07)
E106,민회 재개·유곽지 결의와 3인 동반 사퇴,회의·결의,1906-12-27,본문서술,O003,E237,60-3,,회고록단독,3개 후보지 답사 후 제1후보지(의안 예정지)로 결정. 나카자와의 별실 무마·3인 협의 끝에 이해관계 논란 속 결의 전 3인 사표 제출. 민단 약 7천 평 유곽지 매수(재원 충당) 결정 | [J-13/R-09 재분류 2026-07-23] 유형 '회의·결의'(구: 중재·교섭),가와이 아사오(사퇴);이와세 시즈카(사퇴);나카자와 덴노스케(중재·사퇴);마스다 도라타,대구,시기내,,민단 제도화기(1906~07)
E107,야마토 신년 연회,의례,1907-01-05,본문서술,,,61-3,,회고록단독,"북문 밖 요정 야마토, 참석 5, 60명. 연도는 61~62장의 1907년 문맥으로 확정. 와타나베 우조 휘호·샤쿠오 비평 응수 일화 수록. 본문 '샤쿠오(釋尾)'=샤쿠오 슌조(인물명단 대표 표기).",이와세 시즈카;와타나베 우조(서예가);샤쿠오 슌조,대구,시기내,,민단 제도화기(1906~07)
E108,다나카 여관 2차 술자리 충돌(나카자와 중재),중재·교섭,1907-01-05,본문서술,,,62-1;62-3,,회고록단독,"신년 연회 당일 밤 신축 중 다나카 여관에서 신발 사건으로 이와세-가와이 정면충돌·폭행, 나카자와 중재로 수습. 유곽지 문제의 앙금이 배경. 코딩북 2.1 경계 사례(유력자 중재가 개입한 분쟁)로 등재.",가와이 아사오(당사자);이와세 시즈카(당사자);나카자와 덴노스케(중재);나카에 고로헤이;도쿠라 소로쿠;사이토(성만 표기),대구,시기내,,민단 제도화기(1906~07)
E109,석유창고 낙성식,의례,1907-01,본문서술,O014,,38-1,,회고록단독,"대구 최초 벽돌건물(현 전매국 뒤) 낙성식 성황·""박 대구군수""=박중양·부산 측 인사 내참",오카모토 리헤;박중양;우치야마 요네타로;요시카와 가메키치;이나타 나카지,대구,시기내,,민단 제도화기(1906~07)
E110,역전 우편국 신축·순사 파출소 설치,설립,1907-01,본문서술,O080,,72-1,,회고록단독,파출소 설치 1907-01 말·우편국 신축 시점은 그 이전(명시 없음),,대구,시기내,순사 파출소(역전),민단 제도화기(1906~07)
E111,민회의원 제1회 보궐선거,선거·임명,1907-01-20,본문서술,O003,,63-1~63-2,,회고록단독,"사퇴 4명 보궐. 양파 협조로 후보 4인 추천, 결과 정원 12명 최초 충원(추천 4인 전원 당선으로 읽히나 개별 명시는 와타나베뿐). 후보표의 '마스다·와타나베가 의석'은 저자 동지 2인의 의석 확보 서술로 판독(마스다는 기존 의원) — 수정 기록.",야스마쓰 구마키치(후보);사이토 요시조(후보);와타나베 히스루(후보·당선);오구라 다케노스케(후보);니시모토 민조(사퇴자);가와이 아사오(사퇴자);이와세 시즈카(사퇴자);나카자와 덴노스케(사퇴자),대구,시기내,,민단 제도화기(1906~07)
E112,상업회의소 제1회 의원선거·임원 선출,선거·임명,1907-01-22,본문서술,O007,,64-1,『대구민단사』 pp.186~187,교차확인,민회의원 선거 못지않은 격심한 경쟁. 반대파 와타나베·가와이도 당선. 특별의원은 평의원 호선 규정.,쓰치야 히코타로(선거위원장·특별의원);이즈미 스에지(선거위원·특별의원);오구라 다케노스케(선거위원);이와세 시즈카(당선·회장);아오키 시게노부(당선·부회장);나카자와 덴노스케(당선·상치위원);오노 미네지로(당선·상치위원);와카바야시 세이스케(당선·상치위원);가와이 아사오(당선·상치위원);와타나베 히스루(당선);나카에 고로헤이(당선);야스마쓰 구마키치(당선);다무라 도미조(당선);기무라 다케타로(당선);이노우에 다쓰지로(당선),대구,시기내,,민단 제도화기(1906~07)
E113,이와세파 당선축하회,의례,1907-01-22,본문서술,,,64-1,,회고록단독,선거 당일 밤 야마토에서 개최. 익명 연설자의 '가와이가 당선된 것은 천추의 한' 발언.,이와세 시즈카,대구,시기내,,민단 제도화기(1906~07)
E114,마쓰시타 법무보좌관 착임,선거·임명,1907-01-26,본문서술,,,63-3;64-5,,회고록단독,"전 후쿠오카 시장, 한국 법제개혁 담당 법무보좌관으로 대구 부임. 후일 2대 대구지방재판소장. 64-5에 신설 관서 책임자 3인의 잇단 착임 서술.",마쓰시타 나오미,대구,시기내,,민단 제도화기(1906~07)
E115,민회 성벽 터 도로개수비 차관·묘지규칙 결의,회의·결의,1907-01-28,본문서술,O003;O012,,64-2,,회고록단독,민회 결의. 성벽 터 도로 정리개수비 5천 원을 제일은행 차관으로 결의. 거류민단 묘지규칙 결정 — 화장장·묘지는 덕산정 대휴사 아래 벽돌공장 부근 설치. 56-3의 '채권 발행 5천원' 서술과 재원 방식 상이(병기) | [J-13/R-09 재분류 2026-07-23] 유형 '회의·결의'(구: 중재·교섭),,대구,시기내,,민단 제도화기(1906~07)
E116,대구측후소 설치,설립,1907-02-01,본문서술,O085,,72-1,,회고록단독,칙령 제7호 농상공부 측후소 관제(인천·경성·평양·대구 4개소)·초대 소장 하치야 겐 1908-04까지 근무,하치야 겐,대구,시기내,,민단 제도화기(1906~07)
E117,민단성립 축하회 겸 신임 관리 3인 환영회,의례,1907-02-10,본문서술,O003,,64-5,,회고록단독,선전조칙 발포 제3주년 당일 개최. 다음 해(1908)부터 민단 성립일 11월 1일을 '민단 데이'로 제정. 가와카미 한자 川崎(64-5)/川上(66-1) 혼기 — 대표 표기 가와카미 쓰네오.,마쓰시타 나오미;가와카미 쓰네오;나카오지 마사오,대구,시기내,,민단 제도화기(1906~07)
E118,유곽지 대지조례 제정 고시,회의·결의,1907-02,본문서술,O003,E237,60-4,,회고록단독,민단의 대지(貸地) 조례 제정·고시(규정 제정 — 유형 근사 분류). 차지 희망자가 없어 실효 없음 | [J-13/R-09 재분류 2026-07-23] 유형 '회의·결의'(구: 조직개편),,대구,시기내,,민단 제도화기(1906~07)
E119,후쿠오카 현인회 조직·제1회 현인회(마쓰시타 환영회),설립,1907-02,본문서술,O050,,63-3,,회고록단독,"마쓰시타 착임 후 조직, 회원 약 80명. 환영회를 겸한 제1회 개최(의례 겸).",마스다 도라타(주선);마쓰시타 나오미(환영 대상),대구,시기내,,민단 제도화기(1906~07)
E120,북문 밖 대화재,재난·사고,1907-02,본문서술,,,65-1~65-2,,회고록단독,"음력 정월 2일(본문 '2월 10일 전후') 오전 10시경 다무라 오복점 실화(하인 취사 불 부주의). 다나카 여관·다다야 여관 등 전소·반소 60여 채, 오후 2시 지나 진화. 수동 펌프뿐인 소방설비로 대응 불능(1904년 이래 대화재). 5구간의 1908년 북문 밖 화재(민단사무소 소실, 판정 확정 사항)와는 별건.",,대구,시기내,대구농산시장(소실),민단 제도화기(1906~07)
E121,동서 소방조 합병(대구소방조 성립),조직개편,1907-03,본문서술,O060;O003;O061;O059,,35-2,,회고록단독,서부소방의 민단 기부 신청 수리로 동서 합병·대구소방조의 시초,,대구,시기내,,민단 제도화기(1906~07)
E122,달성공원 기성회 조직,설립,1907-03,본문서술,O062;O007,,68-1~68-2,,회고록단독,"상업회의소 설립 직후 조직, 사무소는 회의소 내 병치. 한·일인 불문 회원조직(회비 1원·복권 증정). 부회장 서병오·간사 이석진 등 조선인 임원 참여.",이와세 시즈카(회장);서병오(부회장);나카에 고로헤이(간사);오구라 다케노스케(간사);쓰치야 히코타로(간사);니시모토 민조(간사);이석진(간사);이노우에 소노스케(사무장);고미야 히코지(서기),대구,시기내,,민단 제도화기(1906~07)
E123,이충구 경북관찰사 부임,선거·임명,1907-03,본문서술,O074,,71-2,,회고록단독,박중양은 관찰사 서리 겸직 해제 후 대구군수 전임,이충구;박중양,대구,시기내,,민단 제도화기(1906~07)
E124,니시키좌 개업·권상장 설치,설립,1907-03~1907-04,본문서술,O110;O109,,72-1;64-4;68-1,,회고록단독,"니시키좌 3월 개장·권상장은 그 직후 설치(부근민 무진계 공동 출자·R-08 등재 확정)·위층은 요세 | [3-029 병합] 대구 최초의 극장, 금정 마쓰마에 석조창고 자리. 1919년까지 12년간 대구 유일의 민중 오락장. 개인 경영이나 공공 오락장 기능으로 등재(판정례 R-08). | 니시키좌 영업 개시 1907-04, 권상장 1907-03경",니시야마 쓰루키치;부근민(무진계);나카무라 기이치(경영),대구,시기내,무진계,민단 제도화기(1906~07)
E125,대구소학교 신축 완공·이전,설립,1907-03,본문서술,O003;O038,,72-2;30-3,,회고록단독,3월 2일 신교사 이전·교실 5개·교원 5명·학생 145명(신축 이전이나 유형은 '설립'으로 분류) | [1-032 병합] 1907-03 완공(건축비 9천3백원)·1907-12 문부성 해외지정학교 인정; 낙성·인정 성격(통제 유형 내 근사 분류) | 문부성 해외지정(1907-12)은 별도 사건으로 분리,마에다 아쓰시;히와타시 세이에이;니시야마 쓰네;시타가와 하루;모리야 다쓰조;(개인 미상),대구,시기내,대구소학교(대구심상고등소학교);문부성,민단 제도화기(1906~07)
E126,애국부인회 대구지부 창립,설립,1907-03,추정,,,72-3,,회고록단독,본문은 적십자사와 동시(1906-12) 창립 서술이나 확정 판정(1907-03) 적용·원 후보 1건을 2건으로 분리,,대구,시기내,애국부인회 지부(대구),민단 제도화기(1906~07)
E127,달성공원 기성회 제1회 복권 추첨회,집단운동·대회,1907-04-12,본문서술,O062,,68-3,,회고록단독,"달성공원에서 개최, 한·일인 관중 약 5,000명. 복권 4천 장(회비 1원)으로 4,000원 모금(경품 지급 후 1,800원 이상 잔액). 여흥으로 소년 경주·격검 시합, 추첨은 오후 5시경. | 상위사건 후보(미확정): 달성공원 조성(기성회)",오옥경(1등 당첨);김백여(2등);야마시타 사카에(2등);다카마쓰 요시에(3등);손문옥(3등);스에자와 요이치(3등);박성초(3등);우에다 리키마쓰(3등),대구,시기내,,민단 제도화기(1906~07)
E128,이충구 관찰사 취임 피로연,의례,1907-04-12,본문서술,O074;O073,,73-1,,회고록단독,요리점 '야마토' 개최·한국 지방관 취임 인사의 새 형식,이충구;나카오지 마사오;한일 관민 80명,대구,시기내,,민단 제도화기(1906~07)
E129,오카무라 역장 초량 전임,선거·임명,1907-04-13,본문서술,O082,,73-2,,회고록단독,대구역장 2년여 근무 후 초량 운수사무소 발령(4월 13일 부임),오카무라 마사오,대구,시기내,초량 운수사무소,민단 제도화기(1906~07)
E130,대구일일신문사 사옥 퇴거·이전 분쟁,중재·교섭,1907-04~1907-05,본문서술,O030,,70-2,,회고록단독,"사옥(오구라 저택 부지 내 관유건물)의 토지·건물을 오구라가 매입하여 신문사 퇴거. 마키노-오구라·이와세 불화의 발단, 이후 지면의 이와세 공격 일관.",마키노 슈(당사자);오구라 다케노스케(당사자),대구,시기내,,민단 제도화기(1906~07)
E131,대구유치원 개원,설립,1907-04,본문서술,O042;O054,,72-2;79-3,『대구민단사』 p.110,교차확인,대구부인회 계획으로 설립·소학교 교실 차용 출발·후일 경비난으로 한때 폐쇄,나카무라 헤이시로 부인(보모),대구,시기내,,민단 제도화기(1906~07)
E132,제51연대 군기제,의례,1907-04-15,본문서술,O094,,73-6,,회고록단독,군기 배수 3주년 기념 축전·여흥 연극 공연,,대구,시기내,,민단 제도화기(1906~07)
E133,이다 경시 전임·나가타니 경시 부임,선거·임명,1907-05,본문서술,O078,,73-7,,회고록단독,이다는 수원 전임·나가타니 5월 중순 부임,이다 아키라;나가타니 다카시,대구,시기내,,민단 제도화기(1906~07)
E135,정토종 포교소 이전·교사 신축,조직개편,1907,본문서술,O043;O039,,29-4,,회고록단독,팔운정 현 위치로 이전·30여 평 교사 신축; 야학은 한일병합 시까지 운영; 후보 분리 기입(2/2),사토 겐쇼(경영),대구,시기내,,민단 제도화기(1906~07)
E136,달성공원 기성회 결성·식목,설립,1907,본문서술,O062,,13-3,,회고록단독,1만여 원으로 단풍·벚·소나무 등 약 6만 그루 식목; 3인은 공원 보존·미화 공로자로 언급(결성 경위 상세는 68장·3구간),미와 조테쓰(공로자); 이와세 시즈카(공로자); 야스마쓰 구마키치(공로자),대구,시기내,,민단 제도화기(1906~07)
E137,석빙고 파괴와 기념비 이전,중재·교섭,1907,본문서술,O085,E098,50-2,,회고록단독,1907년 성벽 파괴와 함께 석빙고(덕산정) 철거·후쿠나가의 보존 건의 불수용·와다 박사와 상의해 영세불망비를 측후소로 이전(원유형 철거·보존 교섭),후쿠나가 도쿠지로;와다 유지,대구,시기내,인천 관측소,민단 제도화기(1906~07)
E138,대구농회 조직,설립,1907,추정,O019,,53-3,,회고록단독,"소학교 신축(1907.3) 후 ""얼마 되지 않아"" 조직으로 1907년 추정·회장 나카하라·평의원 5명·""야기 마쓰다로""=야기 마쓰타로(36-2)",나카하라 후사이치;스다 산페이;야마다 시게루;요시다 주이치로;나가에 후쿠조;야기 마쓰타로,대구,시기내,,민단 제도화기(1906~07)
E139,성벽 철거 공사 속행·민단 도로공사 착수,회의·결의,1907,본문서술,O003;O073,E098,56-3,,회고록단독,"공공사업 시행. 부역 징발로 공사 촉진했으나 1907년에도 도로 미개통. 민단이 5천 원으로 도로공사 착수, 성벽 흙으로 유곽예정지 매립. 재원은 56-3 '채권 발행', 64-2 '제일은행 차관'으로 서술 상이(3-026의 1.28 민회 결의 참조). 3문·장대·망경루 철거 병행 | [J-13/R-09 재분류 2026-07-23] 유형 '회의·결의'(구: 설립)",이토 모토타로;오카모토 리헤이(부이사관),대구,시기내,,민단 제도화기(1906~07)
E140,성벽파괴 재교섭·인가 지령,중재·교섭,1907,본문서술,O072;O074;O073,E098,64-2,,회고록단독,"전년도(1906) 말 불인가된 사업을 통감부가 한국 정부와 직접 교섭, 정부 굴복으로 인가 지령. 1907년 초(1.28 민회 서술 직전 문맥). 인가 후 박중양·오카모토 협력으로 파괴공사 착착 진행.",박중양;오카모토 리헤이(부이사관),대구,시기내,,민단 제도화기(1906~07)
E141,민단 철도용지 전대안 철도국 승인,중재·교섭,1907,추정,O003,,63-2,,회고록단독,"보궐선거 서술 직후 문맥. 철도용지 차입·전대안을 철도국이 승인, 연간 약 2천 원 재원 확보. 가게야마 민장의 공로로 서술.",가게야마 히데키(민장),대구,시기내,철도국,민단 제도화기(1906~07)
E142,행정관 사법권 철폐·재판소 설치 이전,조직개편,1907~1908,추정,O074,,63-3,,회고록단독,"마쓰시타 착임(1907-01) 이후 행정관 겸무 사법권 철폐, 법무관 지휘하 한국 재판소 판사가 재판. 지방재판소·공소원 설치·선화당 서쪽 이전은 1908년 재판소 개청(93장, 4구간)으로 이어지는 경과 개관 서술이라 구간 기입.",마쓰시타 나오미,대구,시기내,대구지방재판소·공소원,민단 제도화기(1906~07)
E143,상업회의소 서기장 선임(이노우에 채용),선거·임명,1907,추정,O007,,64-2,,회고록단독,"회의소 성립 직후 문맥. 오키타의 서기장 운동 좌절이 이와세-오키타 반목의 발단. 이노우에는 부산회의소 서기에서 이직(구노에게 경원시된 좌천으로 서술), 후일 회의소·이와세에 큰 손실.",이노우에 소노스케(채용);오키타 스테지로(서기장 운동 실패);구노 주키치(부산회의소 서기장),대구,시기내,부산상업회의소,민단 제도화기(1906~07)
E144,남한연초주식회사 설립,설립,1907-06,본문서술,O017,,66-2,,회고록단독,"자본금 3만 원, 궐련 제조 개시. 제1회 결산 1,372원 17전 6리 손실, 결손 지속으로 해산(해산 시기 명시 없음 — 마에노소노 1909·오이시 1910 개업 이후). 본문 '후쿠치 요시사쿠'=후쿠치 기사쿠(병합맵).",이와세 시즈카(사장이사);후쿠치 기사쿠(상무이사);나카하라 후사이치(이사);시부사와 슈조(이사);미와 야키치(이사);야마다 야헤이지(감사);스다 산페이(감사);모리모토 마사타로(지배인),대구,시기내,,민단 제도화기(1906~07)
E145,국채보상회 결성·단연 모금 운동,집단운동·대회,1907,추정,O029;O006,,67-1,,회고록단독,"시의소 주도로 결성. 기업공채 500만 원 상환 취지의 단연·1인 월 20전 갹출 운동, 약 7만 원 모금 후 양 모의 유용으로 좌초. 담뱃대를 부러뜨리는 진풍경 서술. 시기는 공채 발행 이듬해·시의소 존속기 문맥상 1907. '날조' 등 폄하는 저자 논평으로 분리.",양 모(모금 유용),대구,시기내,,민단 제도화기(1906~07)
E146,공원 묘목 매수 교섭·식수,중재·교섭,1907,추정,O062,,69-1,,회고록단독,"1907년 이른 봄(기성회 초창기 문맥). 고베의 농사회사가 보낸 수취인 없는 묘목 6만 그루를 회사 대표와 교섭해 300~400원에 기성회가 매수·식수, 미와 파견 추가 매입 등 2,000여 원. 회사명은 저자 기억 불확실('가마쿠라 미요키' — 제외메모 반영). | 상위사건 후보(미확정): 달성공원 조성(기성회)",이와세 시즈카(교섭);미와 조테쓰(파견·식수 주도),대구,시기내,,민단 제도화기(1906~07)
E147,미와 조테쓰 부정 혐의 조사(무혐의),중재·교섭,1907,추정,O062,,69-3,,회고록단독,"기성회 초창기. 화훼(시모노세키 와라쿠엔) 구입 부정 혐의로 기성회가 조사위원 선출. 조사 결과 무혐의 — 자가용 묘목 80여 원 자비 구입의 오인으로 판명, 누명 해소. | 상위사건 후보(미확정): 달성공원 조성(기성회)",가와이 아사오(조사위원);미와 조테쓰(대상),대구,시기내,,민단 제도화기(1906~07)
E148,대구농공은행 지배인 경질(쓰치야→이시이),선거·임명,1907-06,본문서술,O009,,70-1,,회고록단독,'그해 6월'=1907(전후 서술로 확정). 경질을 계기로 기성회 부정 사건(3-041)이 불거짐.,쓰치야 히코타로(경질·의주 전임);이시이 미쓰오(후임 부임),대구,시기내,,민단 제도화기(1906~07)
E149,이노우에 서기장 부정 사건·기성회 해산 명령,조직개편,1907,본문서술,O062;O009;O073,,70-1,,회고록단독,"농공은행 처분 담보물 중 썩은 매약 전매, 개인 대차의 기성회 명의 차주 등 부정 발각. 변상 후에도 풍문이 시끄러워 우지노 이사관(1907-07 부임)이 부임 직후 해산 명령. 복권 발행은 5회로 종료. | 상위사건 후보(미확정): 달성공원 조성(기성회)",이노우에 소노스케(부정 당사자);우지노 도쿠타로(이사관·해산 명령),대구,시기내,,민단 제도화기(1906~07)
E150,"'이와세 민장, 가게야마 조역' 사설 연재 공격",집단운동·대회,1907,추정,O030;O003,,70-3,,회고록단독,언론 공격 캠페인(유형 근사 분류). 3회 연재 사설로 이와세 중심의 민단 정사 맹공. 경영 위임(1907-08-21) 이후 문맥. 탁지부 묘포 2만여 평 매수(이와세·서상돈)의 공익-사익 논란이 소재.,오키타 스테지로(집필);이와세 시즈카(대상);가게야마 히데키(대상),대구,시기내,,민단 제도화기(1906~07)
E151,박중양 평남 관찰사 전출·경북 관찰사 귀임,선거·임명,1907-06~1908-06,본문서술,O074;O075,,71-3,,회고록단독,1907-06 평안남도 관찰사 임명·1908-06 경북 관찰사 전임(금의환향),박중양,대구,시기내,,민단 제도화기(1906~07)
E152,국기모독사건 규탄 연설회(대구),집단운동·대회,1907,본문서술,O110,,72-2,,회고록단독,경성 국기모독사건에 경성·평양·대구 3곳 연설회('그해 말' 서술)·대구는 권상장 요세에서 개최,야마지 조이치;이마이 다다오,전국-대구반응,시기내,『대한일보』;『조선신보』,민단 제도화기(1906~07)
E153,대구임업묘포 사업 착수,설립,1907,추정,O088,,73-2,,회고록단독,용지 매수 완료 후 사업 착수·연도 명시 없음(장 문맥상 1907),모리타 로쿠오;이토 구마사부로,대구,시기내,,민단 제도화기(1906~07)
E154,민단의 역전 철도용지 차용·전대 사업,중재·교섭,1907,추정,O003,,73-3,,회고록단독,6800평 차용·전대로 재원 약 2000원 확보·역전에 20여 호 형성·연도 명시 없음(장 문맥상 1907),,대구,시기내,,민단 제도화기(1906~07)
E155,경무고문부 경관대 조직·폭도 토벌,설립,1907,본문서술,O078,,73-5,,회고록단독,1907년 3·4월 무렵부터 각지 폭도 봉기에 대응해 경관대 조직·이다 경시 직접 토벌(활동은 경북 관내),이다 아키라,대구,시기내,,민단 제도화기(1906~07)
E156,대구-경주 도로용지 기부 강요 반대 물의,집단운동·대회,1907,본문서술,,,73-7,,회고록단독,1907년 4·5월 무렵 부지 매수 개시·일본인 소유지 기부 권유에 반대 물의·니시모토 토지 약 7단보 수용(도로는 경북 관내 구간),니시모토 민조;일본인 지주들,대구,시기내,치도국(탁지부),민단 제도화기(1906~07)
E158,민단 구제(區制) 실시,조직개편,1907,본문서술,O003,,79-1,,회고록단독,'1907년 무렵' 13구 설치·구장은 공중위생 실시 기관 역할,기무라 다케타로 외 13구 대표,대구,시기내,,민단 제도화기(1906~07)
E159,민단 오물수거 청부 위탁,중재·교섭,1907,추정,O003,,79-2,,회고록단독,개시 연도 명시 없음(문맥상 1907년경)·1911년까지 마쓰다 단독 경영·가구당 월 20전~1원 수납,마쓰다 만로쿠,대구,시기내,,민단 제도화기(1906~07)
E160,재무감독국 설치·가와카미 국장 취임,설립,1907,본문서술,O079,,79-4,,회고록단독,1907-01 재무보좌관 대리(재무감찰관) 부임 후 '얼마 지나지 않아' 감독국 설치(설치 시점 명시 없음)·경남북 재무 지휘감독·화폐정리 관장,가와카미 쓰네오,대구,시기내,,민단 제도화기(1906~07)
E161,신화폐 보급 무이자 대부,중재·교섭,1907,추정,O079;O027,,79-5,,회고록단독,5전 백동화 30만원 무이자 대하·익명조합(자본금 10만원)에 20만원 대부·만 2년 후 회수(개시 연도 명시 없음),가와카미 쓰네오;이와세 시즈카;서상돈;정재학;정해붕,대구,시기내,,민단 제도화기(1906~07)
E162,제12여단장 교체,선거·임명,1907,본문서술,O095,,82-3,,회고록단독,요다 소장 제1사단 제1여단장 전임·'그달 24일' 출발로 월 불명(1907년 11~12월경)·쓰네요시 대좌 소장 승진 취임 | [J-16 연동] 근거절 재부여(82-3→82-2) | [J-25] 목차 엑셀 정본에 따른 82장 4절 복원에 따른 근거절 재부여,요다 히로타로;쓰네요시 다다미치,대구,시기내,,민단 제도화기(1906~07)
E163,청송 폭도와 제14연대 교전,재난·사고,1907,추정,O096,,82-3,,회고록단독,청송군 폭도 130여 명 교전 패퇴·연월 명시 없음(1907년 말 문맥) | [J-16 연동] 근거절 재부여(82-3→82-2) | [J-25] 목차 엑셀 정본에 따른 82장 4절 복원에 따른 근거절 재부여,폭도 130여 명,경북관내,시기내,,민단 제도화기(1906~07)
E165,공민회 결성·발회식,설립,1907~1908,추정,O058,E196,86-2,,회고록단독,"'가게야마 민장 배척 전후' 서술로 1907말~1908초 추정; 니시키좌 발회식·연설회, 이와세 일파에 합류",가토 이치로;아오키 시게노부;미와 조테쓰;이노우에 소노스케(발기),대구,시기내,,민단 제도화기(1906~07)
E166,미카지리 니시키좌 단독 연설회(2회),집단운동·대회,1907~1908,추정,O003;O014,,90-2,,회고록단독,우지노 이사관 재임기; 청탁 청령(석유조합)·우측통행 문제로 통감정치·민단 공격. 단독 연사이나 공개 연설회로 등재(경계 사례),미카지리 주고,대구,시기내,,민단 제도화기(1906~07)
E167,오키타 퇴한 처분(민장 불인가 사건),집단운동·대회,1907~1908,추정,O030,E196,99-3,,회고록단독,"민장 불인가 사건 여파로 신문 주재자 오키타 퇴한 처분·신문 경영 위기. 본문에 연도 명시 없음(1908.10 합병 이전), 민장 분쟁은 전 구간 서술 참조. 유형은 분쟁 국면의 처분",오키타 스테지로,대구,시기내,,민단 제도화기(1906~07)
E175,대구진위대 해산과 거류민 피난 준비,조직개편,1907-08-04,본문서술,O091;O003;O067;O093,E174,77-1~77-2;18-3;61-2,,회고록단독,"해산식 후 함성 소동(수비대·경찰헌병대 진압)·일본인 자경단 조직·민단이 피난열차 10량 배치 고시(대구 측 집합 행동으로 별도 사건 유지) | [1-045 병합] 군대해산(전국 조치)의 대구 국면; 경정 주둔 제3대대; 상세는 77장(2구간) 서술 예정 | [3-049 병합] 한국 군대 해산과 동시에 제3대대 해산, 불온한 공기에 거류민 보호 피난열차 준비(집합적 대응 서술로 등재). 상세 서술은 77장(4구간).",대구진위대 장졸 약 500명;일본인 거류민;(개인 미상),전국-대구반응,시기내,경찰헌병대;대구진위대 제3대대,민단 제도화기(1906~07)
E176,고쿠라 제12여단 사령부 대구 설치,설립,1907-08,본문서술,O096;O095,,73-6,,회고록단독,51연대만으로 폭도 소탕이 어려워 설치·요다 소장 사령관·기쿠치 대좌 14연대장 취임,요다 히로타로;기쿠치 슈덴,대구,시기내,,민단 제도화기(1906~07)
E178,대구일일신문 경영 위임(마키노→오키타),창간·경영이전,1907-08-21,본문서술,O030,,70-2,,회고록단독,신문 사업 일체를 오키타에게 위임.,마키노 슈(위임);오키타 스테지로(수임),대구,시기내,,민단 제도화기(1906~07)
E179,폭도 대구 습격 풍설과 피난열차 재준비,재난·사고,1907-09,본문서술,,,78-2,,회고록단독,습격 풍설(낭설)에 거류민 협의로 피난열차 재차 준비·실제 습격 없이 종결(대구 측 집합 행동으로 별도 사건 유지),대구 거류민들,대구,시기내,,민단 제도화기(1906~07)
E180,청소규칙 발포,조직개편,1907-10-09,본문서술,O073,,79-2,,회고록단독,이사청령 제6호·대구 최초의 위생시설 제도(규칙 제정을 조직개편으로 근사 분류),,대구,시기내,,민단 제도화기(1906~07)
E181,흥해 참극,재난·사고,1907-10,본문서술,,,78-1;78-3,,회고록단독,우편소 방화·소장 부부와 여아 참살·수비대 잔류원과 재류민 15명 급행 토벌(집합적 대응)·가옥 8채 소실,폭도 무리;흥해우편소장 일가(피살);곤지 보조원;시바타 보조원;후지노 중위;포항 재류민 15명;쓰치다 준사쿠,경북관내,시기내,흥해우편소(우편취급소);포항수비대;헌병분파소(연일),민단 제도화기(1906~07)
E183,대구 각처 하사금 하사,의례,1907-10,본문서술,O003;O038;O073,E182,82-1,,회고록단독,민단 위생비 700원·소학교 교육장려비 200원·아리스가와노미야 위생비 300원·이사청 직원 주찬금 분배(황태자 체류 중),아리스가와노미야 다케히토;우지노 이사관,전국-대구반응,시기내,,민단 제도화기(1906~07)
E184,경찰사무 통일 취극서·이사청경찰서 폐지,중재·교섭,1907-10-29~1907-11-11,본문서술,O072;O077,E173,83-3,,회고록단독,"[J-14c 판정 2026-07-23 ①문면 우선] 취극서 교환일 1907-10-29 확정(취극서 문면 일자. 서술문 '11.29 교환'은 오기 — 전국 단위 사건에 대한 가와이 아사오 서술의 착오, 사용자 판정에 따라 비고 표기)·11.11 이사청경찰서 전면 폐지(대구이사청경찰서 포함)·마루야마 전 경무고문 돗토리현 지사 전임 | [J-12 잔류] 대구이사청경찰서 폐지를 포함하는 대구 기관 변동으로 레지스트리 잔류, 지역구분 전국배경→전국-대구반응",마루야마 시게토시,전국-대구반응,시기내,,민단 제도화기(1906~07)
E185,천장절 봉축회(이사청),의례,1907-11-03,본문서술,O073;O095,,84-2,,회고록단독,성영배하식·요리점 노점·가타오카 일좌 가장행렬·격검·마술·여흥 연극·연회(우지노 사회·기쿠치 축사)·근거절은 84-2로 정정(후보 표기 84-1),우지노 이사관;기쿠치 슈덴,대구,시기내,,민단 제도화기(1906~07)
E186,제12여단 천장절 봉축 야회,의례,1907-11-03,본문서술,O074;O003;O095,,84-3,,회고록단독,오후 7시 북문 밖 '야마토' 개최·이충구 내빈 대표 답사·한일 관민 합동,기쿠치 슈덴;이충구;가와카미 서기관;마쓰시타 나오미;우지노 이사관;시오카와 사무관;가게야마 히데키;나가타니 다카시 외 관민 60여 명,대구,시기내,,민단 제도화기(1906~07)
E187,'대구의 날'(민단의 날) 제정,의례,1907-11-03,본문서술,O003,,84-4,,회고록단독,민단 성립 만 1년 기념으로 제1회 행사 개최·이후 매년 개최키로(존속 중 행사는 크게 열리지 않음),,대구,시기내,,민단 제도화기(1906~07)
E190,지정학교 재심의 요구 학부형 서명운동,청원,1907-11~1907-12,본문서술,O038;O003,,85-1,,회고록단독,"11월 28일 '다음 날부터' 3일간 약 90여 명 조인, 마스다 의원 경유 재심의 요구",가와이 아사오;마스다 도라타;와타나베 히스루;야스마쓰 구마키치;학부형 약 90여 명,대구,시기내,,민단 제도화기(1906~07)
E191,민회 의장선거·지정학교 신청안 반부결,선거·임명,1907-11-28,본문서술,O003;O038,,85-1;82-4,,회고록단독,"문부성 해외지정학교 신청 건 '숙제' 처리로 반 부결, 이후 분쟁의 발단 | [4-047 병합] 나카에 의장 사임(10.28)에 따른 의장선거에서 오구라 당선·재외지정학교 신청·청소규칙 등 6개 안건 논의 | [J-16 연동] 근거절 재부여(85-1;82-4→85-1;82-3) | [J-14a 판정 2026-07-23] 1907-11-28 확정(병기 불요) | [J-25] 목차 엑셀 정본에 따른 82장 4절 복원에 따른 근거절 재부여",오구라 다케노스케(의장 당선);가게야마(민장);오구라 다케노스케,대구,시기내,,민단 제도화기(1906~07)
E192,연초경작조합 결성·탁지부 자금 차입,설립,1907-12,본문서술,O018;O079,,66-1,,회고록단독,"잎담배 생산 과잉·판매 부진에 대응해 경작자들이 결성. 재무감독국장 중개로 탁지부에서 2만 원 차입, 연말결산기 조합원 구제.",가와카미 쓰네오(재무감독국장·중개),대구,시기내,탁지부,민단 제도화기(1906~07)
E193,가게야마 민장 불신임안 제출,청원,1907-12-15,본문서술,O003,E196,85-1~85-2;60-4,,회고록단독,"지정학교 건 가결 직후 기습 제출, 민장 자진 처결 약속으로 결의 유보; 건의안 제출이므로 청원으로 분류 | [3-015 병합] 유곽지 문제가 발단. 민회 의원들의 불신임 결의로 민장 퇴진. 상세 경위는 85장(4구간)에서 재서술.",마스다 도라타(제안);와타나베 히스루;야스마쓰 구마키치;사카이 만지로(조인);오구라 다케노스케(의장·주선);가게야마(민장);가게야마 히데키(대상),대구,시기내,,민단 제도화기(1906~07)
E194,가게야마 민장 사퇴·의원 연쇄 사임,선거·임명,1907-12-15~1907-12-19,본문서술,O003,E196,85-3;86-1,,회고록단독,의원 4명 사임으로 기관 운용 마비; 사퇴 인사이므로 선거·임명으로 분류. 원문 오구라 한자 표기 착종(小倉竹之助) | [J-14b 판정 2026-07-23] 회고록 일자(12-15 제출·17 퇴거) 확정(병기 불요),"가게야마(민장·사표, 17일 퇴거);우지노 도쿠타로(만류);오구라 다케노스케;스기하라 신키치;시모타 고키치(16일 사임);기도 다다지로(19일 사임);도쿠라(조역·사표 보류);모리나가 소이치(사무 총괄)",대구,시기내,,민단 제도화기(1906~07)
E195,대구소학교 문부성 해외지정학교 인정,선거·임명,1907-12,본문서술,O038,,30-3,,회고록단독,1-032에서 분리 | [근거절 재검증 2026-07-23] 53-3(농회 설립 절 — 오배정)→30-3('해외지정학교로 인정' 서술 확인),,대구,시기내,문부성,민단 제도화기(1906~07)
E196,1908 민장 분쟁(불신임~재선거·인가),선거·임명,1907-12~1908-06,본문서술,,,85-1~91-3,,회고록단독,상위 사건: 불신임·사퇴·보궐선거·민장선거·불인가·퇴한처분·재선거·인가의 연쇄 국면을 묶는 캠페인 레코드,,대구,시기내,,민단 제도화기(1906~07)
E197,달성학교 화재 소실,재난·사고,1907-12-29,본문서술,O036,,30-1,,회고록단독,증축공사 중 낙성 전 화재 소실; 집합적 대응 서술은 없으나 협성학교 통합(1909-04)의 직접 계기로 등재,(개인 미상),대구,시기내,,민단 제도화기(1906~07)
E198,민회의원 보궐선거(8명),선거·임명,1908-02-05,본문서술,O003;O058,E196,86-1;86-3~86-4,,회고록단독,"사임일 기산 50일째 집행, 전야(2월 4일) 니시키좌 연설회; 당선 8명 중 아오키는 공민회계 | 민단사는 동일 선거를 1907-01-14/1907-02-05/1908-01-14로 혼기(자체 모순) — 회고록 1908-02-05 유지",니시자와 사토루;아오키 시게노부;하야시 진시치;시부사와 슈조;아사노 세이치;마유미 다다시;마쓰모토 세이치;가와이 아사오(당선 8명);미카지리 주고;후루쇼 모토사네(전야 연설),대구,시기내,개혁파,확장기(1908~10)
E199,상업회의소 회장 이와세 사표·의원 연쇄 사퇴,선거·임명,1907-02-10,본문서술,O007;O062,,92-1;60-4;70-3,,회고록단독,"[J-15 판정 2026-07-23 ③] 본문 표기 1907-02-10 채택 — 종전 '1908 오기 판정'(3-047) 철회(사용자 판정·원문 재검토). 후임 다케카와의 특별의원 취임 근거인 이즈미 스에지 부산 전임 '이 해 1월'은 1907-01로 읽히며, 1908-01은 우편국장 야기 다쓰마 전임 일자(92-1 원문). 기성회 부정 책임론이 회의소로 비화해 회장직 사퇴, 상업회의소 무용론 대두(70-3 '분란기' 문맥). 60-4에도 '이와세 회장 강제 사직' 언급. 이후 복귀 재임 추정(E275 참조) — 소속직위표(단계 3)에 반영할 것",이와세 시즈카(회장 사표);나카에 고로헤;나카자와 덴노스케(연쇄 사퇴);이와세 시즈카(사퇴);이노우에 소노스케(부정 책임 문책),대구,시기내,,민단 제도화기(1906~07)
E200,와타나베 무라오 민장 추천 밀약,중재·교섭,1908-02,본문서술,,E196,87-3,,회고록단독,'2월 20일 무렵' 비밀 결의; 이력서 전보 재촉 지연으로 민회 연장,미카지리 주고(제안);가와이 아사오;마스다 도라타;와타나베 히스루;야스마쓰 구마키치;사카이 만지로;니시자와 사토루;와타나베 무라오(후보),대구,시기내,개혁파,확장기(1908~10)
E201,민회 예산 부의·아사노 의장 당선,회의·결의,1908-02-24,본문서술,O003,E196,87-1;87-2,,회고록단독,1908년도 예산 부의·의석 추첨; 예산 심의는 민장선거 전략상 고의 보류 | [J-13/R-09 재분류 2026-07-23] 유형 '회의·결의'(구: 선거·임명) — 아사노 의장 당선 포함이나 예산 부의가 주 안건,도쿠라(조역·예산 편성);아사노 세이치(의장 당선);의원 12명,대구,시기내,,확장기(1908~10)
E202,건의안 긴급동의 민장선거(와타나베 당선),선거·임명,1908-03-03,본문서술,O003,E196,87-4,『대구민단사』 p.31,교차확인,취임인가신청서 제출은 3월 5일; 예산안 원안 승인,가와이 아사오(긴급동의);아사노 세이치(의장);와타나베 무라오(8대2 당선);아오키 시게노부(결석);출석 의원 11명,대구,시기내,,확장기(1908~10)
E203,상업회의소 반수개선·보궐선거와 다케카와 회장 천거,선거·임명,1907-03-09,본문서술,O007;O012,,92-1,,회고록단독,"본문에 연도 무표기 — [J-15 연동 2026-07-23] 이와세 사표 1907-02-10 판정에 따라 1907 기입(종전 1908 기입 철회). 이와세파 선거 포기 속 동지 6명 당선, 특별의원 다케카와(제일은행 지점장 — 이즈미의 1907-01 부산 전임 후임) 회장 천거",야스마쓰 구마키치;오노 미네지로;마에카와 도모지(보궐 당선);우에다 겐스케;후쿠나가 도쿠지로;사카이 만지로;가토 이치로;구로카와 엔지;와키 헤이지로(반수개선 당선);다케카와 세이지(후임 회장 천거),대구,시기내,,민단 제도화기(1906~07)
E204,민장 불인가 지령과 논란,선거·임명,1908-04-04,본문서술,O072;O073;O003,E196,88-1~88-5;89-3,,회고록단독,"3월 29일 구두 통보, 4월 4일부 지령; 민단법 제25조 해석 논란·여론 비등. 행정처분(불인가)이나 민장 임면 관련으로 선거·임명 근사 분류",우지노 도쿠타로(이사관);와타나베 무라오;민회 의원 일동,대구,시기내,,확장기(1908~10)
E205,대구일일신문 민장 불인가 비판 논전,집단운동·대회,1908-04,본문서술,O030,E196,88-2~88-5,,회고록단독,'민장불인가' 표제 기사와 4월 5~7일 사설로 이사관 직권남용 공격; 언론 캠페인으로 근사 분류,오키타 스테지로(사장·사설);마스다 도라타(소론 3회),대구,시기내,,확장기(1908~10)
E206,오키타 스테지로 퇴한 처분·퇴거,집단운동·대회,1908-04,본문서술,O073;O030,E196,89-1~89-2;90-3,,회고록단독,"청국 및 한국 재류민 단속규칙 제1조로 2년 재류금지; 언론계 진정·연설도 항고기한(3일) 도과로 무산, 4월 30일 퇴거. 처분과 집단 항의 국면 포함",우지노 도쿠타로(처분);오키타 스테지로;기쿠치 겐조;미네키시 시게타로;도카노 시게오;노시마 스스무(경성 언론계 동정);미카지리 주고(항전 선동),대구,시기내,,확장기(1908~10)
E207,임시민회 소명요구서 결의·상신 정지,청원,1908-04-15,본문서술,O003;O072,E196,89-3,,회고록단독,불인가 이유 소명 요구 상신서 가결했으나 위법 결의라며 상신 정지,마스다 도라타(제안);니시자와 사토루(기안);시부사와 슈조;아오키 시게노부(반대);출석 10명 중 8명 가결,대구,시기내,,확장기(1908~10)
E208,달성공원기성회 문책·회원모집 중지,조직개편,1908-04,본문서술,O062;O073;O072,,85-1;92-2,,회고록단독,"4월 5일경 간사회 회계검사·문책, 통감부 주의 후 4월 20일 회원모집(11회째) 중지; 저자가 앞선 '5회 중지' 서술을 11회로 정정",이와세 시즈카(회장·문책);이노우에 소노스케(서기장·부정);우지노 도쿠타로(중지 명령),대구,시기내,,확장기(1908~10)
E209,북문 밖 화재·민단사무소 소실과 이전,재난·사고,1908-04,본문서술,O003;O095;O074,,92-3,,회고록단독,"본문 표기 1907(오기 판정) — 1908년으로 판정 확정; 마구간 화재가 민단사무소로 연소, 관찰도 징청각 한쪽으로 이전(와타나베 민장 취임 전)",제12여단(마구간 발화),대구,시기내,,확장기(1908~10)
E210,히사미즈 이사관·오카모토 부이사관 부임,선거·임명,1908-04~1908-08,본문서술,O073,,92-3,,회고록단독,"히사미즈는 시애틀 영사, 오카모토는 나라지방재판소 판사 출신",히사미즈 사부로(4월 23일 부임);오카모토 마사오(8월 부임),대구,시기내,,확장기(1908~10)
E212,미카지리 통감부 직접 담판,중재·교섭,1908-04-20,본문서술,O072,E196,91-1,,회고록단독,개인 자격이나 동지들 협의에 따른 담판; '규정 절차대로 재선거하면 인가' 결론 도출,미카지리 주고;통감부 요직 인사,대구,시기내,,확장기(1908~10)
E213,민장 재선거·와타나베 인가·취임,선거·임명,1908-05,본문서술,O003,E196,91-1,,회고록단독,"5월 초 임시민회에서 재선거, 즉시 인가·5월 말 취임으로 민장 문제 일단락",와타나베 무라오(8대3 당선·취임);소가와 유타카(대항 후보);아사노 세이치(소가와 지지),대구,시기내,,확장기(1908~10)
E214,우지노 이사관 진주 전임,선거·임명,1908-06-08,본문서술,O073,E196,91-1,,회고록단독,"진주지방법원 검사로 전임, 민장 문제 소란 종결",우지노 도쿠타로,대구,시기내,,확장기(1908~10)
E215,객사 인수·파괴와 반대 소동,집단운동·대회,1908,본문서술,O003;O091,,41-2,,회고록단독,민단의 객사(달성관) 무상 인수·파괴에 성문 포스터와 야간 모닥불 농성(민중 수백 명)으로 저항·수비대 1개 대대 출동·포위 하에 철거 강행,,대구,시기내,,확장기(1908~10)
E216,약령시 이전 교섭,중재·교섭,1908,본문서술,,E215,41-2,,회고록단독,1908년 가을 객사 철거로 약령시를 종로에서 남문 성벽길로 이전·경북도서기관 시오카와와 절충해 관찰사 인가 획득,세노 히사타로;후쿠나가 도쿠지로;마스다 도라타;가와이 아사오;시오카와 이치타로,대구,시기내,,확장기(1908~10)
E217,도축규칙 제정,조직개편,1908-06,본문서술,O073,,79-2,,회고록단독,제정 주체 명시 없음(문맥상 이사청)·위생제도 정비의 일환,,대구,시기내,,확장기(1908~10)
E218,이사청 청사 신축,설립,1908,본문서술,O073,,84-1,,회고록단독,동문 밖 신축·병합 후 대구부청 청사로 전용,,대구,시기내,,확장기(1908~10)
E219,대구일일신문 후원조직 결성·감독 선임,설립,1908,추정,O030,,91-3~91-4,,회고록단독,오키타 퇴거(1908.4.30) 후 국면; 인쇄기·활자는 마키노 슈 소유(월 20원 대여). 요시오카 고잔=요시오카 다다이치 대표 표기,야스마쓰 구마키치;사카이 만지로;마스다 도라타;우에다 겐스케;와타나베 히스루;하야시 진시치;가와이 아사오;미카지리 주고(후원 8인);고미야 히코지(인쇄기 임차 명의);요시오카 다다이치(편집);노사카(영업·경리);니시자와 사토루→가와이 아사오(감독),대구,시기내,개혁파,확장기(1908~10)
E220,박중양 경북 관찰사 임명·부임,선거·임명,1908-06,본문서술,O074,,92-3;92-4,,회고록단독,"내무행정개혁에 즈음한 발탁, 6월 30일 부임",박중양(칙임관 3등);이충구(면직),대구,시기내,,확장기(1908~10)
E221,성벽 자리 가옥 철거·도로공사 재개,조직개편,1908,추정,O074,E098,93-2,,회고록단독,박 관찰사 부임(6.30) 후 얼마 되지 않은 시점; 행정 조치이므로 유형 근사 분류,박중양(철거 명령);거류민(환영),대구,시기내,,확장기(1908~10)
E222,대구신보 창간 계획,창간·경영이전,1908,본문서술,O030,,94-2;94-4,,회고록단독,"자본금 5천 원, 최초 발행 예정 9월 1일, 16면형 기계 도입까지 진행; 합병으로 창간 중지(미발행)",이와세 시즈카;오구라 다케노스케;기무라 다케타로;가토 이치로;아오키 시게노부;시부사와 슈조;스기하라 신키치;구로카와 엔지;이나모토 신진;마치다 규고;사토 슈조;후지나와 분준;후쿠치 기사쿠(출자 13명);가토 이치로(창립사무 전담);미우라 쇼이치로(주필 예정),대구,시기내,,확장기(1908~10)
E223,공소원 부지 선정·매수,중재·교섭,1908,추정,O070;O086,,94-3;96-1,,회고록단독,"지가 급등으로 위치 변경, 청사용지 3천 평(평당 약 1원)·관사용지 매수, 대상 부족액 대신 관유지 교부",시부사와 슈조;오구라 다케노스케;후지나와 분준;사키사카 쇼키치(선정위원 4명);시미즈 도쿠타로;오카모토 리헤(토지 매도),대구,시기내,,확장기(1908~10)
E224,유치원 재흥 연예회,의례,1908~1909,추정,O042;O073,,97-1,,회고록단독,히사미즈 재임기 니시키좌 3일간 연예회; 수입 607원 83전 중 449원 기부로 유치원 재흥. 모금 행사로 의례 분류,히사미즈 사부로 부부·영양;히시키 히데이치(사회);이와세 시즈카(기부금 모집·입장권 판매);관민 유지,대구,시기내,,확장기(1908~10)
E225,경상농공은행 성립과 신축 낙성,조직개편,1908,본문서술,O010;O009,,107-2,,회고록단독,"진주·대구 농공은행 합병으로 성립, 신축 낙성 융희 2년(1908) 12.27. 건물은 현(1930) 조선식산은행 지점 | [근거절 재검증 2026-07-23] 100-2→107-2('경상농공은행' 서술 확인, 자동보정 99-4는 오류로 철회)",이시이 미쓰오,대구,시기내,,확장기(1908~10)
E226,경상농공은행 농공채권 모집,집단운동·대회,1908~1909,본문서술,O010,,100-2,,회고록단독,"예정액 10만 원 중 3,000구좌 3만 원 모집. 마감 '음력 12월 25일'(양력 1909년 초 무렵). 유형 원후보 '모금'을 목록 유형 중 집단운동·대회로 분류",,대구,시기내,,확장기(1908~10)
E227,관민 합동 대간친회,의례,1908-07,본문서술,O073;O074;O086;O003,,93-2,,회고록단독,"7월 상순, 신임 이사관·관찰사·법원 직원 환영; 민장 문제로 대립했던 양파도 화합",쓰네요시 다다미치;가와카미 쓰네오;마쓰시타 나오미;시마다 후미노스케;와타나베 무라오(위원);출석 80여 명,대구,시기내,,확장기(1908~10)
E228,민단법 개정(민장 관선화),조직개편,1908-07-23,본문서술,O072;O003,,93-3,,회고록단독,통감부령 제23호로 민장을 통감 임면의 관선으로 개정; 대구의 두 차례 민장 분쟁이 계기,통감부;대구거류민단(찬성);타 지역 민단(맹렬 반대),전국-대구반응,시기내,,확장기(1908~10)
E229,대구 재판소 개설·개청식,설립,1908-08-01,본문서술,O086,,93-1,,회고록단독,"요직 부임 6월 7~8일, 관찰도 내 임시청사에서 성대한 개청식(의례 겸)",도이 요타로(공소원장);구로카와 조(검사장);도리야마 고야타(지방재판소장);요시다 유로쿠로(검사정);판사 7명;검사 3명;마쓰시타 나오미(공소원 판사부장 전임),대구,시기내,대구구재판소,확장기(1908~10)
E230,경상농공은행 합병 설립,조직개편,1908-08,본문서술,O009;O010,,46-1,,회고록단독,경남 진주 농공은행 합병으로 설립·조선식산은행의 기초·개인 참여자 미상,,대구,시기내,,확장기(1908~10)
E231,대구일일신문사 장판각 이전,창간·경영이전,1908-08,본문서술,O030;O074,,94-2,,회고록단독,"관찰사 관사 개조로 퇴거당해 8월 11일 공사 착수, 8월 20일 관유건물 장판각으로 이전",노사카(상담);구와노 긴타로(내부공사);후원자들(설비비 약 300원 부담);박중양(관찰사),대구,시기내,,확장기(1908~10)
E232,두 신문사 합병 중재·조인,중재·교섭,1908-09-15,본문서술,O030;O074;O073,,95-1~95-3,,회고록단독,"5대5 합병 조건 조인; 대구신보 창간 사무 중지, 미우라 쇼이치로는 합병사 초빙 예정",박중양(합병 권고);아사노 세이치;니시모토 민조(중재·입회 조인);오카모토 마사오;다케우치 마키타로(배후 조정·입회 날인);가토 이치로;가와이 아사오(양측 대표),대구,시기내,,확장기(1908~10)
E233,대구신문 성립과 경영권 이전,창간·경영이전,1908-09~1911-08,본문서술,,,94-1~95-3;113-1~114-3,,회고록단독,상위 사건: 합병 조인·발행·분란·경영위임·사장제·출자 양도의 연쇄를 묶는 레코드,,대구,시기내,,확장기(1908~10)
E234,가와이 아사오의 신문 경영 관여 개시,창간·경영이전,1908-10-01,본문서술,O030,,27-3,,회고록단독,본문 '1908년 10월 1일부터 내가 신문에 관여'; 이후 발행분 전부 보존,가와이 아사오,대구,시기내,,확장기(1908~10)
E235,『대구신문』 발행·대구신문사조합 결성,창간·경영이전,1908-10-01,본문서술,O033,,95-4;98-1,,회고록단독,사장 없이 이사 2명·고문 2명 체제; 연말까지 약 1천 원 결손,가토 이치로;가와이 아사오(이사);기무라 다케타로;사카이 만지로(고문);무라마쓰 스케유키(편집);미우라 쇼이치로(사설);노사카(영업),대구,시기내,,확장기(1908~10)
E236,대구일일신문·대구신보 합병(대구신문 성립),창간·경영이전,1908-10-01,본문서술,O030;O032,E233,99-3;113-2,『대구민단사』 pp.194~195,교차확인,양측 이사 가와이·가토 공동경영 개시. 113-2에는 '1908년 9월 합병' 표기 병존(월 표기 불일치),오키타 스테지로;가와이 아사오;가토 이치로,대구,시기내,,확장기(1908~10)
E237,예기단속규칙 공표와 유곽지 문제,조직개편,1908-10-29,본문서술,O073;O003;O012,,97-2~97-3,,회고록단독,"대구이사청령 제12호, 시행 1909.10.1 고시(유곽지 설정은 1907.2); 업자 전원 유곽 경영 미신청으로 민단 재정 골칫거리화. 행정 조치·집합 불응으로 유형 근사 분류",히사미즈 사부로(공표);을종 예기 업자(전원 불응);민단(대여규정 개정),대구,시기내,,확장기(1908~10)
E238,교부지 경쟁입찰 매각,중재·교섭,1908-12-02,본문서술,O003,,96-1,,회고록단독,부지위원이 교부받은 관유지(대화정 구 객사 부지 등)를 민단 사무소에서 경쟁입찰 매각; 경제 거래로 유형 근사 분류,대구민단(주관);오구라 다케노스케(자택 부근 경락);사키사카 쇼키치(본정 1정목 경락);대화정 경락자 다수,대구,시기내,,확장기(1908~10)
E239,한일관민대간친회(망년회 겸),의례,1908-12,추정,O074;O073;O003,,98-2~98-3,,회고록단독,"망년회 겸 개최로 12월 추정; 한일 관민 100여 명 미증유의 성황, 박중양 대연설(도로개수비 반환 문제 질타)",박중양(연설);쓰네요시 다다미치;도이 요타로;히사미즈 사부로;와타나베 무라오;이케가미(원장);이시이 미쓰오;다케카와 세이지 등 출석 100여 명,대구,시기내,,확장기(1908~10)
E240,제2회 민회의원 정기선거,선거·임명,1908-12-21,본문서술,O003;O044,,99-1;98-1,『대구민단사』 pp.58~64,교차확인,"정원 12명·후보 17명, 득점순 당선 12명·낙선(후루쇼 61점, 가와이 56점). 사토 슈조·마쓰무라 등 신인 출마, 기무라 다케타로·이와세 시즈카는 사퇴 | [5-039 병합] 12월 7일 고시 제37호, 의원 12명, 투표 장소 대화정 혼간지 포교소; 양파 융화로 험악한 경쟁 없이 시행 | [J-03 연동] 투표 장소 '대화정 혼간지 포교소'=O044 매핑",아오키 시게노부;와타나베 히스루;구로카와 엔지;마쓰무라 다이스케;가토 이치로;후쿠치 요시사쿠;야스마쓰 구마키치;마스다 도라타;하야시 진시치;우치다 로쿠로;오구라 다케노스케;사카이 만지로;후루쇼 모토사네;가와이 아사오;마을별 추대 후보;유권 거류민,대구,시기내,,확장기(1908~10)
E241,민회 의장선거와 사전 교섭 타협,선거·임명,1908-12-26,본문서술,O003;O058,,99-2,,회고록단독,"선거 전날 가토 집 교섭으로 의장 1년 교대제 타협, 마스다 9표 당선(이후 2년 완수). 회계검사위원 후쿠치·우치다 선출",마스다 도라타;오구라 다케노스케;니시모토 민조;시부사와 슈조;와타나베 히스루;가와이 아사오;가토 이치로;후쿠치 요시사쿠;우치다 로쿠로,대구,시기내,,확장기(1908~10)
E242,대구신문 주최 망년회,의례,1908-12-26,본문서술,O032,,99-3,,회고록단독,관민 약 40여 명 참석,쓰네요시 다다미치;박중양;히사미즈 사부로;기쿠치 슈덴;가와카미 재무감독국장,대구,시기내,,확장기(1908~10)
E243,동양척식주식회사 창립총회(대구 3인 출석),설립,1908-12-28,본문서술,O026,,98-1;100-2,,회고록단독,"도쿄 개최; 주식 공모 호황(권리주 2원 70전~3원, 할당 1000분의 28), 대구 한국인 3명 출석 | [6-008 병합] 1908 연말 성립, 제1회 납입 완료, 12.28 중역 임명(사무·서무·금융 3부장). 대구 측 집합 행동 서술 없음",정재학;이병학;정해붕(대구 대표 출석);이노우에 고사이;하야시 이치조;이와사 데이조;한상룡;미네 하치로,전국-대구반응,시기내,,확장기(1908~10)
E244,신년 명함 교환회,의례,1909-01-01,본문서술,,,99-4;100-1,,회고록단독,"달성관, 회비 30전, 참석 200여 명. 개회 전 휘호식(박중양 '만복여운흥'), 한일 양 황실 만세삼창. 본문 '구로카와 조(黒川穣)'=구로카와 미노루",이쿠하시 요네지로;이케가미 시로;박중양;히사미즈 사부로;쓰네요시 다다미치;기쿠치 슈덴;구로카와 미노루;가와카미 쓰네오 외 발기인 22명,대구,시기내,,확장기(1908~10)
E246,황제 대구 도착 봉영식,의례,1909-01-07,본문서술,,E249,102-1;102-2,,회고록단독,"오후 3시 20분 궁정열차 도착, 의장병 선두 노부 행렬, 학생 만세 연호, 오후 4시 행재소(관찰사 관사) 도착",순종 황제;이토 히로부미;의양군;무라타 소장;각 학교 학생;관민 수만 명,대구,시기내,,확장기(1908~10)
E247,달성관 대환영회와 이토 통감 연설,의례,1909-01-07,본문서술,O068,E249,103-1;104-1,,회고록단독,"한일 고관 약 60명 초대·회원 100여 명(합계 160여 명), 쓰네요시 환영사·박 관찰사 통역, 이토 답사·훈화, 한일 황제 만세삼창, 오후 10시 종료",의양군;이토 히로부미;이완용;송병준;민 궁내부대신;이 군부대신;데와 시게토;노무라 참모장;쓰네요시 다다미치;박중양,대구,시기내,,확장기(1908~10)
E248,관민 제등행렬,의례,1909-01-07,본문서술,O038,E249,103-2,,회고록단독,"이토 숙소 앞 '이토 공 만세' 삼창, 이토가 2층에서 답례",이토 히로부미;소학교 학생;관민,대구,시기내,,확장기(1908~10)
E249,순종 남순행 대구 행차,의례,1909-01-07~1909-01-12,본문서술,,,101-1~103-2,『대구민단사』 p.33,교차확인,상위 사건: 봉영 준비~재행차 국면을 묶는 레코드. 민단사 p.33 교차확인(도착 시각 민단사 15:25 vs 회고록 15:20),,대구,시기내,,확장기(1908~10)
E250,황제 남순 대구 행차·대화정 도로 철야 개통,의례,1909-01-08,본문서술,,E249,96-1,,회고록단독,순시에 맞춰 하룻밤 사이 가옥 철거·시가도로 개통; 6구간(1909) 남순행 본서술과 중복 가능,한국 황제(순종);군대(가옥 강제 철거),대구,시기외,,확장기(1908~10)
E251,한국 황제 달성산 임행,의례,1909-01-12,본문서술,O072,E249,13-3,,회고록단독,본문 표기 '한국 황제'·'이토 통감'; 한일 고관 경치 상찬,순종(한국 황제); 이토 히로부미(통감),대구,시기내,,확장기(1908~10)
E252,황제 환행 시 대구 재행차와 기념식수·환영행사,의례,1909-01-12,본문서술,O073;O032,E249,105-1,,회고록단독,"오전 11시 마산 경유 재도착, 달성공원 행차·황제와 이토 기념식수, 이사관 관사 야회, 한국 고관 환영회, 제등행렬, 신문사 앞 아치 설치",순종 황제;이토 히로부미;박중양;히시키 히데이치,대구,시기내,,확장기(1908~10)
E253,통감 숙소 앞 한국인 훈화 집회,의례,1909-01-12,본문서술,,E249,104-1,,회고록단독,환행일 밤 이사관 관사 앞에 한국인 수백 명을 모아 일장 훈화,이토 히로부미;한국인 수백 명,대구,시기내,,확장기(1908~10)
E254,대구 봉영 준비·위원회 구성,설립,1909-01,본문서술,O074;O073;O068,E249,101-1;101-3,,회고록단독,"도착(1.7) 전 도로공사·장막 설치·숙소 배정, 위원부 16개 편성",쓰네요시 다다미치(위원장);박중양(부위원장);히사미즈 사부로(부위원장);서봉기;정해붕;이병학;이장우;최만달;김갑진;이경옥,대구,시기내,,확장기(1908~10)
E255,수창학교 학생 철로 시위 계획(미수),집단운동·대회,1909-01,본문서술,O041,E249,106-1,,회고록단독,황제 납치설을 믿고 철로에 누워 행행 중지를 청하려다 교관 제지로 무산. 도쿄통신 '학생 행렬 난입' 오보 파문,수창학교 학생 30여 명;교관,대구,시기내,,확장기(1908~10)
E257,경상농공은행 지배인 이시이 전임,선거·임명,1909-03-03,본문서술,O010,,107-2,,회고록단독,"3.3 한성공동창고(주) 지배인 발령, 3.29 경성 출발",이시이 미쓰오;야스카와 와사부로(후임),대구,시기내,한성공동창고주식회사,확장기(1908~10)
E258,거류민대회(소학교 증축·번영회 조직 결의),집단운동·대회,1909-03-04,본문서술,O003;O038;O028,,107-2,,회고록단독,"대구권상장 2층 대회, 소학교 증축 결의·대구번영회 조직 결의, 회칙기초위원 5명 선정. 본문 '시라타 신스케(白田新助)'=시로타 신스케 동일인. 번영회는 단명",이토 기치사부로;시로타 신스케;마에카와 도모지;미와 조테스;니시모토 민조,대구,시기내,,확장기(1908~10)
E259,육군기념일 기념제,의례,1909-03-10,본문서술,O095;O096;O038,,106-2;106-3;107-1,,회고록단독,"달성공원 오전 9시 기념제, 관병식·분열식·야전훈련(대구 최초), 금품 기증 답지, 오후 6시 해산",쓰네요시 다다미치;기쿠치 슈덴;나마타메 신;우에무라 린타로;시게히사 유히코;소학교 아동;예기;관민 천여 명,대구,시기내,,확장기(1908~10)
E260,청년단 음악대 조직,설립,1909-03,본문서술,O057,,106-3,,회고록단독,"육군기념일 대비 월초부터 급조, '대구부시' 노래 제작",시로타 신스케(악장);하라 이와타로;사카이 가네키치;니시바야시 준스케;사에키 히코이치;시모조 에이타로;도쿠라 기이치 외,대구,시기내,,확장기(1908~10)
E261,상업회의소 정기선거 무효투표 사건과 재선거,선거·임명,1909-03~1909-04,본문서술,O007;O073,,107-3,,회고록단독,"반수 6명 정기선거 3.2 실시, 3.20 선거관리회에서 위임장 무효표 삼십몇 표 발견·전 투표 무효, 3.21 임시총회(사카이 부회장 사표 수리·보선 회장 와타나베), 3.29 재선거, 4.1 임원 선출(회장 다케카와·부회장 야스마쓰)",사카이 만지로;이토 기치사부로;히시키 히데이치;마스다 도라타;나카에 고로헤;사키사카 쇼키치;사토 슈조;와타나베 히스루;야스마쓰 구마키치;오자키 시즈오;오노 미네지로;마에카와 도모지;가와이 아사오;기무라 다케타로;다케카와 세이지,대구,시기내,,확장기(1908~10)
E262,대구신문사 분란,중재·교섭,1909-03~1909-05,본문서술,O032;O030,E233,113-2;113-3,,회고록단독,"구 대구신보 측 조합 해산 제의(3월), 교섭위원 3인(이나모토·아오키·가토) 매수 교섭 결렬, 회계감사(오구라·시부사와, 무난), 인쇄 거부 소동, 이나모토 권리 양수 책동 실패로 5월경 진정",가와이 아사오;가토 이치로;이나모토 신신;아오키 시게노부;오구라 다케노스케;시부사와 슈조;노사카,대구,시기내,,확장기(1908~10)
E263,소학교 졸업식,의례,1909-03-24,본문서술,O038,,108-1,,회고록단독,"졸업·수학증서 수여식, 고등과 졸업 19명·진급 24명·수상자 48명(명단 수록)",,대구,시기내,,확장기(1908~10)
E264,건원절 축하식,의례,1909-03-24,본문서술,O074,,108-3,,회고록단독,"황제 즉위 후 첫 탄신일 축하식, 관찰사 주최",박중양;내빈 약 200명(구미인·중국인·일본인·한국인),대구,시기내,,확장기(1908~10)
E265,도쿠라 조역 사임 승인과 위로회,선거·임명,1909-03-27,본문서술,O003,,108-4,,회고록단독,"거류민회 사임 승인, 위로금 230원·금시계 증정, 위로회 개최. 1906.2 민단 성립 이래 조역 겸 회계역",도쿠라 소로쿠;민장;민회의원,대구,시기내,,확장기(1908~10)
E266,달성학교·협성학교 통합,조직개편,1909-04,본문서술,O036;O037,,30-1,『대구민단사』 pp.106~107,교차확인,협성학교로 통합·공자묘 부속 대강당으로 교사 이전,기쿠카와 게이운(교무 승계); 히자쓰키 마스키치(그 전에 경영 은퇴),대구,시기내,통감부 철도관리국,확장기(1908~10)
E267,유곽지 조건부 민간 불하,창간·경영이전,1909-04,본문서술,O003,E237,56-1;60-4,,회고록단독,"1909년 봄까지 수입 전무로 그해 4월 조건부 불하(경영권 이전으로 분류). 유곽 개업은 1909-11-03(56-1). 이와세 등의 주변 몇만 평 투자는 실패, 1915년경 손해 처분.",다무라 곤조(매수·유곽 경영),대구,시기내,,확장기(1908~10)
E268,다케카와 회장 취임 불승인,선거·임명,1909-04,본문서술,O007;O012,E261,110-1,,회고록단독,"부회장·상치위원 5명은 4.12부 이사관 인가. 대한일보 대구통신 악평 속 제일은행 한국총지배인이 회장 취임 불승낙, 부회장 대행 체제",다케카와 세이지;이치하라 총지배인;야스마쓰 구마키치;이나모토 신신,대구,시기내,『대한일보』,확장기(1908~10)
E269,히사미즈 이사관 전임과 송별,선거·임명,1909-04-20,본문서술,O073,,109-3,,회고록단독,"원산 전임, 한일인 합동 성대한 조도(송별연). 후임 노세는 6.24 부임(113-1)",히사미즈 사부로;오카모토 마사오(대리);노세 다쓰고로(후임),대구,시기내,,확장기(1908~10)
E270,대구이사청 청사 신축,설립,1909-05~1909-09,본문서술,O073,,107-2,,회고록단독,"1909년도 예산 공사비 약 3만 원 계상, 5월 착공 9월 준공(현 대구부청 본관). 유형 원후보 '건축'을 설립로 분류",,대구,시기내,,확장기(1908~10)
E271,14연대 충혼제,의례,1909-05-28,본문서술,O096;O107;O055,,110-3,,회고록단독,"달성공원 제단, 전몰자 46명 신도식 충혼제, 기쿠치 연대장 제문 낭독 | 상위사건 후보(미확정): 주둔부대 교대(14연대 귀환·임시파견대 착임)",기쿠치 슈덴;아다치 중좌(오쿠보 대장 대리);가메야마 리헤타로;애국부인회원;학생 등 5천여 명,대구,시기내,한국주차군(사령부),확장기(1908~10)
E272,임시한국파견대 착임,조직개편,1909-06-02,본문서술,O097,,110-3;111-1,,회고록단독,"사령관 이하 착임, 제2연대 본부 대구 설치(연대장 미와 같은 날 부임). 사령부는 5.15 제1사단 사령부 내 병치 | 상위사건 후보(미확정): 주둔부대 교대(14연대 귀환·임시파견대 착임)",와타나베 스이사이;우메다 이와키;미와 미쓰기 외,대구,시기내,,확장기(1908~10)
E273,신구 부대 환송회 겸 환영회,의례,1909-06-08,본문서술,O069;O003;O038,,111-1;111-2,,회고록단독,"민단 소집 협의(6.3)·위원회의(6.5)로 관공서·단체 26곳 발기인 결정, 8일 오후 4시 소학교에서 개최. 111-2에 미와를 '보병 제1연대장'으로 표기(111-1의 제2연대와 불일치) | 상위사건 후보(미확정): 주둔부대 교대(14연대 귀환·임시파견대 착임)",마스다 도라타 외 위원 28명;쓰네요시 다다미치;와타나베 스이사이;기쿠치 슈덴;미와 미쓰기;오카모토 마사오;박중양;회원 800여 명,대구,시기내,,확장기(1908~10)
E274,십자로(동서·남북 간선도로) 개통,회의·결의,1909,본문서술,O074,,57-1,,회고록단독,"한국 정부 국고 지원. 부청 앞~상정·본정 동서로, 경정~대화정 남북로. 박중양 관찰사 재임기. 성벽 철거의 후속 간선도로 사업 | [J-13/R-09 재분류 2026-07-23] 유형 '회의·결의'(구: 설립)",박중양(관찰사),대구,시기내,,확장기(1908~10)
E275,일본철도협회 시찰단 대구 유치·환영 행사,의례,1909,본문서술,O007,,62-2,,회고록단독,"본문 '1909년경'. 시찰단 300여 명의 대구 통과 계획을 이와세가 단독 비용 부담 교섭으로 시찰 일정에 편입, 시모노세키까지 마중. 역 앞 칠성공원에서 대구 유지 접대 환영 행사. [J-15 판정 2026-07-23 ③복귀 재임] 이와세는 1907-02-10 회장 사퇴 후 복귀 재임한 것으로 기록(복귀 시기 불명) — 본 절의 '당시 회의소 회장' 서술과 정합, 상충 해소",이와세 시즈카(유치 교섭·비용 부담);오카무라 하쓰노스케(교섭 상대 기사),대구,시기내,일본철도협회,확장기(1908~10)
E276,동척 대구지점 설치,설립,1909,본문서술,O026,,100-2,,회고록단독,"'그해 가을'(1909) 설치, 대구 유력자들 진력",후지나와 분준;오구라 다케노스케;나카하라 후사이치;시부사와 슈조;사키사카 쇼키치,대구,시기내,,확장기(1908~10)
E277,순행 기념 하사금 하사와 은사관 건축,의례,1909,본문서술,O003;O007;O038;O042,E249,105-2,,회고록단독,각 단체 하사금·관계자 기념장 수여. 한국인 측 약 2천 원으로 서성정에 은사관 건축(공공 집회소). 유형 원후보 '하사·건축'을 의례로 분류,,대구,시기내,,확장기(1908~10)
E279,소학교 증축 공사 입찰,설립,1909-06,본문서술,O003;O038,,108-1,,회고록단독,"건축비 1만 3천 원(차입 5천 원, 하사금·기본금 1,500원 투입), 1909.6 공사 청부 입찰. 유형 원후보 '사업(건축)'을 설립로 분류",,대구,시기내,,확장기(1908~10)
E280,3세(가옥·주·연초세) 면제 운동,청원,1909,본문서술,,,109-4,,회고록단독,"1909.2.8 법령 공포(가옥세·주세·연초세)에 대해 대회·연설회 개최, 부통감 진정서 각하, 대표 3인의 열차 내 소네 면담 진정도 실패, 6.1 시행",마스다 도라타;오자키 시즈오;가토 이치로;대구 거류민,전국-대구반응,시기내,,확장기(1908~10)
E281,소네 부통감 대구 방문·순시·환영회,의례,1909-08-14,본문서술,O072;O073;O016,,109-2,,회고록단독,"달성공원 환영회, 이사청·관찰도·경찰서·감옥·공소원·재판소·재무감독국 순시, 이튿날 한국제연회사 공장 시찰 후 마산행. [J-11 판정 2026-07-23 ②] 본문 표기 1909-08-14 채택(사용자 판정). 히사미즈 이사관(4.20 전임) 수행 서술과의 모순은 기록 유지. 민단사에 부통감 방문 기록 없음(통감 자격 1909-05-16 추풍령 통과만) | 상위사건 후보(미확정): 소네 부통감 남한 순시",소네 아라스케;히사미즈 사부로;오구라 다케노스케,대구,시기내,,확장기(1908~10)
E282,소네의 경주 고적 시찰과 보존 발의,의례,1909,본문서술,O072,,109-2,,회고록단독,"'26일' 포항 상륙 후 육로 경주행(월 표기 불확실, 위 방문과 동일 순시 여정), 신라 유적 국보 보존 의제화·국비 조사 개시, 경주고적보존회 조직의 도화선 | 상위사건 후보(미확정): 소네 부통감 남한 순시 | [J-11 연동] E281 8-14 채택에 따라 '26일'은 1909-08-26 추정 가능 — 월 표기 불확실로 연 단위 유지",소네 아라스케,경북관내,시기내,경주고적보존회;한국 정부,확장기(1908~10)
E283,귀환부대 개선,조직개편,1909-06,본문서술,O095;O096,,111-3,,회고록단독,"여단사령부·14연대 본부·47연대 순 개선, 남한 수비·토벌 공로 장교 명단 열거 | 상위사건 후보(미확정): 주둔부대 교대(14연대 귀환·임시파견대 착임)",요다 고타로;쓰네요시 다다미치;기쿠치 슈덴;나마타메 신 외 공로 장교,대구,시기내,보병 제47연대,확장기(1908~10)
E284,구마모토실업신문사 위문단 환영회,의례,1909,추정,,,111-3,,회고록단독,"한국수비위문단체 대구 방문, 달성공원 환영회. 시기 '당시'(파견대 주둔기 문맥, 1909 추정)",이케다 야스치카;미야자키 고쿠조;야마다 신타로;하야시 이치리키 외 28명,대구,시기내,구마모토실업신문사;한국수비위문단체,확장기(1908~10)
E288,지령 1천호 기념호·축하회,의례,1909-07,본문서술,O032,,114-1,,회고록단독,"7.20 지령 1천호 기념호 발행, 7.25 야마토에서 축하회, 가와이가 경영 포부 표명",가와이 아사오;사령부 장교·민관 대표·상공업자 200여 명,대구,시기내,,확장기(1908~10)
E289,대구신문 경영위임,창간·경영이전,1909-08-02,본문서술,O032;O030,E233,113-3,,회고록단독,출자조합원 13명 연서로 가와이에게 경영 일체 위임 서면 교부,가토 이치로(주선);가와이 아사오;대구신보사 측 13명,대구,시기내,,확장기(1908~10)
E290,사장제 전환·가와이 사장 취임,조직개편,1909-08-12,본문서술,O032,E233,114-1,,회고록단독,"이사제 폐지·사장제 도입 사고(社告) 게재, 가와이 사장 임명",가와이 아사오,대구,시기내,,확장기(1908~10)
E292,박중양 영전 기념 금시계 증정,의례,1910,본문서술,,,57-1,,회고록단독,한일병합 무렵 충청남북도 도장관 영전 시 대구부민이 사은으로 증정. 뒷면에 원·이중 십자 각인(성벽 파괴·십자로 개착 공적 상징).,박중양(수증자),대구,시기내,,확장기(1908~10)
E293,동인의원의 대구자혜의원 전환,조직개편,1910,본문서술,O047,,67-3,,회고록단독,한일병합 후 각 도 자혜의원 설치의 일환으로 총독부가 동인의원 매수. 분석시기(1903~1910) 경계연도 사건.,"마쓰모토 시게마사(초대 원장, 1910-09 착임)",대구,시기내,,확장기(1908~10)
E294,대구신문 언문(한국어)부록 발행과 실패,창간·경영이전,1910,본문서술,O074;O032,,99-4,,회고록단독,"박 관찰사가 경북 41개 군 의무구독 명안 발의(발의 시점 명시 없음, 1908년 말 문맥). 1910년 한국어 부록 발행했으나 실패",박중양;가와이 아사오,대구,시기내,,확장기(1908~10)
E295,한일병합에 따른 대구이사청 폐지,조직개편,1910-08-29,본문서술,O073,,108-2,,회고록단독,병합(전국 사건)과 동시에 이사청 폐지,,대구,시기내,,확장기(1908~10)
E296,대구구락부(활동상설관) 설립,설립,1911,본문서술,O049,,33-2,,회고록단독,대화정에 대구 최초 활동사진 상설관 설립·후에 나니와관으로 개칭(대중 연예장)·분석시기(1903~1910) 외(R-07 준용),쓰지 소노지로,대구,시기외,,시기외
E297,권상장 폐쇄·철거,조직개편,1911,본문서술,O110,,72-2,,회고록단독,'1911년 무렵' 폐쇄·건물 철거(해산 상당)·분석시기(1903~1910) 외,,대구,시기외,,시기외
E298,대구신보사 출자 무상 양도,창간·경영이전,1911-08-02,본문서술,O030;O032,E233,114-2,,회고록단독,출자자 13명 연서 양도증 교부로 가와이 단독 소유 확정,후지나와 분준;오구라 다케노스케;가토 이치로;이와세 시즈카;마치다 규고;아오키 시게노부;이나모토 신신;스기하라 신키치;기무라 다케타로;사토 슈조;구로카와 엔지;시부사와 슈조;후쿠치 요시사쿠;가와이 아사오,대구,시기내,,시기외
E299,대구위생회·대구청결조합 조직,설립,1911-08,본문서술,O063;O064;O077,,79-2,,회고록단독,관민 합동 위생회(회장 이진호·평의원 36명)·청결조합이 마쓰다 사업 매수·'기쿠치 민장'은 기쿠치 겐조 대표 표기 적용·분석시기(1903~1910) 외,안도 마사지로;다케자키 부윤;기쿠치 겐조;이진호,대구,시기외,,시기외
E300,미카지리 민회의원 출마·당선(세제개정 반대),선거·임명,1913-01-30,본문서술,O003,,90-3,,회고록단독,"기쿠치 민장 세제개정안 반대 출마·당선, 소신 관철(후일담); 기쿠치 나가후=기쿠치 겐조 대표 표기",미카지리 주고;기쿠치 겐조(당시 민장),대구,시기외,,시기외
E301,팔조회 조직(제1회 회합),설립,1913-02,본문서술,O051,,39-2,,회고록단독,1904년 팔조령 월경 이주자들의 친목회·출석 20여 명·우에다는 저자 대리 출석·분석시기 외(R-07),모리나가 소이치;우에다 요시오,대구,시기외,,시기외
E302,금정 철도용지 환수·퇴거,재난·사고,1913,본문서술,,,73-4,,회고록단독,철도국 환수·퇴거 명령으로 역전 일대 적막(행정처분에 따른 집단 퇴거·9개 유형 중 근사 분류)·분석시기(1903~1910) 외,금정 거주 상인들,대구,시기외,철도국,시기외
E303,갑진회 조직과 대구신사 봉납식,설립,1928-02,본문서술,O052;O045,,40-1~40-2,,회고록단독,회원 77명·취의서 1928.2.13·석조 도리이 1기·석조 울타리 봉납식(제2회 회합)·회장 나카에·간사 6명·분석시기 외(R-07),나카에 고로헤;가와이 아사오;나가이 고타로;우치다 로쿠로;마치다 규고;사카모토 슌스케;모리나가 소이치,대구,시기외,,시기외
