record_id,인물,event_id,역할,원표기,근거절,보조출전,근거수준,비고
EP0001,김직현,E001,당사자·대상,관찰사,29-2,,회고록단독,설득 받아 설립비 100원·부지 700여 평 기부(조선인 관리)
EP0002,니타니 마쓰스케,E001,주도자,경영 조력,29-2,,회고록단독,히자쓰키를 도와 학교 경영에 애쓴 사람 서술
EP0003,윤필오,E001,주도자,경영,29-2,,회고록단독,설립계획 찬성·앞장서 협력·경영 담당 서술
EP0004,히자쓰키 마스키치,E001,주도자,설립자,29-2,,회고록단독,설립자 명시 서술
EP0005,히자쓰키 마스키치,E002,당사자·대상,,29-2,,회고록단독,사재 교비 제공·학부가 미담 듣고 보조금 교부한 수혜 당사자 서술
EP0006,샤쿠오 슌조,E003,주도자,주간 겸 교두,29-3,,회고록단독,확장 방침 상의 상대 명시
EP0007,히자쓰키 마스키치,E003,주도자,감독 겸 교사,29-3,,회고록단독,샤쿠오와 상의해 확장 방침 수립 서술
EP0008,스토 시즈야,E004,주도자,포교소 주임 법사,29-4,,회고록단독,포교소 안 야학교 지어 한국인 교육 종사 서술
EP0009,오쿠보 하지메,E005,당사자·대상,우편소장,48-1,,회고록단독,우편소장 임명·사무 개시 서술(임명 당사자)
EP0010,도쿠히사 요네조,E007,당사자·대상,대일본인거류민회장,5-1,,회고록단독,이보다 앞서 물러남(사퇴 당사자) 서술
EP0011,도쿠라 소로쿠,E007,대표·위원,회장대리,5-1,,회고록단독,추대되어 회장대리 서술
EP0012,히자쓰키 마스키치,E008,주도자,,29-3,,회고록단독,교실 증축·2부제 무보수 교육 담당 서술
EP0013,히다카(출장원),E010,당사자·대상,출장원,32-3,,회고록단독,전남에서 살해된 피해자 서술
EP0014,쓰지 소노지로,E010,대표·위원,경상북도 사변사,33-1,,회고록단독,탈곡기 배포 특종임무로 대구 파견 서술
EP0015,쓰지 소노지로,E012,주도자,하라타 대구지점 주임,33-1,,회고록단독,개업식 준비·입식 연회 주최 회고 서술
EP0016,쓰지 소노지로,E013,주도자,사변사,33-1,,회고록단독,국새 훈령 제시 등청·연회 주빈 서술
EP0017,히메노 다로지,E013,참석자,수행원,33-1,,회고록단독,수행원 인솔 명시
EP0018,나카무라 헤이시로,E014,주도자,,37-2,,회고록단독,상호 유래 3인·연맹 합자 조직 명시
EP0019,나카에 고로헤이,E014,주도자,,37-2,,회고록단독,상호 유래 3인·연맹 합자 조직 명시(나카에 고로헤 병합)
EP0020,나카에 도미주로,E014,주도자,,37-2,,회고록단독,상호 유래 3인·연맹 합자 조직 명시
EP0021,오쿠이 와헤이,E014,주도자,,37-2,,회고록단독,성씨 '이(井)'자 유래·연맹 합자 조직 명시
EP0022,가미모리 겐자부로,E015,주도자,합자조직,43-2,,회고록단독,3명이 삼맹상회 합자 개점 명시
EP0023,나카이데 세이타로,E015,주도자,합자조직,43-2,,회고록단독,3명이 삼맹상회 합자 개점 명시
EP0024,스즈키 젠시치,E015,주도자,합자조직,43-2,,회고록단독,3명이 삼맹상회 합자 개점 명시
EP0025,니시모토 온키치,E016,발기인,발기인,43-3,,회고록단독,발기인 명단 열거
EP0026,도쿠히사 요네조,E016,발기인,발기인,43-3,,회고록단독,발기인 명단 열거
EP0027,마유미 다다시,E016,발기인,발기인,43-3,,회고록단독,발기인 명단 열거
EP0028,미와 조테쓰,E016,발기인,발기인,43-3,,회고록단독,발기인 명단 열거
EP0029,센가 다마키,E016,발기인,발기인,43-3,,회고록단독,발기인 명단 열거
EP0030,스다 산페이,E016,발기인,발기인,43-3,,회고록단독,발기인 명단 열거
EP0031,시모다 고키치,E016,발기인,발기인,43-3,,회고록단독,발기인 명단 열거
EP0032,쓰지 소노지로,E016,발기인,발기인,43-3,,회고록단독,발기인 명단 열거
EP0033,아오시마 구메조,E016,발기인,발기인,43-3,,회고록단독,발기인 명단 열거
EP0034,아키야마 시카렌,E016,발기인,발기인,43-3,,회고록단독,발기인 명단 열거
EP0035,야마와키 쇼사쿠,E016,발기인,발기인,43-3,,회고록단독,발기인 명단 열거
EP0036,오다 리사쿠,E016,발기인,발기인,43-3,,회고록단독,발기인 명단 열거
EP0037,오쿠보 하지메,E016,발기인,발기인,43-3,,회고록단독,발기인 명단 열거
EP0038,이노 히데스케,E016,발기인,발기인,43-3,,회고록단독,발기인 명단 열거
EP0039,이노우에 쓰네나오,E016,발기인,발기인,43-3,,회고록단독,발기인 명단 열거
EP0040,히라사와 이와타로,E016,발기인,발기인,43-3,,회고록단독,발기인 명단 열거
EP0041,히자쓰키 마스키치,E016,발기인,발기인,43-3,,회고록단독,발기인 명단 열거
EP0042,마쓰무라,E016,주도자,영사관 서기,43-3,,회고록단독,취지 발표 종용 서술·신규인물후보(성만 표기·마쓰무라 다이스케 동일인 미확인)
EP0043,신태휴,E017,주도자,관찰사,50-1,,회고록단독,도내 각지 초등학교 설립 명시
EP0044,아리요시 아키라,E018,당사자·대상,부산영사,3-2,,회고록단독,설립 인가 주체(본문 성+직함 표기·참조 확인)
EP0045,아리타 오토마쓰,E018,당사자·대상,부과4등,43-1,,회고록단독,공비예산 영업자등급할 부과 사례 당사자(월 1원)
EP0046,가미야 도요나리,E018,대표·위원,평의원,3-2,,회고록단독,평의원 명단 열거
EP0047,가와시마 규에몬,E018,대표·위원,평의원,3-2,,회고록단독,평의원 명단 열거
EP0048,도쿠라 소로쿠,E018,대표·위원,평의원,3-2,,회고록단독,평의원 명단 열거
EP0049,도쿠히사 요네조,E018,대표·위원,민회장,3-2,,회고록단독,간부 명단 열거
EP0050,마스다 도라타,E018,대표·위원,평의원,3-2,,회고록단독,평의원 명단 열거
EP0051,마유미 다다시,E018,대표·위원,평의원,3-2,,회고록단독,평의원 명단 열거
EP0052,모리나가 소이치,E018,대표·위원,평의원,3-2,,회고록단독,평의원 명단 열거
EP0053,미와 조테쓰,E018,대표·위원,평의원,3-2,,회고록단독,평의원 명단 열거
EP0054,스다 산페이,E018,대표·위원,평의원,3-2,,회고록단독,평의원 명단 열거
EP0055,스즈키 히사지로,E018,대표·위원,평의원,3-2,,회고록단독,평의원 명단 열거
EP0056,시라타 신스케,E018,대표·위원,평의원,3-2,,회고록단독,평의원 명단 열거
EP0057,시모다 고키치,E018,대표·위원,평의원,3-2,,회고록단독,평의원 명단 열거
EP0058,쓰지 소노지로,E018,대표·위원,평의원,3-2,,회고록단독,평의원 명단 열거
EP0059,오카다 기하치,E018,대표·위원,평의원,3-2,,회고록단독,평의원 명단 열거(본문 오카다 지로 병합맵 적용)
EP0060,오쿠보 하지메,E018,대표·위원,평의원,3-2,,회고록단독,평의원 명단 열거
EP0061,요시키 도시조,E018,대표·위원,평의원,3-2,,회고록단독,평의원 명단 열거
EP0062,우치다 로쿠로,E018,대표·위원,평의원,3-2,,회고록단독,평의원 명단 열거
EP0063,이노 히데스케,E018,대표·위원,부회장,3-2,,회고록단독,간부 명단 열거
EP0064,이노우에 쓰네나오,E018,대표·위원,의장,3-2,,회고록단독,간부 명단 열거
EP0065,야기 다쓰마,E019,당사자·대상,소장,48-2,,회고록단독,법학사 소장 취임 서술(임명 당사자)
EP0066,도쿠라 소로쿠,E020,대표·위원,주최자 대표,5-1,,회고록단독,주최자 대표 담당 명시
EP0067,후카와 고테쓰,E020,주도자,법사 사회,5-1,,회고록단독,추도회 법사 사회 담당 명시
EP0068,시라타 신스케,E022,연설자,축사,7-1,,회고록단독,축하회 축사·연설 기록 서술
EP0069,요시다 주이치로,E022,연설자,축사·연설,7-1,,회고록단독,노장파 논객 축사·연설 기록 서술
EP0070,마키노 슈,E022,주도자,창설자,7-1,,회고록단독,창설·공동경영 명시
EP0071,시모즈 사부로,E022,주도자,창설자,7-1,,회고록단독,창설·공동경영 명시
EP0072,가와이 아사오,E023,참석자,특약점,11-3,,회고록단독,축하회 참석자에게 궐련 증정('나'=저자 지정)
EP0073,고다마 이타로,E023,참석자,특약점,11-3,,회고록단독,상의하여 궐련 증정 참여
EP0074,시부사와 에이치,E024,당사자·대상,환영 대상,4-3,,회고록단독,한일 합동 환영의 대상
EP0075,시부사와 에이치,E024,연설자,일장 연설,4-3,,회고록단독,한일친선 일장 연설 명시(역할 분리)
EP0076,오구라 다케노스케,E024,연설자,환영사,4-3,,회고록단독,일장 환영사 명시
EP0077,이용익,E025,당사자·대상,관찰사,7-2,,회고록단독,배척 대상·토지매매 금지 조치 주체(조선인 관리)
EP0078,가미야 도요나리,E025,발기인,발기인,7-2,,회고록단독,발기인 명단 열거
EP0079,가야모리 세이타로,E025,발기인,발기인,7-2,,회고록단독,발기인 명단 열거(본문 가시와모리 세이타로=柏森精太郎 동일 한자)
EP0080,가와시마 규에몬,E025,발기인,발기인,7-2,,회고록단독,발기인 명단 열거
EP0081,고지마 구마노조,E025,발기인,발기인,7-2,,회고록단독,발기인 명단 열거
EP0082,나카니시 다몬,E025,발기인,발기인,7-2,,회고록단독,발기인 명단 열거
EP0083,니시무라 우이치로,E025,발기인,발기인,7-2,,회고록단독,발기인 명단 열거
EP0084,다니구치 세이노스케,E025,발기인,발기인,7-2,,회고록단독,발기인 명단 열거
EP0085,도요타 게이조,E025,발기인,발기인,7-2,,회고록단독,발기인 명단 열거
EP0086,도쿠라 소로쿠,E025,발기인,발기인,7-2,,회고록단독,발기인 27명 명단 열거
EP0087,마스다 도라타,E025,발기인,발기인,7-2,,회고록단독,발기인 명단 열거
EP0088,마유미 다다시,E025,발기인,발기인,7-2,,회고록단독,발기인 명단 열거
EP0089,마치다 규고,E025,발기인,발기인,7-2,,회고록단독,발기인 명단 열거
EP0090,미와 조테쓰,E025,발기인,발기인,7-2,,회고록단독,발기인 명단 열거
EP0091,샤쿠오 슌조,E025,발기인,발기인,7-2,,회고록단독,발기인 명단 열거
EP0092,스다 산페이,E025,발기인,발기인,7-2,,회고록단독,발기인 명단 열거
EP0093,스즈키 히사지로,E025,발기인,발기인,7-2,,회고록단독,발기인 명단 열거
EP0094,시노하라 가나메,E025,발기인,발기인,7-2,,회고록단독,발기인 명단 열거(본문 시노하라 가나오 병합맵 적용)
EP0095,시라타 신스케,E025,발기인,발기인,7-2,,회고록단독,발기인 명단 열거
EP0096,시모다 고키치,E025,발기인,발기인,7-2,,회고록단독,발기인 명단 열거
EP0097,시모즈 사부로,E025,발기인,발기인,7-2,,회고록단독,발기인 명단 열거
EP0098,아키모토 세이타로,E025,발기인,발기인,7-2,,회고록단독,발기인 명단 열거
EP0099,오구라 다케노스케,E025,발기인,발기인,7-2,,회고록단독,발기인 명단 열거
EP0100,오카다 기하치,E025,발기인,발기인,7-2,,회고록단독,발기인 명단 열거(본문 오카다 지로 병합맵 적용)
EP0101,오카다 데쓰고로,E025,발기인,발기인,7-2,,회고록단독,발기인 명단 열거
EP0102,오카모토 우이치,E025,발기인,발기인,7-2,,회고록단독,발기인 명단 열거
EP0103,오쿠보 다사부로,E025,발기인,발기인,7-2,,회고록단독,발기인 명단 열거
EP0104,오키타 스테지로,E025,발기인,발기인,7-2,,회고록단독,발기인 명단 열거
EP0105,박중양,E025,중재자,,7-3,,회고록단독,중재에 나섬 명시(조선인 관리)
EP0106,히타카 사이지,E025,중재자,수비대장 육군대위,7-3,,회고록단독,중재에 나서 구금 한국인 석방 서술
EP0107,이용익,E026,당사자·대상,관찰사,13-2,,회고록단독,담판 상대·개간 명령 주체(조선인 관리)
EP0108,도쿠라 소로쿠,E026,주도자,일본거류민회 부회장,13-2,,회고록단독,재촉받아 담판 동참 서술
EP0109,미와 조테쓰,E026,주도자,,13-2,,회고록단독,도쿠라를 재촉하고 담판 발의·주도 서술
EP0110,박중양,E026,주도자,,13-2,,회고록단독,함께 담판 동행 명시(조선인 관리)
EP0111,히자쓰키 마스키치,E026,주도자,,13-2,,회고록단독,함께 담판 동행 명시
EP0112,히타카 사이지,E026,중재자,수비대장 대위,13-2,,회고록단독,응원 요청 받아 개입(본문 성+직함 표기)
EP0113,다도코로 유키에,E027,대표·위원,민장,5-1,,회고록단독,민장 당선 명시(당선자)
EP0114,후시미노미야 히로야스,E029,당사자·대상,전하,11-4,,회고록단독,대구역 통과 봉송 대상
EP0115,가와이 아사오,E032,주도자,,26-2,,회고록단독,당선 후 첫 회의에서 인두세 불가 주장·합법 세제 요구('나'=저자 지정)
EP0116,샤쿠오 슌조,E032,참석자,방청,26-3,,회고록단독,방청석에서 야유 서술
EP0117,기리오카 긴조,E033,주도자,,14-1,,회고록단독,공동 설립 명시
EP0118,나카무라 도시마쓰,E033,주도자,이사장,14-1,,회고록단독,공동 설립·이사장 취임 명시
EP0119,도쿠라 소로쿠,E033,주도자,지배인,14-1,,회고록단독,공동 설립·지배인 취임 명시
EP0120,오타 가쓰사부로,E033,주도자,,14-1,,회고록단독,공동 설립 명시
EP0121,이노우에 쓰네나오,E033,주도자,감사 겸 회계주임,14-1,,회고록단독,공동 설립·취임 명시(본문 이노우에 쓰네타다=井上常直 구표기 병합)
EP0122,다케 아무개,E034,당사자·대상,지정 운송취급점,29-1,,회고록단독,계약 상대 명시·신규인물후보(성만 표기·이토 모토타로 가게 담당)
EP0123,가와이 아사오,E034,주도자,,29-1,,회고록단독,앞장서서 하주조합 조직('나'=저자 지정)
EP0124,샤쿠오 슌조,E035,주도자,발행,27-1,,회고록단독,순간 신문 『조선』 발행 명시
EP0125,아쿠타가와 다다시,E036,당사자·대상,주필,27-2,,회고록단독,후임 주필 승계 당사자(본문 노다 다다시 병합맵 적용)
EP0126,우에다 고쿠초,E036,당사자·대상,주필,27-2,,회고록단독,주필 부임 2개월 만 이직 당사자
EP0127,가와이 아사오,E037,당사자·대상,,31-1,,회고록단독,판매경쟁 당사자('나'=저자 지정)
EP0128,쓰지 소노지로,E037,당사자·대상,하라타지점 주임,31-1,,회고록단독,판매경쟁 상대 당사자
EP0129,사사키 이치조,E037,중재자,,31-2,,회고록단독,중간 개입해 원만 해결 명시
EP0130,사카이 만지로,E038,당사자·대상,후지이,34-2,,회고록단독,화적 피습 중상 피해자(후지이 병합맵 적용)
EP0131,우에다 기사부로,E038,참석자,환전업자,34-2,,회고록단독,조난 소식 전달 행위 명시(역할어휘 경계 사례)
EP0132,가시마 쇼키치,E040,대표·위원,소두,35-2,,회고록단독,창설 조직 구성 명단
EP0133,도쿠라 소로쿠,E040,대표·위원,관리위원,35-2,,회고록단독,관리위원 명단 열거
EP0134,마유미 다다시,E040,대표·위원,관리위원,35-2,,회고록단독,관리위원 명단 열거
EP0135,사이토 요시조,E040,대표·위원,관리위원,35-2,,회고록단독,관리위원 명단 열거
EP0136,스다 산페이,E040,대표·위원,관리위원,35-2,,회고록단독,관리위원 명단 열거(본문 스다 산폐이 구표기)
EP0137,스에마쓰 긴지로,E040,대표·위원,소두,35-2,,회고록단독,창설 조직 구성 명단
EP0138,스즈키 히사지로,E040,대표·위원,조장,35-2,,회고록단독,창설 조직 구성 명단(1906-01 시무식 당시·발기인과 역할 분리)
EP0139,시모조 효자부로,E040,대표·위원,별대부장,35-2,,회고록단독,창설 조직 구성 명단
EP0140,아베 기노스케,E040,대표·위원,소두,35-2,,회고록단독,창설 조직 구성 명단
EP0141,우라하마 야스타로,E040,대표·위원,부장,35-2,,회고록단독,창설 조직 구성 명단
EP0142,우치다 로쿠로,E040,대표·위원,관리위원,35-2,,회고록단독,관리위원 명단 열거(발기인과 역할 분리)
EP0143,하라타 요시조,E040,대표·위원,소두,35-2,,회고록단독,창설 조직 구성 명단
EP0144,스즈키 히사지로,E040,발기인,발기인,35-2,,회고록단독,발기인 열거
EP0145,우치다 로쿠로,E040,발기인,발기인,35-2,,회고록단독,발기인 열거(상호 명의 발기인 제외)
EP0146,다나카 준지,E040,참석자,별대 갈고리 담당,35-2,,회고록단독,별대 갈고리 담당 서술(구성원 행위 확인)
EP0147,서상돈,E041,당사자·대상,옹,36-2,,회고록단독,설득 받아 투자·손해 당사자(조선인 자산가)
EP0148,야기 마쓰다로,E041,주도자,,36-2,,회고록단독,서상돈 설득·부식원 설립 명시(본문 야기 마쓰타로 표기)
EP0149,요시무라 가쓰타로,E041,참석자,사무원,36-2,,회고록단독,밑에서 사무원 근무 명시
EP0150,가와이 아사오,E044,주도자,,38-1,,회고록단독,즉시 조합 조직 제창('나'=저자 지정)
EP0151,와타나베 히스루,E044,주도자,,38-1,,회고록단독,석유 문제 발의·사명 갖고 진출 서술
EP0152,오이케 주스케,E045,주도자,부산의 오이케 주스케(大池忠助),38-2,,회고록단독,성벽 파괴·도로부지 2칸 폭 99년 무상대여를 한국정부에 청원 명시
EP0153,미와 조테쓰,E046,연설자,미와 조테쓰(三輪如鐵),28-1,,회고록단독,참석해 소감 연설 명시
EP0154,가와이 아사오,E046,주도자,나,28-1,,회고록단독,'나를 더해' 주도 열거(나=가와이 아사오·병합맵)
EP0155,다도코로 유키에,E046,주도자,다토코로 유키에(田所幸衛),28-1,,회고록단독,구락부 주도 인물 열거
EP0156,마키노 슈,E046,주도자,마키노 슈(牧野周),28-1,,회고록단독,구락부 주도 인물 열거
EP0157,스즈키 히사지로,E046,주도자,스즈키 히사지로(鈴木久次郎),28-1,,회고록단독,주도 열거·발회식에서 앞장서 주도 서술
EP0158,히자쓰키 마스키치,E046,주도자,히자쓰키 마스키치(膝付益吉),28-1,,회고록단독,구락부 주도 인물 열거
EP0159,박중양,E046,참석자,박중양(일본 이름 야마모토 신),28-1,,회고록단독,발회식에서 저자가 처음 만났다는 서술
EP0160,우에다 고쿠초,E046,참석자,우에다 고쿠초(上田黒潮),28-1,,회고록단독,발회식에서 저자가 처음 만났다는 서술
EP0161,이다 아키라,E046,참석자,이다 아키라(飯田章) 경무고문,28-1,,회고록단독,내회 서술
EP0162,이와세 시즈카,E046,참석자,이와세 시즈카(岩瀬静),28-1,,회고록단독,참석 명시
EP0163,이토 쓰네조,E046,참석자,이토 쓰네조(伊藤恆藏) 재무고문,28-1,,회고록단독,내회 서술
EP0164,다도코로 유키에,E047,당사자·대상,다도코로 민장,24-2,,회고록단독,진언 거부·반성 촉구의 대상
EP0165,오키타 스테지로,E047,주도자,오키타 스테지로(沖田棄次郎),24-2;24-3,,회고록단독,동지 규합·쇄신회 결성·선언서 집필 서술
EP0166,가와이 아사오,E048,당사자·대상,가와이 아사오(河井朝雄),24-3;25-1,,회고록단독,쇄신회 후보·25표 낙선
EP0167,다도코로 유키에,E048,당사자·대상,다도코로(田所) 민장,25-1,,회고록단독,무효표 처리 논란·선거 후 면담·투표용지 점검 상대
EP0168,마치다 규고,E048,당사자·대상,마치다 규고(町田久吾),24-3,,회고록단독,쇄신회 후보 추천·입후보 불승낙
EP0169,오카모토 우이치,E048,당사자·대상,오카모토 우이치(岡本宇一),24-3;25-1,,회고록단독,쇄신회 후보 추천·낙선
EP0170,오키타 스테지로,E048,당사자·대상,쇄신회 후보자,24-3;25-1,,회고록단독,쇄신회 후보 추천·낙선(어휘에 '후보' 없어 당사자 처리)
EP0171,고다마 이타로,E048,대표·위원,고다마 이타로(兒玉伊太郎),24-3;25-1,,회고록단독,민장파 후보·27표 당선
EP0172,도쿠라 소로쿠,E048,대표·위원,도쿠라 소로쿠(戸倉十六),24-3;25-1,,회고록단독,민장파 후보·당선
EP0173,오구라 다케노스케,E048,대표·위원,오구라 다케노스케(小倉武之助),24-3;25-1,,회고록단독,민장파 후보·최다 48표 당선
EP0174,히자쓰키 마스키치,E048,대표·위원,히자쓰키 마스키치(膝付益吉),24-3;25-1,,회고록단독,민장파 후보·당선
EP0175,가와이 아사오,E049,당사자·대상,나(가와이),25-1;25-2;26-2,,회고록단독,무효표 처리 항의·소원 준비 당사자
EP0176,다도코로 유키에,E049,당사자·대상,다도코로(田所) 민장,25-1;26-2,,회고록단독,분쟁 상대방·사과 당사자
EP0177,도쿠라 소로쿠,E049,당사자·대상,도쿠라 소로쿠(戸倉十六),26-2,,회고록단독,평의원 사퇴 당사자
EP0178,가와이 아사오,E049,대표·위원,차점자,26-2,,회고록단독,도쿠라 사퇴로 차점 당선
EP0179,도쿠라 소로쿠,E049,중재자,도쿠라 소로쿠(戸倉十六),26-2,,회고록단독,사퇴 제안으로 타협 설득
EP0180,마스다 도라타,E049,중재자,마스다 도라타(增田虎太),26-1;26-2,,회고록단독,타협 권유·도쿠라 동반 설득
EP0181,오키타 도시타로,E049,중재자,오키타 도시타로(沖田敏太郎),25-2,,회고록단독,가와이 측 소원장 집필로 제3자 개입(중립적 중재 아님·경계)
EP0182,하타모토 기헤이,E049,중재자,민회 수석 서기 하타모토 기헤이(畑本儀平),26-1;26-2,,회고록단독,방문 설득·'중재에 나서' 명시
EP0183,아와타 에이지로,E050,대표·위원,교장 겸 교사 아와타 에이지로(粟田英次郎),30-2,,회고록단독,개교 시 교장 겸 교사 위촉
EP0184,히자쓰키 마스키치,E050,주도자,히자쓰키(膝付),30-1,,회고록단독,공학 불가 설득·소학교 설립 종용 명시
EP0185,나가에 요시마사,E050,참석자,나가에 요시마사(長泳義正),30-2,,회고록단독,개교 당시 재학생 명단 열거
EP0186,다나카 가나메,E050,참석자,다나카 가나메(田中 要),30-2,,회고록단독,개교 당시 재학생 명단 열거
EP0187,아카시 세이코,E050,참석자,아카시 세이코(明石せい子),30-2,,회고록단독,개교 당시 재학생 명단 열거
EP0188,야마노 우에쿠니,E050,참석자,야마노 우에쿠니(山の上くに) 여사,30-2,,회고록단독,개교 당시 재학생 명단 열거
EP0189,야마다 히로미치,E050,참석자,야마다 히로미치(山田博道),30-2,,회고록단독,개교 당시 재학생 명단 열거
EP0190,오치 치에코,E050,참석자,오치 와스케의 부인 치에코(ちゑ子),30-2,,회고록단독,개교 당시 재학생 명단 열거
EP0191,다도코로 유키에,E052,참석자,다도코로(田所) 민회장,13-3,,회고록단독,요배식 입회 명시
EP0192,아리마 고코,E052,참석자,아리마(有馬) 경찰서장,13-3,,회고록단독,요배식 입회 명시
EP0193,야마다(수비대장),E052,참석자,후임 수비대장 야마다(山田) 중위,13-3,,회고록단독,요배식 입회 명시
EP0194,가시마 쇼키치,E055,대표·위원,소두(小頭),35-2,,회고록단독,임원 명단
EP0195,스에마쓰 긴지로,E055,대표·위원,소두(小頭),35-2,,회고록단독,임원 명단
EP0196,스즈키 히사지로,E055,대표·위원,조장(組長),35-2,,회고록단독,시무식 당시 임원 명단(조장)
EP0197,시모조 효자부로,E055,대표·위원,별대(別隊)부장,35-2,,회고록단독,임원 명단
EP0198,아베 기노스케,E055,대표·위원,소두(별대),35-2,,회고록단독,임원 명단
EP0199,우라하마 야스타로,E055,대표·위원,부장(副長),35-2,,회고록단독,임원 명단
EP0200,하라타 요시조,E055,대표·위원,소두(별대),35-2,,회고록단독,임원 명단
EP0201,다나카 준지,E055,참석자,별대 갈고리 담당,35-2,,회고록단독,당시 별대 갈고리 담당 서술
EP0202,다도코로 유키에,E056,발기인,다도코로 민장,42-2,,회고록단독,'민장 및 평의회 의장 등의 발기' 명시
EP0203,오키타 스테지로,E057,당사자·대상,편집,70-2,,회고록단독,편집 취임·2개월 만 사퇴 당사자
EP0204,사토 겐쇼,E058,당사자·대상,사토 겐쇼(佐藤玄性) 법사,29-4,,회고록단독,후임 승계 당사자
EP0205,스토 시즈야,E058,당사자·대상,스토 시즈야(首蕂諍也) 법사,29-4,,회고록단독,전임 명령으로 이임 당사자
EP0206,하세가와 요시미치,E059,당사자·대상,통감대리 하세가와 요시미쓰(長谷川好道) 대장,42-2,,회고록단독,진정 방문의 교섭 상대방(대표 표기 하세가와 요시미치)
EP0207,다도코로 유키에,E059,대표·위원,다도코로 민장·거류민 일동 대표,42-2,,회고록단독,거류민 대표로 경성행·이사청 설치와 민단법 시행 요망
EP0208,의친왕,E063,대표·위원,특파대사 의친왕 전하,47-2,,회고록단독,특파대사 파견 명시·신규인물후보
EP0209,이근호,E063,대표·위원,부사(副使) 육군부장,47-2,,회고록단독,부사로 파견·전 경북관찰사
EP0210,박중양,E063,참석자,수행원(한국 군부 기사 자격),47-2,,회고록단독,수행원으로 참석 명시
EP0211,다도코로 유키에,E065,당사자·대상,거류민회장 다도코로 유키에(田所幸衛),51-3;30-3,,회고록단독,신문 공격 대상·사표 취합·사무 잔무 처리 당사자
EP0212,이와세 시즈카,E065,당사자·대상,이와세 시즈카(岩瀬靜),51-3;30-3,,회고록단독,신문 공격 대상
EP0213,사카모토 준,E065,주도자,사카모토 준(坂本淳),51-3;30-3,,회고록단독,대구일일신문 지면에서 다도코로·의원 공격 주도
EP0214,이와사키 다미야,E066,대표·위원,초대 신관,53-4,,회고록단독,초대 신관 위촉
EP0215,미와 조테쓰,E066,주도자,미와 조테쓰(三輪如鉄),53-4,,회고록단독,앞장서서 요배전 건축 주선 명시
EP0216,이와세 시즈카,E066,주도자,이와세 시즈카(岩瀬静),42-2,,회고록단독,건축비 1500원 중 150원 솔선 기부(기부자 어휘 부재·경계)
EP0217,가와이 아사오,E068,대표·위원,영업주임,14-1;14-2,,회고록단독,영업주임 초빙·경매시장 신설 등 성과 서술
EP0218,사토 이사부로,E068,대표·위원,후임(영업주임),14-2,,회고록단독,가와이 추천으로 후임 영업주임
EP0219,마에다 아쓰시,E069,당사자·대상,마에다 아쓰시(前田篤志),30-2,,회고록단독,승계 당사자
EP0220,아와타 에이지로,E069,당사자·대상,아와타 교장,30-2,,회고록단독,1906년 봄 이임 당사자
EP0221,히와타시 세이에이,E069,당사자·대상,히와타시 세이에이(樋渡清栄),30-2,,회고록단독,마에다 후임 부임 당사자
EP0222,다도코로 유키에,E070,당사자·대상,다도코로(田所) 민장,42-2,,회고록단독,민장 반대 운동의 대상
EP0223,이와세 시즈카,E070,당사자·대상,이와세 시즈카(岩瀬静),42-2,,회고록단독,반감의 대상
EP0224,니시모토 민조,E070,대표·위원,니시모토 민조(西本民城),42-2,,회고록단독,보궐선거로 등장한 평의원 열거·민장과 충돌
EP0225,류 고키치,E070,대표·위원,류 고키치(龍浩吉),42-2,,회고록단독,보궐선거로 등장한 평의원 열거·민장과 충돌
EP0226,아카호시 조조,E070,대표·위원,아카호시 조조(赤星讓三),42-2,,회고록단독,보궐선거로 등장한 평의원 열거·민장과 충돌
EP0227,오키타 도시타로,E070,대표·위원,오키타 도시타로(沖田敏太郎),42-2,,회고록단독,보궐선거로 등장한 평의원 열거·민장과 충돌
EP0228,이나가키 시게미치,E070,대표·위원,이나가키 시게미치(稲垣重道),42-2,,회고록단독,보궐선거로 등장한 평의원 열거·민장과 충돌
EP0229,오구라 다케노스케,E071,주도자,오구라 다케노스케(小倉武之助),42-3,,회고록단독,출자자를 모아 조직 명시
EP0230,곤도 렌페이,E071,참석자,일본우선계의 곤도 렌페이(近藤廉平),42-3,,회고록단독,출자자로 규합(출자자 어휘 부재·경계)
EP0231,후루쇼 모토사네,E072,주도자,구마모토현의 정객 후루쇼 모토사네(古荘幹實),42-3,,회고록단독,기업전습소 설립 명시
EP0232,서상돈,E073,주도자,서상돈(徐相敦) 옹,42-3,,회고록단독,후원으로 설립(후원자 어휘 부재·경계)
EP0233,시노하라 이마시로,E073,주도자,시노하라 이마시로(篠原今四郎),42-3,,회고록단독,잠업전습소 설립 명시
EP0234,이종국,E073,주도자,이종국,42-3,,회고록단독,공동경영 방식 운영 명시
EP0235,우시오카 라히사,E074,당사자·대상,우시오카 라히사(潮嘉良久),45-2,,회고록단독,습격으로 피살(피해자)
EP0236,쓰치야 히코타로,E075,대표·위원,지배인 법학사,46-1,,회고록단독,지배인 취임 명시
EP0237,이석진,E075,대표·위원,은행장,46-1;46-2,,회고록단독,은행장 추대 명시
EP0238,가와이 아사오,E075,참석자,가와이 아사오 댁 최영옥(河井朝雄方 崔栄玉) 명의,46-1,,회고록단독,차명 10주 소유
EP0239,이와세 시즈카,E075,참석자,서정돈(徐正敦) 명의,46-1,,회고록단독,차명으로 다수 주식 소유(출자 참여·경계)
EP0240,이토 히로부미,E077,주도자,이토 공,47-2,,회고록단독,소로카쿠 초대연 주최(병합맵 경칭 지정)
EP0241,가쓰라 다로,E077,참석자,가쓰라(桂) 대장,47-2,,회고록단독,배빈 격 참석 명시
EP0242,박중양,E077,참석자,통역,47-2,,회고록단독,통역 수행·이토의 호평 서술
EP0243,야마가타 아리토모,E077,참석자,야마가타(山縣) 원수,47-2,,회고록단독,배빈 격 참석 명시
EP0244,이근호,E077,참석자,주빈 이근호 부사,47-2,,회고록단독,주빈으로 초대·감사 인사
EP0245,마에다 아쓰시,E078,대표·위원,교장 마에다 오쓰시(前田篤志),53-2,,회고록단독,완공 당시 교장
EP0246,모리나가 소이치,E078,대표·위원,실무,53-2,,회고록단독,당시 실무 담당(본문 표기 有永宗一)
EP0247,가게야마 히데키,E078,주도자,가게야마 위원장,53-2,,회고록단독,취임 즉시 소학교 건축계획 수립
EP0248,오카모토 리헤이,E078,주도자,오카모토 부이사관,53-1,,회고록단독,부이사관의 열띤 원조로 기부금 모집(경계)
EP0249,이와세 시즈카,E078,주도자,이와세 시즈카(岩瀬静),53-1;53-2,,회고록단독,850원 솔선 기부·몸소 모집 동분서주 명시
EP0250,나카기리 하루타로,E079,대표·위원,기사(技師),52-2,,회고록단독,출장소 개설 시 기사 착임
EP0251,하세가와 야소키치,E079,대표·위원,기수(技手),52-2,,회고록단독,기수 착임
EP0252,니시야마 유스케,E080,대표·위원,학감 교사,52-3,,회고록단독,학감 교사 착임 명시
EP0253,엄성구,E080,대표·위원,교장,52-3,,회고록단독,교장 착임 명시
EP0254,박중양,E081,당사자·대상,관찰사 서리 박 씨,55-2;57-1,,회고록단독,불인가 명령·비위조사 칙서의 대상
EP0255,이토 히로부미,E081,중재자,이토 공,57-1,,회고록단독,'이토 공이 나서서 무마' 명시(병합맵 경칭 지정)
EP0256,서상돈,E082,대표·위원,대구시장 추대,67-1,,회고록단독,명망가로 대구시장 추대 명시
EP0257,모쿠자키 야소하치,E083,대표·위원,서무,67-2,,회고록단독,개원 당시 직원 명단
EP0258,사토 스스무,E083,대표·위원,군의총감 사토 스스무(佐藤進) 박사,67-2,,회고록단독,낙성식에 동인회가 파견
EP0259,스즈키 하치로,E083,당사자·대상,약제사(직원),67-2,,회고록단독,개원 당시 직원 명단 | [재판정 정정] 대표·위원→당사자·대상(개원 직원 명단)
EP0260,이케가미 시로,E083,대표·위원,원장 의학사,67-2,,회고록단독,1907-03-12 착임·직원 명단
EP0261,후지나와 분준,E083,대표·위원,부원장,67-2,,회고록단독,개원 당시 직원 명단
EP0262,후쿠타케 쇼조,E083,대표·위원,의원,67-2,,회고록단독,개원 당시 직원 명단
EP0263,후지나와 분준,E083,주도자,후지나와 분준(藤縄文順),67-2,,회고록단독,동인의원 유치 주선·개업소에 문패 걸고 사무 개시
EP0264,혼다 고스케,E084,주도자,수원모범장장 혼다 고스케(本田孝介) 박사,65-5,,회고록단독,실지 시찰 결과 설치 명시
EP0265,가와이 아사오,E087,참석자,나의 첫 전화번호 115번,48-3,,회고록단독,개통 시 가입 서술
EP0266,구로카와 엔지,E087,참석자,36번 구로카와 엔지(黒川園次),48-3,,회고록단독,당시 전화번호 유지자 명단(경계)
EP0267,와카바야시 세이스케,E087,참석자,22번 와카바야시 세이스케(若林清助),48-3,,회고록단독,당시 전화번호 유지자 명단(경계)
EP0268,우치다 로쿠로,E087,참석자,32번 우치다 로쿠로(内田六郎),48-3,,회고록단독,당시 전화번호 유지자 명단(경계)
EP0269,이토 기치사부로,E087,참석자,123번 이토 기치사부로(伊藤吉三郎),48-3,,회고록단독,당시 전화번호 유지자 명단(경계)
EP0270,후지나와 분준,E087,참석자,30번 후지나와 분준(藤縄文順),48-3,,회고록단독,당시 전화번호 유지자 명단(경계)
EP0271,박중양,E088,당사자·대상,대구군수 겸 관찰사 서리,47-3;49-1,,회고록단독,이토 추천으로 임명된 당사자·1906년 7월 임관
EP0272,이토 히로부미,E088,주도자,이토 공(公),47-3,,회고록단독,'공의 추천으로 등용' 명시(병합맵 경칭 지정)
EP0273,다카시마 고하치,E089,당사자·대상,이사청 속관,51-1,,회고록단독,속관 임명 명시
EP0274,다키하라 기타로,E089,당사자·대상,이사청 속관,51-1,,회고록단독,속관 임명 명시
EP0275,오다 센,E089,당사자·대상,이사청 속관,51-1,,회고록단독,속관 임명 명시(전 진해면장)
EP0276,오카모토 리헤이,E089,당사자·대상,부이사관,51-1,,회고록단독,부이사관 임명 명시
EP0277,가게야마 히데키,E089,연설자,전 대의사 축사,51-1,,회고록단독,축사 명시
EP0278,다도코로 유키에,E089,연설자,거류민 대표 축사,51-1,,회고록단독,거류민 대표 축사 명시
EP0279,박중양,E089,연설자,대구 군수 축사 연설,51-1,,회고록단독,축사 연설 명시 — 조선인 관리
EP0280,오카모토 리헤이,E089,연설자,답사,51-1;51-2,,회고록단독,개청식 답사 명시
EP0281,오카모토 리헤이,E090,주도자,부이사관,51-2,,회고록단독,전보 수신·내빈에 공표 서술
EP0282,마키노 슈,E091,당사자·대상,,51-3,,회고록단독,경영 일임 후 퇴진(이전 당사자)
EP0283,사카모토 준,E091,당사자·대상,,51-3,,회고록단독,경영 일임받은 당사자
EP0284,가게야마 히데키,E092,대표·위원,설립위원장,53-1,,회고록단독,설립위원장 임명 명시
EP0285,도쿠라 소로쿠,E092,대표·위원,회계위원,53-1,,회고록단독,회계위원 임명 명시
EP0286,오카모토 리헤이,E092,주도자,부이사관,53-1,,회고록단독,설립위원장·회계위원 임명 주체
EP0287,가게야마 히데키,E093,대표·위원,대리민장,53-3,,회고록단독,대리민장 임명 명시
EP0288,도쿠라 소로쿠,E093,대표·위원,대리조역 겸 회계,53-3,,회고록단독,대리조역 겸 회계 임명 명시
EP0289,나카에 고로헤이,E094,주도자,,54-4;55-1,,회고록단독,비밀 계획 참여·인부 고용 실행
EP0290,박중양,E094,주도자,대구 군수 겸 관찰사 서리,47-3;55-1;55-2;3-1,,회고록단독,독단 결행·직을 걸고 철거 감행 — 조선인 관리
EP0291,사이토 요시조,E094,주도자,,54-4;55-1,,회고록단독,비밀 계획 참여·인부 고용 실행
EP0292,오카모토 리헤이,E094,참석자,조력,51-2,,회고록단독,'많은 힘을 보태주었다' 조력 서술 | [재판정 정정] 주도자→참석자(원문: 많은 힘을 보태주었다 — 조력)
EP0293,이와세 시즈카,E094,주도자,,54-4;55-1,,회고록단독,비밀 계획 참여·인부 고용 실행
EP0294,이토 모토타로,E094,주도자,명의상 작업자,54-4;55-1,,회고록단독,계획 참여·표면상 작업 명의인
EP0295,이토 모토타로,E095,당사자·대상,성벽 파괴작업 명의인,55-3,,회고록단독,청부 이관 안건의 대상
EP0296,가미모리 겐자부로,E095,대표·위원,북문 위원,55-3,,회고록단독,위원 명단 열거
EP0297,가와이 아사오,E095,대표·위원,남문 위원(나),55-3,,회고록단독,위원 명단 열거·청부안 반대 주도·퇴장 명령 대상 — 병합맵('나'=가와이)
EP0298,나카에 고로헤이,E095,대표·위원,서문 위원,55-3,,회고록단독,위원 명단 열거
EP0299,도쿠라 소로쿠,E095,대표·위원,서문 위원,55-3,,회고록단독,위원 명단 열거
EP0300,마스다 도라타,E095,대표·위원,남문 위원,55-3,,회고록단독,위원 명단 열거·청부안 반대·퇴장 명령 대상
EP0301,마치다 규고,E095,대표·위원,북문 위원,55-3,,회고록단독,위원 명단 열거
EP0302,세노 히사타로,E095,대표·위원,남문 위원,55-3,,회고록단독,위원 명단 열거·청부안 반대·퇴장 명령 대상
EP0303,오구라 다케노스케,E095,대표·위원,동문 위원,55-3,,회고록단독,위원 명단 열거
EP0304,오쿠보 다사부로,E095,대표·위원,동문 위원,55-3,,회고록단독,위원 명단 열거
EP0305,요시다 사시치,E095,대표·위원,북문 위원,55-3,,회고록단독,위원 명단 열거
EP0306,요시다 주이치로,E095,대표·위원,동문 위원,55-3,,회고록단독,위원 명단 열거
EP0307,이와세 시즈카,E095,대표·위원,서문 위원,55-3,,회고록단독,위원 명단 열거·역전 도로폭 8칸 주장
EP0308,가게야마 히데키,E095,주도자,대리민장,55-3,,회고록단독,규정 제정·위원 위촉·퇴장 명령·결의 주재
EP0309,가게야마 히데키,E096,당사자·대상,대리민장,56-2;56-3,,회고록단독,항의 방문·추궁의 대상(해명)
EP0310,이토 모토타로,E096,당사자·대상,,56-2,,회고록단독,청부 이관 완강 거부(교섭 상대)
EP0311,가와이 아사오,E096,주도자,남문위원(나),56-2,,회고록단독,가게야마 자택 방문·경과 추궁
EP0312,마스다 도라타,E096,주도자,남문위원,56-2,,회고록단독,단도직입 추궁 발언
EP0313,세노 히사타로,E096,주도자,남문위원,56-2,,회고록단독,항의 방문 3인에 포함
EP0314,사카모토 준,E097,당사자·대상,경영자,70-2,,회고록단독,당시 경영자 명시
EP0315,마키노 슈,E097,주도자,사주,70-2,,회고록단독,경영 인수·재개제 주체
EP0316,와다 유지,E098,당사자·대상,인천 관측소장 와다 박사,50-2;57-1,,회고록단독,기념비 이전 상의 상대(측후소 존치 합의)
EP0317,나카에 고로헤이,E098,주도자,,55-1,,회고록단독,극비 실행 4인
EP0318,박중양,E098,주도자,관찰사 서리,55-1;55-2;57-1,,회고록단독,철거 감행·'성벽 철거는 박중양의 영단' — 조선인 관리
EP0319,사이토 요시조,E098,주도자,,55-1,,회고록단독,극비 실행 4인
EP0320,오카모토 리헤이,E098,주도자,오카모토 부이사관,56-3,,회고록단독,부역 징발 조력
EP0321,이와세 시즈카,E098,주도자,,55-1,,회고록단독,극비 실행 4인
EP0322,이토 모토타로,E098,주도자,작업자 명의인,55-1;56-2;56-3,,회고록단독,실행 4인·파괴작업 계속 진행
EP0323,후쿠나가 도쿠지로,E098,주도자,,50-2,,회고록단독,석빙고 보존 건의·기념비 이전 주선
EP0324,이토 히로부미,E098,중재자,이토 공,57-1,,회고록단독,불인가·비위 조사 국면에서 나서 무마 — 병합맵 적용
EP0325,가미모리 겐자부로,E099,대표·위원,창립위원,57-3,,회고록단독,창립위원 명단 열거
EP0326,가미야 도요나리,E099,대표·위원,창립위원,57-3,,회고록단독,창립위원 명단 열거
EP0327,고미야 히코지,E099,대표·위원,임시 사무원,57-3,,회고록단독,임시 사무원 위촉
EP0328,나카에 고로헤이,E099,대표·위원,창립위원,57-3,,회고록단독,창립위원 명단 열거
EP0329,나카자와 덴노스케,E099,대표·위원,창립위원,57-3,,회고록단독,창립위원 명단 열거
EP0330,마스다 도라타,E099,대표·위원,창립위원,57-3,,회고록단독,창립위원 명단 열거
EP0331,스기하라 신키치,E099,대표·위원,창립위원,57-3,,회고록단독,창립위원 명단 열거
EP0332,쓰치야 히코타로,E099,대표·위원,창립위원·창립위원장,57-3,,회고록단독,명단 열거·호선 추대
EP0333,야스마쓰 구마키치,E099,대표·위원,창립위원,57-3,,회고록단독,명단 열거(원문 '야스마쓰 구미키치' 구표기)
EP0334,오키타 스테지로,E099,대표·위원,창립위원·임시 사무주임,57-3,,회고록단독,명단 열거·사무주임 촉탁
EP0335,와타나베 히스루,E099,대표·위원,창립위원,57-3,,회고록단독,창립위원 명단 열거
EP0336,이노 히데스케,E099,대표·위원,창립위원,57-3,,회고록단독,창립위원 명단 열거
EP0337,이와세 시즈카,E099,대표·위원,창립위원,57-3,,회고록단독,창립위원 명단 열거
EP0338,이즈미 스에지,E099,대표·위원,창립위원,57-3,,회고록단독,창립위원 명단 열거
EP0339,오카모토 리헤이,E099,주도자,부이사관,57-3,,회고록단독,창립위원 13명 임명 주체
EP0340,이토 히로부미,E100,당사자·대상,이토 공,27-1,,회고록단독,제2호 사설의 공격 대상(발행 중지 빌미) — 병합맵 적용
EP0341,샤쿠오 슌조,E100,주도자,,27-1,,회고록단독,간행 기획 명시
EP0342,시노하라 가나메,E100,주도자,회계,27-1,,회고록단독,회계 담당 명시
EP0343,이나모토 신신,E100,주도자,경영,27-1,,회고록단독,경영 자처·자금 모집
EP0344,오카모토 리헤이,E101,당사자·대상,오카모토 부이사관,60-4,,회고록단독,인가 저지·견제 운동의 상대
EP0345,가와이 아사오,E101,주도자,나,60-4,,회고록단독,견제 운동 주체(1인칭 회고 문맥·주어 생략)
EP0346,가게야마 히데키,E102,대표·위원,부위원장,72-3,,회고록단독,부위원장 위촉 명시
EP0347,가와이 아사오,E102,대표·위원,협찬위원,72-3,,회고록단독,협찬위원 명단 열거
EP0348,구로카와 엔지,E102,대표·위원,협찬위원,72-3,,회고록단독,협찬위원 명단 열거
EP0349,나카에 고로헤이,E102,대표·위원,협찬위원,72-3,,회고록단독,협찬위원 명단 열거
EP0350,나카오지 마사오,E102,대표·위원,위원장,72-3,,회고록단독,위원장 위촉 명시
EP0351,나카자와 덴노스케,E102,대표·위원,협찬위원,72-3,,회고록단독,협찬위원 명단 열거
EP0352,도쿠라 소로쿠,E102,대표·위원,협찬위원,72-3,,회고록단독,협찬위원 명단 열거(원문 '도구라 소로쿠')
EP0353,마스다 도라타,E102,대표·위원,협찬위원,72-3,,회고록단독,협찬위원 명단 열거
EP0354,마에카와 도모지,E102,대표·위원,협찬위원,72-3,,회고록단독,협찬위원 명단 열거
EP0355,마치다 규고,E102,대표·위원,협찬위원,72-3,,회고록단독,협찬위원 명단 열거
EP0356,박중양,E102,대표·위원,협찬위원,72-3,,회고록단독,협찬위원 명단 열거 — 조선인 관리
EP0357,사카이 만지로,E102,대표·위원,협찬위원,72-3,,회고록단독,협찬위원 명단 열거
EP0358,스다 산페이,E102,대표·위원,협찬위원,72-3,,회고록단독,협찬위원 명단 열거
EP0359,시모다 고키치,E102,대표·위원,협찬위원,72-3,,회고록단독,협찬위원 명단 열거
EP0360,쓰지 소노지로,E102,대표·위원,협찬위원,72-3,,회고록단독,협찬위원 명단 열거
EP0361,쓰치야 히코타로,E102,대표·위원,협찬위원,72-3,,회고록단독,협찬위원 명단 열거
EP0362,오구라 다케노스케,E102,대표·위원,협찬위원,72-3,,회고록단독,협찬위원 명단 열거
EP0363,오카모토 리헤이,E102,대표·위원,부위원장,72-3,,회고록단독,부위원장 위촉 명시
EP0364,와타나베 히스루,E102,대표·위원,협찬위원,72-3,,회고록단독,협찬위원 명단 열거
EP0365,이노우에 다쓰지로,E102,대표·위원,협찬위원,72-3,,회고록단독,협찬위원 명단 열거
EP0366,이와세 시즈카,E102,대표·위원,협찬위원,72-3,,회고록단독,협찬위원 명단 열거
EP0367,이즈미 스에지,E102,대표·위원,협찬위원,72-3,,회고록단독,협찬위원 명단 열거
EP0368,후지나와 분준,E102,대표·위원,협찬위원,72-3,,회고록단독,협찬위원 명단 열거
EP0369,가와이 아사오,E103,당사자·대상,나,82-4,,회고록단독,1906-12-27 동시 사임
EP0370,기도 다다지로,E103,당사자·대상,,82-4,,회고록단독,1907-12-16 사임
EP0371,나카에 고로헤이,E103,당사자·대상,의장,82-4,,회고록단독,1907-10-28 사임
EP0372,나카자와 덴노스케,E103,당사자·대상,,82-4,,회고록단독,1906-12-27 사임
EP0373,니시모토 민조,E103,당사자·대상,당선 불수락,82-4,,회고록단독,당선 수락 거부
EP0374,미카지리 다케사부로,E103,당사자·대상,,82-4,,회고록단독,1907-02 집안 형편 사임
EP0375,스기하라 신키치,E103,당사자·대상,,82-4,,회고록단독,1907-12-16 사임
EP0376,스다 산페이,E103,당사자·대상,,82-4,,회고록단독,1907-12-16 사임
EP0377,시모다 고키치,E103,당사자·대상,,82-4,,회고록단독,1907-12-16 사임
EP0378,이와세 시즈카,E103,당사자·대상,,82-4,,회고록단독,1906-12-27 사임
EP0379,오구라 다케노스케,E103,대표·위원,의장 당선,82-4,,회고록단독,나카에 사임 후 11-29 민회 의장선거 당선
EP0380,아오키 시게노부,E104,당사자·대상,반대 후보(낙선),57-2;58-2;59-1,,회고록단독,반대 후보 명시·낙선
EP0381,와타나베 히스루,E104,당사자·대상,반대 후보(낙선),57-2;58-2;59-1,,회고록단독,반대 후보 명시·낙선
EP0382,이노우에 다쓰지로,E104,당사자·대상,공인후보(낙선),57-2;59-1,,회고록단독,공인후보 중 유일 낙선 명시
EP0383,가와이 아사오,E104,대표·위원,반대 후보·당선,57-2;58-2;59-1,,회고록단독,반대파 유일 당선·수락
EP0384,기도 다다지로,E104,대표·위원,공인후보·당선,57-2;59-1,,회고록단독,당선자 명단 열거
EP0385,나카에 고로헤이,E104,대표·위원,공인후보·당선,57-2;59-1,,회고록단독,당선자 명단 열거
EP0386,나카자와 덴노스케,E104,대표·위원,공인후보·당선,57-2;59-1,,회고록단독,당선자 명단 열거
EP0387,니시모토 민조,E104,대표·위원,공인후보·당선,57-2;59-1,,회고록단독,당선자 명단 열거·당선 불수락
EP0388,마스다 도라타,E104,대표·위원,공인후보·당선,57-2;59-1,,회고록단독,당선자 명단 열거(내부 교섭 없는 공인)
EP0389,미카지리 다케사부로,E104,대표·위원,공인후보·당선,57-2;59-1,,회고록단독,당선자 명단 열거
EP0390,사카이 만지로,E104,대표·위원,후지이 만지로·당선,57-2;59-1,,회고록단독,당선자 명단 열거 — 병합맵(후지이=사카이 개명)
EP0391,스기하라 신키치,E104,대표·위원,공인후보·당선,57-2;59-1,,회고록단독,당선자 명단 열거
EP0392,스다 산페이,E104,대표·위원,공인후보·당선,57-2;59-1,,회고록단독,당선자 명단 열거
EP0393,시모다 고키치,E104,대표·위원,공인후보·당선,57-2;59-1,,회고록단독,당선자 명단 열거
EP0394,이와세 시즈카,E104,대표·위원,공인후보·당선,57-2;59-1,,회고록단독,당선자 명단 열거
EP0395,가게야마 히데키,E104,주도자,대리민장,59-1,,회고록단독,선거 관리·당선 통지서 발송
EP0396,모리사키 시카마쓰,E104,주도자,참모,58-2,,회고록단독,가와이 진영 참모 명시
EP0397,미쓰하시 에이타로,E104,주도자,참모,58-2,,회고록단독,가와이 진영 참모 명시
EP0398,후쿠나가 도쿠지로,E104,주도자,참모장,58-2,,회고록단독,가와이 진영 참모장 명시
EP0399,가게야마 히데키,E105,대표·위원,민단장,59-2,,회고록단독,민장 당선
EP0400,나카에 고로헤이,E105,대표·위원,의장,59-2,,회고록단독,의장 당선(9표)
EP0401,도쿠라 소로쿠,E105,대표·위원,조역 겸 회계역,59-2,,회고록단독,조역 겸 회계역 당선
EP0402,가와이 아사오,E105,주도자,나,59-2;59-3,,회고록단독,유곽지 즉결 극력 반대·연기 관철(선정위원 거절)
EP0403,기도 다다지로,E105,주도자,기도 의원,59-3,,회고록단독,즉결론 역습 발언
EP0404,마스다 도라타,E105,주도자,마스다 의원,59-2;59-3,,회고록단독,반대 주장 지지(선정위원 거절)
EP0405,시모다 고키치,E105,주도자,시모다 의원,59-3,,회고록단독,즉결론 역습 발언
EP0406,가와이 아사오,E106,당사자·대상,,60-3,,회고록단독,결의 전 사표 제출(당선 7일 만 사임)
EP0407,나카자와 덴노스케,E106,당사자·대상,,60-3,,회고록단독,결의 전 사표 제출
EP0408,이와세 시즈카,E106,당사자·대상,,60-3,,회고록단독,결의 전 사표 제출
EP0409,가와이 아사오,E106,주도자,나,60-3,,회고록단독,결의 극력 저지·이해관계 의원 퇴장 주장
EP0410,나카자와 덴노스케,E106,중재자,,60-3,,회고록단독,별실 무마·완화책 강구
EP0411,샤쿠오 슌조,E107,참석자,,61-3,,회고록단독,휘호 비평(원문 '샤쿠오(釋尾)' — 대표표기 적용)
EP0412,와타나베 우조,E107,참석자,서예가,61-3,,회고록단독,별실 휘호 시연·응수 일화
EP0413,이와세 시즈카,E107,참석자,,61-3,,회고록단독,연회 참석·서예가 우조 소개
EP0414,가와이 아사오,E108,당사자·대상,나,62-1;62-3,,회고록단독,신발 사건 충돌·폭행당한 당사자
EP0415,이와세 시즈카,E108,당사자·대상,,62-1;62-3,,회고록단독,힐난·충돌 당사자
EP0416,나카자와 덴노스케,E108,중재자,,62-1;62-3,,회고록단독,중재로 수습 명시
EP0417,나카에 고로헤이,E108,참석자,,62-1,,회고록단독,2차 술자리 참가자 열거
EP0418,도쿠라 소로쿠,E108,참석자,,62-1,,회고록단독,2차 술자리 참가자 열거
EP0419,사이토,E108,참석자,사이토(斎藤),62-1,,회고록단독,참가자 열거 — 성만 표기·동정 불확실·신규인물후보
EP0420,박중양,E109,참석자,박 대구군수,38-1,,회고록단독,참석 명시 — 조선인 관리
EP0421,오카모토 리헤이,E109,참석자,오카모토 부이사관,38-1,,회고록단독,낙성식 참석 명시
EP0422,요시카와 가메키치,E109,참석자,주최측(부산),38-1,,회고록단독,부산에서 내참
EP0423,우치야마 요네타로,E109,참석자,주최측(부산),38-1,,회고록단독,부산에서 내참
EP0424,이나타 나카지,E109,참석자,주최측(부산),38-1,,회고록단독,부산에서 내참
EP0425,사이토 요시조,E111,대표·위원,후보,63-1;63-2,,회고록단독,추천 4인·정원 충원 서술(개별 당선 명시 없음)
EP0426,야스마쓰 구마키치,E111,대표·위원,후보,63-1,,회고록단독,추천 4인·정원 충원 서술(개별 당선 명시 없음)
EP0427,오구라 다케노스케,E111,대표·위원,후보,63-1;63-2,,회고록단독,추천 4인·정원 충원 서술(개별 당선 명시 없음)
EP0428,와타나베 히스루,E111,대표·위원,후보·당선,63-1,,회고록단독,의석 확보 명시
EP0429,가와이 아사오,E112,대표·위원,의원 당선·상치위원,64-1,,회고록단독,반대파 당선·상치위원 선출
EP0430,기무라 다케타로,E112,대표·위원,의원 당선,64-1,,회고록단독,당선자 명단 열거
EP0431,나카에 고로헤이,E112,대표·위원,의원 당선,64-1,,회고록단독,당선자 명단 열거
EP0432,나카자와 덴노스케,E112,대표·위원,선거위원·의원 당선·상치위원,64-1,,회고록단독,위원 임명·당선·상치위원 선출
EP0433,다무라 도미조,E112,대표·위원,의원 당선,64-1,,회고록단독,당선자 명단 열거
EP0434,쓰치야 히코타로,E112,대표·위원,선거위원장·특별의원,64-1,,회고록단독,선거위원장 임명·특별의원 당선
EP0435,아오키 시게노부,E112,대표·위원,의원 당선·부회장,64-1,,회고록단독,당선자 명단·부회장 선출
EP0436,야스마쓰 구마키치,E112,대표·위원,의원 당선,64-1,,회고록단독,당선자 명단 열거
EP0437,오구라 다케노스케,E112,대표·위원,선거위원,64-1,,회고록단독,선거위원 임명 명시
EP0438,오노 미네지로,E112,대표·위원,의원 당선·상치위원,64-1,,회고록단독,당선자 명단·상치위원 선출
EP0439,와카바야시 세이스케,E112,대표·위원,의원 당선·상치위원,64-1,,회고록단독,당선자 명단·상치위원 선출
EP0440,와타나베 히스루,E112,대표·위원,의원 당선,64-1,,회고록단독,당선자 명단 열거(반대파)
EP0441,이노우에 다쓰지로,E112,대표·위원,의원 당선,64-1,,회고록단독,당선자 명단 열거
EP0442,이와세 시즈카,E112,대표·위원,선거위원·의원 당선·회장,64-1,,회고록단독,위원 임명·당선·회장 선출
EP0443,이즈미 스에지,E112,대표·위원,선거위원·특별의원,64-1,,회고록단독,위원 임명·특별의원 당선
EP0444,가와이 아사오,E113,당사자·대상,가와이,64-1,,회고록단독,익명 연설자 비난 발언의 대상
EP0445,마쓰시타 나오미,E114,당사자·대상,법무보좌관,63-3;64-5,,회고록단독,착임 당사자
EP0446,하치야 겐,E116,당사자·대상,초대 소장,72-1,,회고록단독,초대 소장 근무 명시(1908-04까지)
EP0447,가와카미 쓰네오,E117,당사자·대상,재무감찰 겸 통감부 서기관,64-5,,회고록단독,환영회 대상 3인(원문 한자 川崎 혼기)
EP0448,나카오지 마사오,E117,당사자·대상,이사관,64-5,,회고록단독,환영회 대상 3인
EP0449,마쓰시타 나오미,E117,당사자·대상,법무보좌관,64-5,,회고록단독,환영회 대상 3인
EP0450,마쓰시타 나오미,E119,당사자·대상,환영 대상,63-3,,회고록단독,제1회 현인회 겸 환영회 대상
EP0451,마스다 도라타,E119,주도자,,63-3,,회고록단독,적극 주선 명시
EP0452,고미야 히코지,E122,대표·위원,서기,68-2,,회고록단독,서기 명시
EP0453,나카에 고로헤이,E122,대표·위원,간사,68-1,,회고록단독,임원 명단 열거
EP0454,니시모토 민조,E122,대표·위원,간사,68-1,,회고록단독,임원 명단 열거
EP0455,서병오,E122,대표·위원,부회장,68-1,,회고록단독,임원 명단 — 조선인 부회장
EP0456,쓰치야 히코타로,E122,대표·위원,간사,68-1,,회고록단독,임원 명단 열거
EP0457,오구라 다케노스케,E122,대표·위원,간사,68-1,,회고록단독,임원 명단 열거
EP0458,이노우에 소노스케,E122,대표·위원,사무장,68-2,,회고록단독,사무장 명시(원문 井上宗之介 — 이표기)
EP0459,이석진,E122,대표·위원,간사,68-1,,회고록단독,임원 명단 — 조선인 간사
EP0460,이와세 시즈카,E122,대표·위원,회장,68-1,,회고록단독,임원 명단 열거
EP0461,박중양,E123,당사자·대상,,71-2,,회고록단독,서리 겸직 해제·대구군수 전임 — 조선인 관리
EP0462,이충구,E123,당사자·대상,관찰사,71-2,,회고록단독,경북관찰사 부임 — 조선인 관리
EP0463,니시야마 쓰루키치,E124,대표·위원,권상장 사무원,72-1,,회고록단독,사무원 직임(통제어휘 내 근사 분류)
EP0464,나카무라 기이치,E124,주도자,경영자,64-4,,회고록단독,니시키좌 경영자 명시
EP0465,니시야마 쓰네,E125,당사자·대상,교원,72-2,,회고록단독,교직원 명단 열거
EP0466,마에다 아쓰시,E125,당사자·대상,교장,72-2,,회고록단독,이전 시점 교직원 명단 열거
EP0467,모리야 다쓰조,E125,당사자·대상,교원,72-2,,회고록단독,교직원 명단 열거
EP0468,시타가와 하루,E125,당사자·대상,교원,72-2,,회고록단독,교직원 명단 열거
EP0469,히와타시 세이에이,E125,당사자·대상,교원,72-2,,회고록단독,교직원 명단 열거
EP0478,이충구,E128,당사자·대상,관찰사,73-1,,회고록단독,취임 피로연 당사자·인사 서술
EP0479,나카오지 마사오,E128,참석자,이사관,73-1,,회고록단독,감사인사 서술(연설 명시 없어 참석자 처리)
EP0480,오카무라 마사오,E129,당사자·대상,대구역장,73-2,,회고록단독,초량 운수사무소 발령·부임 당사자
EP0481,마키노 슈,E130,당사자·대상,사주,70-2,,회고록단독,퇴거당한 신문사 사주·불화 당사자
EP0482,오구라 다케노스케,E130,당사자·대상,,70-2,,회고록단독,토지·건물 매입으로 퇴거시킨 상대방
EP0483,이와세 시즈카,E130,당사자·대상,,70-2,,회고록단독,퇴거 후 불화 상대로 명시(경계 사례)
EP0484,나카무라 헤이시로 부인,E131,당사자·대상,보모,79-3,,회고록단독,최초 보모 서술·신규인물후보(본인 성명 미상)
EP0485,나가타니 다카시,E133,당사자·대상,,73-7,,회고록단독,5월 중순 부임 당사자
EP0486,이다 아키라,E133,당사자·대상,경무고문 경시,73-7,,회고록단독,수원 전임 당사자(본문 성만 표기 '이다'=참조 귀속)
EP0487,사토 겐쇼,E135,주도자,법사,29-4,,회고록단독,이전 후 교사 신축·야학 계속 경영 서술(경계 사례)
EP0488,미와 조테쓰,E136,주도자,공로자,13-3,,회고록단독,공원 보존·미화 공로 서술(결성 행위 직접 명시 아님·경계 사례)
EP0489,야스마쓰 구마키치,E136,주도자,공로자,13-3,,회고록단독,공원 보존·미화 공적 서술(결성 행위 직접 명시 아님·경계 사례)
EP0490,이와세 시즈카,E136,주도자,공로자,13-3,,회고록단독,공원 보존·미화 공적 서술(결성 행위 직접 명시 아님·경계 사례)
EP0491,와다 유지,E137,당사자·대상,인천 관측소장·박사,50-2,,회고록단독,상의 상대·기념비 측후소 이전 합의(경계 사례)
EP0492,후쿠나가 도쿠지로,E137,주도자,,50-2,,회고록단독,석빙고 보존 건의·기념비 이전 상의 주도
EP0493,나가에 후쿠조,E138,대표·위원,평의원,53-3,,회고록단독,임원 명단 열거
EP0494,나카하라 후사이치,E138,대표·위원,회장,53-3,,회고록단독,임원 명단 열거
EP0495,스다 산페이,E138,대표·위원,평의원,53-3,,회고록단독,임원 명단 열거
EP0496,야기 마쓰다로,E138,대표·위원,평의원,53-3,,회고록단독,임원 명단 열거(한자 八木松太郎 참조 일치)
EP0497,야마다 시게루,E138,대표·위원,평의원,53-3,,회고록단독,임원 명단 열거
EP0498,요시다 주이치로,E138,대표·위원,평의원,53-3,,회고록단독,임원 명단 열거
EP0499,오카모토 리헤이,E139,주도자,부이사관,56-3,,회고록단독,부역 징발로 공사 촉진('오카모토 부이사관' 직함 문맥 귀속)
EP0500,이토 모토타로,E139,주도자,,56-3,,회고록단독,성벽 파괴 작업 계속 진행 서술
EP0501,박중양,E140,주도자,,64-2,,회고록단독,앞장서 파괴공사 진행 서술(조선인 관리)
EP0502,오카모토 리헤이,E140,주도자,부이사관,64-2,,회고록단독,협력하여 파괴공사 진행 서술
EP0503,가게야마 히데키,E141,주도자,민장,63-2,,회고록단독,철도용지 전대안 발안 공로 서술
EP0504,마쓰시타 나오미,E142,주도자,법무보좌관,63-3,,회고록단독,착임 후 행정관 사법권 철폐·법무관 지휘 재판 서술
EP0505,우메 겐지로,E142,주도자,박사,63-3,,회고록단독,한국 법제개정 담당 서술(사건 범위보다 광의·경계 사례)
EP0506,오키타 스테지로,E143,당사자·대상,,64-2,,회고록단독,서기장 운동 좌절 당사자
EP0507,이노우에 소노스케,E143,당사자·대상,서기장,64-2,,회고록단독,서기장 채용 당사자
EP0508,나카하라 후사이치,E144,대표·위원,이사,66-2,,회고록단독,중역 명단 열거
EP0509,모리모토 마사타로,E144,대표·위원,지배인,66-2,,회고록단독,지배인 영입 서술
EP0510,미와 야키치,E144,대표·위원,이사,66-2,,회고록단독,중역 명단 열거
EP0511,스다 산페이,E144,대표·위원,감사,66-2,,회고록단독,중역 명단 열거
EP0512,시부사와 슈조,E144,대표·위원,이사,66-2,,회고록단독,중역 명단 열거
EP0513,야마다 야헤이지,E144,대표·위원,감사,66-2,,회고록단독,중역 명단 열거
EP0514,이와세 시즈카,E144,대표·위원,사장이사,66-2,,회고록단독,중역 명단 열거
EP0515,후쿠치 기사쿠,E144,대표·위원,상무이사,66-2,,회고록단독,중역 명단 열거(본문 후쿠치 요시사쿠=병합맵 적용)
EP0516,양 모,E145,당사자·대상,양(梁) 모 씨,67-1,,회고록단독,모금 약 7만 원 유용 당사자·신규인물후보(성만 표기·경계 사례)
EP0517,미와 조테쓰,E146,대표·위원,파견,69-1,,회고록단독,파견되어 차입금으로 추가 묘목 매입
EP0518,이와세 시즈카,E146,주도자,,69-1,,회고록단독,회사 대표자와 묘목 매수 교섭 서술
EP0519,미와 조테쓰,E147,당사자·대상,,69-3,,회고록단독,부정 혐의 조사 대상(무혐의 판명)
EP0520,가와이 아사오,E147,대표·위원,조사위원,69-3,,회고록단독,조사위원 추천·선출(본문 '나'=병합맵 적용)
EP0521,쓰치야 히코타로,E148,당사자·대상,지배인,70-1,,회고록단독,경질·의주 전임 당사자
EP0522,이시이 미쓰오,E148,당사자·대상,,70-1,,회고록단독,후임 부임 당사자
EP0523,이노우에 소노스케,E149,당사자·대상,서기장,70-1,,회고록단독,부정 당사자·변상 서술
EP0524,우지노 도쿠타로,E149,주도자,이사관,70-1,,회고록단독,기성회 해산 명령 서술
EP0525,가게야마 히데키,E150,당사자·대상,민장,70-3,,회고록단독,사설 제목 거론·공격 대상
EP0526,서상돈,E150,당사자·대상,,70-3,,회고록단독,묘포 매수 당사자로 거론(공격 소재·경계 사례)
EP0527,이와세 시즈카,E150,당사자·대상,,70-3,,회고록단독,사설 공격 대상
EP0528,오키타 스테지로,E150,주도자,,70-3,,회고록단독,사설 3회 게재·공격 주도
EP0529,박중양,E151,당사자·대상,관찰사,71-3,,회고록단독,평남 관찰사 임명·경북 관찰사 전임 당사자
EP0530,야마지 조이치,E152,연설자,변사·대한일보 주필,72-2,,회고록단독,변사 명시
EP0531,이마이 다다오,E152,연설자,변사·조선신보 사장,72-2,,회고록단독,변사 명시
EP0532,모리타 로쿠오,E153,당사자·대상,주임,73-2,,회고록단독,주임 취임 당사자
EP0533,이토 구마사부로,E153,당사자·대상,기수,73-2,,회고록단독,기수 취임 당사자
EP0534,이다 아키라,E155,주도자,경시,73-5,,회고록단독,직접 토벌 서술(본문 성만 표기 '이다'=참조 귀속)
EP0535,니시모토 민조,E156,주도자,선두 반대,73-7,,회고록단독,기부 강요 반대 선두·토지 약 7단보 수용
EP0536,고우라 도노마루,E158,대표·위원,제6구 대표,79-1,,회고록단독,구 대표 명단 열거(본문 고라 도노마루=한자 高羅殿丸 참조 일치)
EP0537,기무라 다케타로,E158,대표·위원,제1구 대표,79-1,,회고록단독,구 대표 명단 열거
EP0538,니시자와 사토루,E158,대표·위원,제9구 대표,79-1,,회고록단독,구 대표 명단 열거(본문 니시자와 사토시=한자 西澤智 참조 일치)
EP0539,마스다 도라타,E158,대표·위원,제12구 대표,79-1,,회고록단독,구 대표 명단 열거
EP0540,미와 야키치,E158,대표·위원,제7구 대표,79-1,,회고록단독,구 대표 명단 열거
EP0541,사이토 요시조,E158,대표·위원,제10구 대표,79-1,,회고록단독,구 대표 명단 열거
EP0542,사키사카 쇼키치,E158,대표·위원,제4구 대표,79-1,,회고록단독,구 대표 명단 열거
EP0543,스기하라 신키치,E158,대표·위원,제5구 대표,79-1,,회고록단독,구 대표 명단 열거
EP0544,우에다 겐스케,E158,대표·위원,제3구 대표,79-1,,회고록단독,구 대표 명단 열거
EP0545,우치다 로쿠로,E158,대표·위원,제13구 대표,79-1,,회고록단독,구 대표 명단 열거
EP0546,이나모토 신신,E158,대표·위원,제2구 대표,79-1,,회고록단독,구 대표 명단 열거
EP0547,이케우치 시게히라,E158,대표·위원,제8구 대표,79-1,,회고록단독,구 대표 명단 열거
EP0548,후쿠나가 도쿠지로,E158,대표·위원,제11구 대표,79-1,,회고록단독,구 대표 명단 열거(福泳徳次郎=참조 이표기)
EP0549,마쓰다 만로쿠,E159,당사자·대상,청부,79-2,,회고록단독,오물수거 청부 수탁 당사자
EP0550,가와카미 쓰네오,E160,당사자·대상,재무감독국장,79-4,,회고록단독,감독국 설치로 국장 취임 당사자
EP0551,서상돈,E161,당사자·대상,,79-5,,회고록단독,익명조합 결성 참여·대부 수령(조선인 자산가)
EP0552,이와세 시즈카,E161,당사자·대상,대표자,79-5,,회고록단독,익명조합 대표로 20만 원 대부 수령
EP0553,정재학,E161,당사자·대상,,79-5,,회고록단독,익명조합 결성 참여·대부 수령(조선인 자산가)
EP0554,정해붕,E161,당사자·대상,,79-5,,회고록단독,익명조합 결성 참여·대부 수령(조선인 자산가)
EP0555,가와카미 쓰네오,E161,주도자,,79-5,,회고록단독,백동화 30만 원 무이자 대하 시행
EP0556,쓰네요시 다다미치,E162,당사자·대상,대좌,82-3,,회고록단독,소장 승진·제12여단장 취임 당사자
EP0557,요다 고타로,E162,당사자·대상,소장,82-3,,회고록단독,제1사단 제1여단장 전임 당사자(본문 요다 히로타로=한자 依田廣太郎 참조 일치)
EP0558,가토 이치로,E165,발기인,발기,86-2,,회고록단독,발기인 열거
EP0559,미와 조테쓰,E165,발기인,발기,86-2,,회고록단독,발기인 열거
EP0560,아오키 시게노부,E165,발기인,발기,86-2,,회고록단독,발기인 열거
EP0561,이노우에 소노스케,E165,발기인,발기,86-2,,회고록단독,발기인 열거
EP0562,가토 이치로,E165,연설자,첫 연설,86-2,,회고록단독,연설 명시
EP0563,미와 조테쓰,E165,연설자,열변,86-2,,회고록단독,열변 서술
EP0564,이노우에 소노스케,E165,연설자,주의·강령 천명,86-2,,회고록단독,발회식 천명 서술(경계 사례)
EP0565,우지노 도쿠타로,E166,당사자·대상,이사관,90-2,,회고록단독,대립 상대 서술(공격 자체는 통감정치·민단 겨냥·경계 사례)
EP0566,미카지리 주고,E166,연설자,단독 연설,90-2,,회고록단독,니시키좌 단독 연설 2회 명시
EP0567,미카지리 주고,E166,주도자,옹,90-2,,회고록단독,단독 연설회 2회 개최(본문 '미카지리 옹' 문맥 귀속)
EP0568,오키타 스테지로,E167,당사자·대상,주재,99-3,,회고록단독,민장 불인가 사건 여파 퇴한 처분 대상
EP0569,기쿠치 슈덴,E176,당사자·대상,대좌·14연대장,73-6,,회고록단독,14연대장 취임 당사자
EP0570,요다 고타로,E176,당사자·대상,소장·사령관,73-6,,회고록단독,제12여단 사령관 취임 당사자(본문 요다 히로타로=한자 依田廣太郎 참조 일치)
EP0571,오키타 스테지로,E178,당사자·대상,수임,70-2,,회고록단독,경영 수임 당사자
EP0572,마키노 슈,E178,주도자,사주,70-2,,회고록단독,신문 사업 일체 위임 서술
EP0573,곤지,E181,당사자·대상,보조원,78-3,,회고록단독,폭도와 약 1시간 교전 후 퇴각;신규인물후보
EP0574,시바타,E181,당사자·대상,보조원,78-3,,회고록단독,폭도와 교전 후 퇴각;신규인물후보(시바타 지요키치와 동일 여부 미상)
EP0575,쓰치다 준사쿠,E181,당사자·대상,친족,78-3,,회고록단독,피살자 3인 시체 인도받은 친족
EP0576,아리스가와노미야 다케히토,E183,주도자,아리스가와노미야 전하,82-1,,회고록단독,대구 공공사업 위생비 300원 하사 명시
EP0577,우지노 도쿠타로,E183,주도자,우지노 대구이사관,82-1,,회고록단독,명을 받들어 이사청 직원에 주찬금 분배 집행
EP0578,하루노미야 요시히토,E183,주도자,황태자 전하,82-1,,회고록단독,체류 중 민단 등 하사 서술 — 수여 주체 문면 수동태(경계 사례)
EP0579,마루야마 시게토시,E184,당사자·대상,전 경무고문,83-3,,회고록단독,이사청경찰서 폐지에 따른 돗토리현 지사 전임 당사자
EP0580,기쿠치 슈덴,E185,연설자,제12여단장 대리·제14연대장,84-2,,회고록단독,축의 봉정 — 성만 '기쿠치' 문맥 귀속(경계 사례)
EP0581,우지노 도쿠타로,E185,연설자,사회자·이사관,84-2,,회고록단독,연회 사회자로서 일장 축사 명시
EP0582,기쿠치 슈덴,E186,연설자,여단장 대리,84-3,,회고록단독,야회 연설 명시 — 성만 '기쿠치' 문맥 귀속
EP0583,이충구,E186,연설자,관찰사·내빈 대표,84-3,,회고록단독,내빈 대표 답사 — 조선인 관찰사
EP0584,가게야마 히데키,E186,참석자,가게야마 민단장,84-3,,회고록단독,내빈 명단 열거 — 성만 표기 문맥 귀속(민단장 직함)
EP0585,가와카미 쓰네오,E186,참석자,가와카미 서기관,84-3,,회고록단독,내빈 명단 열거 — 성만 표기 문맥 귀속(경계 사례)
EP0586,나가타니 다카시,E186,참석자,나가타니 경시,84-3,,회고록단독,내빈 명단 열거 — 성만 표기 문맥 귀속(경시 직함)
EP0587,마쓰시타 나오미,E186,참석자,마쓰시타 법무보좌관,84-3,,회고록단독,내빈 명단 열거 — 성만 표기 문맥 귀속(법무보좌관 직함)
EP0588,시오카와 이치타로,E186,참석자,시오카와 사무관,84-3,,회고록단독,내빈 명단 열거 — 성만 표기 문맥 귀속(사무관 직함)
EP0589,우지노 도쿠타로,E186,참석자,우지노 이사관,84-3,,회고록단독,내빈 명단 열거
EP0590,가와이 아사오,E190,주도자,,85-1,,회고록단독,1인칭 서술 주체·서명운동 전개('나'=가와이)
EP0591,마스다 도라타,E190,주도자,의원,85-1,,회고록단독,조인 서면 수령·재심의 요구 경유
EP0592,야스마쓰 구마키치,E190,주도자,동지,85-1,,회고록단독,동지 3인 열거
EP0593,와타나베 히스루,E190,주도자,동지,85-1,,회고록단독,동지 3인 열거
EP0594,가게야마 히데키,E191,당사자·대상,민장,85-1,,회고록단독,지정학교 신청 불수용 서술 당사자
EP0595,나카에 고로헤이,E191,당사자·대상,의장,82-4,,회고록단독,10월 28일 의장 사임으로 선거 계기
EP0596,오구라 다케노스케,E191,대표·위원,의장,85-1;82-4,,회고록단독,의장선거 당선
EP0597,가와카미 쓰네오,E192,중재자,재무감독국장,66-1,,회고록단독,탁지부 자금 2만원 차입 중개 명시
EP0598,가게야마 히데키,E193,당사자·대상,민장,85-2;60-4,,회고록단독,불신임 대상·자진 처결 표명
EP0599,가와이 아사오,E193,주도자,방청자,85-2,,회고록단독,전날 '만반의 준비' 1인칭 서술·방청 참석
EP0600,마스다 도라타,E193,주도자,제안자,85-2,,회고록단독,불신임안 제출(조인 4의원 필두)
EP0601,사카이 만지로,E193,주도자,조인 의원,85-2,,회고록단독,불신임안 조인 4의원 열거
EP0602,야스마쓰 구마키치,E193,주도자,조인 의원,85-2,,회고록단독,불신임안 조인 4의원 열거
EP0603,와타나베 히스루,E193,주도자,조인 의원,85-2,,회고록단독,불신임안 조인 4의원 열거
EP0604,오구라 다케노스케,E193,중재자,의장,85-2,,회고록단독,제안자·민장 사이 주선 명시
EP0605,가게야마 히데키,E194,당사자·대상,민장,85-3,,회고록단독,사표 제출·17일 퇴거
EP0606,기도 다다지로,E194,당사자·대상,의원,85-3,,회고록단독,19일 사임
EP0607,도쿠라 소로쿠,E194,당사자·대상,조역,86-1,,회고록단독,사표 제출·보류 — 성만 '도쿠라' 기존 판정(E201 선례) 귀속
EP0608,스기하라 신키치,E194,당사자·대상,의원,85-3,,회고록단독,16일 결속 사표 제출
EP0609,시모다 고키치,E194,당사자·대상,의원(시모타 고키치),85-3,,회고록단독,16일 결속 사표 제출 — 구표기 병합
EP0610,오구라 다케노스케,E194,당사자·대상,의원,85-3,,회고록단독,16일 결속 사표 제출
EP0611,모리나가 소이치,E194,주도자,수석 서기,86-1,,회고록단독,민장 겸 조역 겸 회계역 겸 서기 격 사무 총괄
EP0612,우지노 도쿠타로,E194,중재자,이사관,85-3,,회고록단독,성심성의 만류 명시
EP0613,가게야마 히데키,E196,당사자·대상,민장,85-3,,회고록단독,불신임·사퇴 당사자 — 상위 사건 요약 등재
EP0614,소가와 유타카,E196,당사자·대상,후보자,91-1,,회고록단독,재선거 대항 후보 — 상위 사건 요약 등재
EP0615,오키타 스테지로,E196,당사자·대상,사장,89-1;89-2,,회고록단독,퇴한 처분 당사자 — 상위 사건 요약 등재
EP0616,와타나베 무라오,E196,당사자·대상,민장,87-4;91-1,,회고록단독,당선·불인가·재선(8대3)·취임 당사자 — 상위 사건 요약 등재
EP0617,우지노 도쿠타로,E196,당사자·대상,이사관,88-1;91-1,,회고록단독,불인가 경위 당사자·진주 전임 — 상위 사건 요약 등재
EP0618,가와이 아사오,E196,주도자,,87-4,,회고록단독,캠페인 국면 1인칭 주도(긴급동의 등) — 상위 사건 요약 등재
EP0619,마스다 도라타,E196,주도자,의원,85-2;89-3,,회고록단독,불신임안 제출·소명요구 제안 — 상위 사건 요약 등재
EP0620,미카지리 주고,E196,주도자,주모자,86-2;91-1,,회고록단독,'주모자라고 할 만하였다'·통감부 직접 담판 — 상위 사건 요약 등재
EP0621,아사노 세이치,E196,주도자,의장,91-1,,회고록단독,소가와 적극 지지·옹립 — 상위 사건 요약 등재
EP0622,가토 이치로,E198,당사자·대상,대항 후보,86-3,,회고록단독,공민회측 대항 상대 열거(낙선)
EP0623,사토 슈조,E198,당사자·대상,대항 후보,86-3,,회고록단독,공민회측 대항 상대 열거(낙선)
EP0624,우치다 로쿠로,E198,당사자·대상,공인후보,86-3,,회고록단독,개혁파 공인후보 열거(낙선)
EP0625,가와이 아사오,E198,대표·위원,당선자,86-4,,회고록단독,당선자 8명 명단 열거
EP0626,니시자와 사토루,E198,대표·위원,당선자,86-4,,회고록단독,당선자 8명 명단 열거
EP0627,마쓰모토 세이이치,E198,대표·위원,당선자,86-4,,회고록단독,당선자 8명 명단 열거(원문 마쓰모토 세이치 — 병합맵 적용)
EP0628,마유미 다다시,E198,대표·위원,당선자,86-4,,회고록단독,당선자 8명 명단 열거
EP0629,시부사와 슈조,E198,대표·위원,당선자,86-4,,회고록단독,당선자 8명 명단 열거
EP0630,아사노 세이치,E198,대표·위원,당선자,86-4,,회고록단독,당선자 8명 명단 열거
EP0631,아오키 시게노부,E198,대표·위원,당선자,86-4,,회고록단독,당선자 8명 명단 열거(공민회계)
EP0632,하야시 진시치,E198,대표·위원,당선자,86-4,,회고록단독,당선자 8명 명단 열거
EP0633,미카지리 주고,E198,연설자,,86-4,,회고록단독,2월 4일 전야 니시키좌 연설회 열변
EP0634,후루쇼 모토사네,E198,연설자,,86-4,,회고록단독,2월 4일 전야 니시키좌 연설회 열변
EP0635,미카지리 주고,E198,주도자,,86-1;86-2,,회고록단독,보궐선거 대책 주도·동지 회합 매일 주재
EP0636,나카에 고로헤이,E199,당사자·대상,,92-1,,회고록단독,이어서 사퇴
EP0637,나카자와 덴노스케,E199,당사자·대상,,92-1,,회고록단독,이어서 사퇴
EP0638,이노우에 소노스케,E199,당사자·대상,서기장,70-3,,회고록단독,기성회 부정 책임 문책 대상
EP0639,이와세 시즈카,E199,당사자·대상,회장,92-1;70-3,,회고록단독,사표 제출·회장직 퇴진 당사자
EP0640,와타나베 무라오,E200,당사자·대상,민장 후보,87-3,,회고록단독,추대 대상(전직 군장)
EP0641,가와이 아사오,E200,주도자,,87-3,,회고록단독,상의 수령·결의 1인칭 서술
EP0642,니시자와 사토루,E200,주도자,,87-3,,회고록단독,추천 결의 상의 참여
EP0643,마스다 도라타,E200,주도자,,87-3,,회고록단독,추천 결의 상의 참여
EP0644,미카지리 주고,E200,주도자,,87-3,,회고록단독,와타나베 무라오 민장 추대 제안
EP0645,사카이 만지로,E200,주도자,,87-3,,회고록단독,추천 결의 상의 참여
EP0646,야스마쓰 구마키치,E200,주도자,,87-3,,회고록단독,추천 결의 상의 참여
EP0647,와타나베 히스루,E200,주도자,,87-3,,회고록단독,추천 결의 상의 참여
EP0648,아사노 세이치,E201,대표·위원,의장,87-2,,회고록단독,의장선거 당선 명시
EP0649,도쿠라 소로쿠,E201,주도자,조역,87-1,,회고록단독,1908년도 예산 편성·민회 소집 부의 — 성만 표기 기존 판정 귀속
EP0650,와타나베 무라오,E202,대표·위원,민장 당선,87-4,,회고록단독,2대 8 다수 당선 명시
EP0651,가와이 아사오,E202,주도자,,87-4,,회고록단독,긴급동의로 민장선거 의제 제안·와타나베 추천(1인칭)
EP0652,아사노 세이치,E202,대표·위원,의장(사회),87-4,,회고록단독,개회 선언·회의 주재 | [재판정 정정] 주도자→대표·위원(개회 선언·사회)
EP0653,기무라 다케타로,E203,당사자·대상,퇴임,92-1,,회고록단독,추첨 퇴임 명단(반수개선 대상)
EP0654,아오키 시게노부,E203,당사자·대상,퇴임,92-1,,회고록단독,추첨 퇴임 명단(반수개선 대상)
EP0655,야스마쓰 구마키치,E203,당사자·대상,퇴임,92-1,,회고록단독,추첨 퇴임 명단(반수개선 대상)
EP0656,오구라 다케노스케,E203,당사자·대상,퇴임,92-1,,회고록단독,추첨 퇴임 명단(반수개선 대상)
EP0657,오노 미네지로,E203,당사자·대상,퇴임,92-1,,회고록단독,추첨 퇴임 명단(반수개선 대상)
EP0658,이노우에 다쓰지로,E203,당사자·대상,퇴임,92-1,,회고록단독,추첨 퇴임 명단 — 명단 내 사망 부기
EP0659,가토 이치로,E203,대표·위원,반수개선 당선,92-1,,회고록단독,당선자 명단 열거
EP0660,구로카와 엔지,E203,대표·위원,반수개선 당선,92-1,,회고록단독,당선자 명단 열거
EP0661,다케카와 세이지,E203,대표·위원,특별의원,92-1,,회고록단독,후임 회장 천거 명시
EP0662,마에카와 도모지,E203,대표·위원,보궐선거 당선,92-1,,회고록단독,당선자 명단 열거
EP0663,사카이 만지로,E203,대표·위원,반수개선 당선,92-1,,회고록단독,당선자 명단 열거
EP0664,야스마쓰 구마키치,E203,대표·위원,보궐선거 당선,92-1,,회고록단독,당선자 명단 열거
EP0665,오노 미네지로,E203,대표·위원,보궐선거 당선,92-1,,회고록단독,당선자 명단 열거
EP0666,와케 헤이지로,E203,대표·위원,반수개선 당선(와키 헤이지로),92-1,,회고록단독,당선자 명단 열거 — 이표기 병합
EP0667,우에다 겐스케,E203,대표·위원,반수개선 당선,92-1,,회고록단독,당선자 명단 열거
EP0668,후쿠나가 도쿠지로,E203,대표·위원,반수개선 당선,92-1,,회고록단독,당선자 명단 열거
EP0669,와타나베 무라오,E204,당사자·대상,민장,88-1;88-2,,회고록단독,불인가 대상
EP0670,우지노 도쿠타로,E204,주도자,이사관,88-1;88-5,,회고록단독,인가신청 상신 보류·형세 관망·3월 29일 불인가 구두 통보
EP0671,우지노 도쿠타로,E205,당사자·대상,이사관,88-2;88-3,,회고록단독,사설 공격 대상 — 범위 내 직함만 표기·문맥 귀속(경계 사례)
EP0672,마스다 도라타,E205,주도자,의원,88-5,,회고록단독,'민장불인가 문제' 소론 3회 게재
EP0673,오키타 스테지로,E205,주도자,사장,88-3;88-4,,회고록단독,4월 5~7일 '민장불인가' 사설 필자 명시
EP0674,오키타 스테지로,E206,당사자·대상,사장,89-1;89-2,,회고록단독,퇴한 처분 대상·독필 반격 후 4월 30일 퇴거
EP0675,미카지리 주고,E206,주도자,,90-3,,회고록단독,오키타 항전 부추김·이사관에 항의 방문
EP0676,우지노 도쿠타로,E206,주도자,이사관,89-1,,회고록단독,소환·2년 재류금지(퇴한) 명령 발령
EP0677,니시자와 사토루,E207,대표·위원,기안자,89-3,,회고록단독,기안자 2인 지정
EP0678,마스다 도라타,E207,대표·위원,기안자,89-3,,회고록단독,기안자 2인 지정
EP0679,마스다 도라타,E207,주도자,제안 의원,89-3,,회고록단독,소명요구서 제출 제안
EP0680,시부사와 슈조,E207,참석자,반대 의원,89-3,,회고록단독,반대 표명(출석 10명 중)
EP0681,아오키 시게노부,E207,참석자,반대 의원,89-3,,회고록단독,반대 표명(출석 10명 중)
EP0682,이노우에 소노스케,E208,당사자·대상,서기장,85-1;92-2,,회고록단독,부정 폭로·문책 대상
EP0683,이와세 시즈카,E208,당사자·대상,회장,92-2,,회고록단독,간사회 회계검사 문책 대상
EP0684,우지노 도쿠타로,E208,주도자,이사관,92-2,,회고록단독,4월 20일 회원모집 중지 명령
EP0685,오카모토 마사오,E210,당사자·대상,부이사관,92-3,,회고록단독,대구이사청 부이사관 임명·8월 부임 당사자
EP0686,히사미즈 사부로,E210,당사자·대상,이사관(시애틀 영사),92-3,,회고록단독,후임 이사관 4월 23일 부임 당사자
EP0687,미카지리 주고,E212,주도자,,91-1,,회고록단독,개인 자격 통감부 직접 담판 수행
EP0688,소가와 유타카,E213,당사자·대상,후보자,91-1,,회고록단독,대항 후보
EP0689,와타나베 무라오,E213,대표·위원,민장,91-1,,회고록단독,재선거 8대 3 당선·5월 말 취임
EP0690,아사노 세이치,E213,주도자,,91-1,,회고록단독,소가와 적극 지지
EP0691,우지노 도쿠타로,E214,당사자·대상,이사관,91-1,,회고록단독,진주지방법원 검사 전임 당사자
EP0692,시오카와 이치타로,E216,당사자·대상,경상북도서기관,41-2,,회고록단독,교섭 상대방(절충 후 관찰사 인가 획득)
EP0693,가와이 아사오,E216,주도자,,41-2,,회고록단독,'내가 합세' 1인칭 서술
EP0694,마스다 도라타,E216,주도자,,41-2,,회고록단독,이전 의논·절충 4인 열거
EP0695,세노 히사타로,E216,주도자,,41-2,,회고록단독,이전 의논·절충 4인 열거
EP0696,후쿠나가 도쿠지로,E216,주도자,,41-2,,회고록단독,이전 의논·절충 4인 열거
EP0697,고미야 히코지,E219,당사자·대상,회의소 서기장,91-4,,회고록단독,인쇄기·활자 임차 명의 인수
EP0698,마키노 슈,E219,당사자·대상,소유주,91-4,,회고록단독,인쇄기·활자 소유·월 20원 대여
EP0699,가와이 아사오,E219,대표·위원,감독,91-4,,회고록단독,니시자와 사임 후 감독 승계(1인칭) — 역할별 행 분리
EP0700,노사카,E219,대표·위원,영업·경리,91-3,,회고록단독,오키타 퇴거 후 영업·경리 수임
EP0701,니시자와 사토루,E219,대표·위원,감독,91-4,,회고록단독,감독 수행 후 사임 — 원문 '후원자 8인 중' 서술과 달리 8인 명단에 없음(경계 사례)
EP0702,요시오카 다다이치,E219,대표·위원,편집(호 고잔),91-3,,회고록단독,오키타 퇴거 후 편집 수임 — 병합맵 대표 표기
EP0703,가와이 아사오,E219,발기인,후원자,91-4,,회고록단독,후원자 8인 명단 열거
EP0704,마스다 도라타,E219,발기인,후원자,91-4,,회고록단독,후원자 8인 명단 열거
EP0705,미카지리 주고,E219,발기인,후원자,91-4,,회고록단독,후원자 8인 명단 열거
EP0706,사카이 만지로,E219,발기인,후원자,91-4,,회고록단독,후원자 8인 명단 열거
EP0707,야스마쓰 구마키치,E219,발기인,후원자,91-4,,회고록단독,후원자 8인 명단 열거
EP0708,와타나베 히스루,E219,발기인,후원자,91-4,,회고록단독,후원자 8인 명단 열거
EP0709,우에다 겐스케,E219,발기인,후원자,91-4,,회고록단독,후원자 8인 명단 열거
EP0710,하야시 진시치,E219,발기인,후원자,91-4,,회고록단독,후원자 8인 명단 열거
EP0711,박중양,E220,당사자·대상,관찰사(칙임관 3등),92-3;92-4,,회고록단독,경북 관찰사 임명·6월 30일 부임 — 조선인 관리
EP0712,이충구,E220,당사자·대상,관찰사,92-3,,회고록단독,본인 청으로 면직 당사자
EP0713,박중양,E221,주도자,박 관찰사,93-2,,회고록단독,성벽 가옥 철거 명령·도로공사 착수 서술
EP0714,가토 이치로,E222,발기인,출자자,94-4,,회고록단독,출자자 13명 명단 열거
EP0715,구로카와 엔지,E222,발기인,출자자,94-4,,회고록단독,출자자 13명 명단 열거
EP0716,기무라 다케타로,E222,발기인,출자자,94-4,,회고록단독,출자자 13명 명단 열거
EP0717,마치다 규고,E222,발기인,출자자,94-4,,회고록단독,출자자 13명 명단 열거
EP0718,사토 슈조,E222,발기인,출자자,94-4,,회고록단독,출자자 13명 명단 열거
EP0719,스기하라 신키치,E222,발기인,출자자,94-4,,회고록단독,출자자 13명 명단 열거
EP0720,시부사와 슈조,E222,발기인,출자자,94-4,,회고록단독,출자자 13명 명단 열거
EP0721,아오키 시게노부,E222,발기인,출자자,94-4,,회고록단독,출자자 13명 명단 열거
EP0722,오구라 다케노스케,E222,발기인,출자자,94-4,,회고록단독,출자자 13명 명단 열거
EP0723,이나모토 신신,E222,발기인,출자자(이나모토 신진),94-4,,회고록단독,출자자 13명 명단 열거
EP0724,이와세 시즈카,E222,발기인,출자자,94-4,,회고록단독,출자자 13명 명단 열거
EP0725,후지나와 분준,E222,발기인,출자자,94-4,,회고록단독,출자자 13명 명단 열거
EP0726,후쿠치 기사쿠,E222,발기인,출자자,94-4,,회고록단독,출자자 13명 명단 열거
EP0727,가토 이치로,E222,주도자,창립 사무 전담,94-2;94-4,,회고록단독,계획 가세·창립 사무 전담 서술
EP0728,기무라 다케타로,E222,주도자,기무라,94-2,,회고록단독,신문사 건립 계획 가세 서술
EP0729,아오키 시게노부,E222,주도자,아오키,94-2,,회고록단독,신문사 건립 계획 가세 서술
EP0730,오구라 다케노스케,E222,주도자,오구라,94-2,,회고록단독,신문사 건립 계획 가세 서술
EP0731,이나모토 신신,E222,주도자,이나모토 신신,94-2,,회고록단독,신문사 건립 계획 가세 서술
EP0732,시미즈 도쿠타로,E223,당사자·대상,토지 소유자,94-3,,회고록단독,소유지 3천 평 청사용지 매도 상대
EP0733,오카모토 리헤이,E223,당사자·대상,토지 소유자(오카모토 리헤),94-3,,회고록단독,소유지 3천 평 청사용지 매도 상대
EP0734,사키사카 쇼키치,E223,대표·위원,부지 선정위원,94-3;96-1,,회고록단독,선정위원 4명 명단 열거
EP0735,시부사와 슈조,E223,대표·위원,부지 선정위원,94-3;96-1,,회고록단독,선정위원 4명 명단 열거
EP0736,오구라 다케노스케,E223,대표·위원,부지 선정위원,94-3;96-1,,회고록단독,선정위원 4명 명단 열거
EP0737,후지나와 분준,E223,대표·위원,부지 선정위원,94-3;96-1,,회고록단독,선정위원 4명 명단 열거
EP0738,히시키 히데이치,E224,연설자,사회(속관),97-1,,회고록단독,프록코트로 무대 등단·사회 진행 서술
EP0739,이와세 시즈카,E224,주도자,이와세,97-1,,회고록단독,기부금 모집·입장권 판매 앞장 서술
EP0740,히사미즈 사부로,E224,주도자,히사미즈 이사관,97-1,,회고록단독,연예회 발의·부부와 따님 선두 서술
EP0741,박중양,E227,당사자·대상,박 관찰사,93-2,,회고록단독,환영 대상(신임 관찰사)
EP0742,히사미즈 사부로,E227,당사자·대상,히사미즈 이사관,93-2,,회고록단독,환영 대상(신임 이사관)
EP0743,가와카미 쓰네오,E227,대표·위원,위원(재무감독국장),93-2,,회고록단독,위원 명단 열거
EP0744,마쓰시타 나오미,E227,대표·위원,위원(법무보좌관),93-2,,회고록단독,위원 명단 열거
EP0745,시마다 후미노스케,E227,대표·위원,위원(경시),93-2,,회고록단독,위원 명단 열거
EP0746,쓰네요시 다다미치,E227,대표·위원,위원(소장),93-2,,회고록단독,위원 명단 열거
EP0747,와타나베 무라오,E227,대표·위원,위원(민장),93-2,,회고록단독,위원 명단 열거
EP0748,고미 잇페이,E229,당사자·대상,판사,93-1,,회고록단독,판사 부임 명단 열거
EP0749,구로카와 미노루,E229,당사자·대상,검사장(구로카와 조),93-1,,회고록단독,요직 임명 명단 열거
EP0750,나카무라 다카나오,E229,당사자·대상,판사,93-1,,회고록단독,판사 부임 명단 열거
EP0751,다나카 요시하루,E229,당사자·대상,판사,93-1,,회고록단독,판사 부임 명단 열거
EP0752,데라카와 산조,E229,당사자·대상,판사,93-1,,회고록단독,판사 부임 명단 열거
EP0753,도요타 슌스케,E229,당사자·대상,검사,93-1,,회고록단독,검사 부임 명단 열거
EP0754,마쓰시타 나오미,E229,당사자·대상,공소원 판사부장,93-1,,회고록단독,전임 서술
EP0755,마에자와 마사미,E229,당사자·대상,판사,93-1,,회고록단독,판사 부임 명단 열거
EP0756,모리우라 구마조,E229,당사자·대상,검사,93-1,,회고록단독,검사 부임 명단 열거
EP0757,사이토 소시로,E229,당사자·대상,판사,93-1,,회고록단독,판사 부임 명단 열거
EP0758,오무라 모토요,E229,당사자·대상,검사,93-1,,회고록단독,검사 부임 명단 열거
EP0759,이우라 요시히사,E229,당사자·대상,판사,93-1,,회고록단독,판사 부임 명단 열거
EP0760,도리야마 고야타,E229,주도자,지방재판소장,93-1,,회고록단독,부임·개설 준비 착수 서술
EP0761,도이 요타로,E229,주도자,대구공소원장,93-1,,회고록단독,부임·개설 준비 착수 서술
EP0762,요시다 유로쿠로,E229,주도자,검사정,93-1,,회고록단독,부임·개설 준비 착수 서술
EP0763,구와노 긴타로,E231,당사자·대상,공사 담당,94-2,,회고록단독,장판각 내부공사 수급·시행 서술
EP0764,노사카,E231,당사자·대상,노사카,94-2,,회고록단독,신문사 측에서 이후 조치 상담 요청
EP0765,박중양,E231,당사자·대상,박 관찰사,94-2,,회고록단독,관사 개조 결정으로 신문사 퇴거를 요구한 측
EP0766,가와이 아사오,E231,중재자,나(후견인),94-2,,회고록단독,이해관계 없는 후견인 입장에서 상담 응대
EP0767,미우라 쇼이치로,E232,당사자·대상,대구신보 주필 예정,95-3,,회고록단독,합병 후 초빙 결정의 대상
EP0768,가와이 아사오,E232,대표·위원,대구일일신문사 측 대표(필자),95-2;95-3,,회고록단독,합병 조건 심의 대표·조인
EP0769,가토 이치로,E232,대표·위원,대구신보사 측 대표,95-2;95-3,,회고록단독,합병 조건 심의 대표·조인
EP0770,니시모토 민조,E232,중재자,입회인,95-2;95-3,,회고록단독,합병 성사 개입·기명 조인
EP0771,다케우치 마키타로,E232,중재자,서기관,95-2;95-3,,회고록단독,배후 조정·입회 날인
EP0772,박중양,E232,중재자,박 관찰사,95-1,,회고록단독,양측에 합병 권고 서술
EP0773,아사노 세이치,E232,중재자,의장·입회인,95-2;95-3,,회고록단독,합병 성사 개입·기명 조인
EP0774,오카모토 마사오,E232,중재자,부이사관,95-2;95-3,,회고록단독,배후 조정·입회 날인
EP0775,마스다 도라타,E232,참석자,마스다군,95-1,,회고록단독,박 관찰사 방문 동행 서술
EP0776,가토 이치로,E233,당사자·대상,출자 양도인(가토 이치로),114-2,,회고록단독,양도증 연서 13명 명단 열거
EP0777,구로카와 엔지,E233,당사자·대상,출자 양도인(구로카와 엔지),114-2,,회고록단독,양도증 연서 13명 명단 열거
EP0778,기무라 다케타로,E233,당사자·대상,출자 양도인(기무라 다케타로),114-2,,회고록단독,양도증 연서 13명 명단 열거
EP0779,마치다 규고,E233,당사자·대상,출자 양도인(마치다 규고),114-2,,회고록단독,양도증 연서 13명 명단 열거
EP0780,사토 슈조,E233,당사자·대상,출자 양도인(사토 슈조),114-2,,회고록단독,양도증 연서 13명 명단 열거
EP0781,스기하라 신키치,E233,당사자·대상,출자 양도인(스기하라 신키치),114-2,,회고록단독,양도증 연서 13명 명단 열거
EP0782,시부사와 슈조,E233,당사자·대상,출자 양도인(시부사와 슈조),114-2,,회고록단독,양도증 연서 13명 명단 열거
EP0783,아오키 시게노부,E233,당사자·대상,출자 양도인(아오키 시게노부),114-2,,회고록단독,양도증 연서 13명 명단 열거
EP0784,오구라 다케노스케,E233,당사자·대상,출자 양도인(오구라 다케노스케),114-2,,회고록단독,양도증 연서 13명 명단 열거
EP0785,이나모토 신신,E233,당사자·대상,출자 양도인(이나모토 신신),114-2,,회고록단독,양도증 연서 13명 명단 열거
EP0786,이와세 시즈카,E233,당사자·대상,출자 양도인(이와세 시즈카),114-2,,회고록단독,양도증 연서 13명 명단 열거
EP0787,후지나와 분준,E233,당사자·대상,출자 양도인(후지나와 분준),114-2,,회고록단독,양도증 연서 13명 명단 열거
EP0788,후쿠치 기사쿠,E233,당사자·대상,출자 양도인(후쿠치 요시사쿠),114-2,,회고록단독,양도증 연서 13명 명단 열거
EP0789,가토 이치로,E233,대표·위원,교섭 위원,113-2,,회고록단독,교섭 위원 3명 추천 서술
EP0790,시부사와 슈조,E233,대표·위원,회계감사원,113-3,,회고록단독,회계감사원 추천 서술
EP0791,아오키 시게노부,E233,대표·위원,교섭 위원,113-2,,회고록단독,교섭 위원 3명 추천 서술
EP0792,오구라 다케노스케,E233,대표·위원,회계감사원,113-3,,회고록단독,회계감사원 추천 서술
EP0793,이나모토 신신,E233,대표·위원,교섭 위원,113-2,,회고록단독,교섭 위원 3명 추천 서술
EP0794,가와이 아사오,E233,주도자,전 이사·사장(필자),113-3;114-1;114-2,,회고록단독,경영위임·사장 취임·출자 양수
EP0795,이나모토 신신,E233,주도자,이나모토,113-2,,회고록단독,신문 탈취 책동 서술
EP0796,가토 이치로,E233,중재자,주선,113-3,,회고록단독,경영 일체 위임 주선 서술
EP0797,가와이 아사오,E234,당사자·대상,나,27-3,,회고록단독,1908.10.1부터 신문 관여 개시 당사자
EP0798,노사카,E235,당사자·대상,영업,95-4,,회고록단독,직무 담당 서술
EP0799,무라마쓰 스케유키,E235,당사자·대상,편집,95-4,,회고록단독,직무 담당 서술
EP0800,미우라 쇼이치로,E235,당사자·대상,사설,95-4,,회고록단독,직무 담당 서술
EP0801,가와이 아사오,E235,대표·위원,이사,95-4,,회고록단독,이사 명단 열거
EP0802,가토 이치로,E235,대표·위원,이사,95-4,,회고록단독,이사 명단 열거
EP0803,기무라 다케타로,E235,대표·위원,고문,95-4,,회고록단독,고문 명단 열거
EP0804,사카이 만지로,E235,대표·위원,고문,95-4,,회고록단독,고문 명단 열거
EP0805,가와이 아사오,E236,대표·위원,이사(필자),113-2,,회고록단독,합병 후 이사로서 공동 경영 서술
EP0806,가토 이치로,E236,대표·위원,이사,113-2,,회고록단독,합병 후 이사로서 공동 경영 서술
EP0807,다무라 곤조,E237,당사자·대상,야마토 양행 주인,97-3,,회고록단독,유곽 매수·경영 계획 착상 서술
EP0808,히사미즈 사부로,E237,주도자,히사미즈 이사관,97-2,,회고록단독,이사청령 제12호 공표·고시
EP0809,사키사카 쇼키치,E238,당사자·대상,경락자,96-1,,회고록단독,본정 1정목 경락 서술
EP0810,오구라 다케노스케,E238,당사자·대상,경락자,96-1,,회고록단독,자택 부근 경락 서술
EP0811,박중양,E239,연설자,박 관찰사,98-2;98-3,,회고록단독,대간친회 대연설·연설 요지 수록
EP0812,가와이 아사오,E240,당사자·대상,낙선 56점,99-1,,회고록단독,낙선자 명단
EP0813,기무라 다케타로,E240,당사자·대상,추천 사퇴,99-1,,회고록단독,추천받았으나 사퇴 서술
EP0814,사토 슈조,E240,당사자·대상,신인 출마,99-1,,회고록단독,출마 명시(당선 명단 외)
EP0815,이와세 시즈카,E240,당사자·대상,추천 사퇴,99-1,,회고록단독,추천받았으나 사퇴 서술
EP0816,후루쇼 모토사네,E240,당사자·대상,낙선 61점,99-1,,회고록단독,낙선자 명단
EP0817,가토 이치로,E240,대표·위원,당선 90점,99-1,,회고록단독,당선자 명단 전원 등재
EP0818,구로카와 엔지,E240,대표·위원,당선 106점,99-1,,회고록단독,당선자 명단 전원 등재
EP0819,마스다 도라타,E240,대표·위원,당선 83점,99-1,,회고록단독,당선자 명단 전원 등재
EP0820,마쓰무라 다이스케,E240,대표·위원,당선 104점,99-1,,회고록단독,당선자 명단 전원 등재
EP0821,사카이 만지로,E240,대표·위원,당선 72점,99-1,,회고록단독,당선자 명단 전원 등재
EP0822,아오키 시게노부,E240,대표·위원,당선 112점,99-1,,회고록단독,당선자 명단 전원 등재
EP0823,야스마쓰 구마키치,E240,대표·위원,당선 85점,99-1,,회고록단독,당선자 명단 전원 등재
EP0824,오구라 다케노스케,E240,대표·위원,당선 76점,99-1,,회고록단독,당선자 명단 전원 등재
EP0825,와타나베 히스루,E240,대표·위원,당선 107점,99-1,,회고록단독,당선자 명단 전원 등재
EP0826,우치다 로쿠로,E240,대표·위원,당선 80점,99-1,,회고록단독,당선자 명단 전원 등재
EP0827,하야시 진시치,E240,대표·위원,당선 82점,99-1,,회고록단독,당선자 명단 전원 등재
EP0828,후쿠치 기사쿠,E240,대표·위원,당선 87점(후쿠치 요시사쿠),99-1,,회고록단독,당선자 명단 전원 등재
EP0829,오구라 다케노스케,E241,당사자·대상,의장 추대 후보,99-2,,회고록단독,추대·사퇴 요청 교섭의 대상
EP0830,가와이 아사오,E241,대표·위원,교섭 대표자(필자·마스다 측),99-2,,회고록단독,대표자로 뽑혀 사전 교섭
EP0831,니시모토 민조,E241,대표·위원,교섭 대표자(오구라 측),99-2,,회고록단독,대표자로 뽑혀 사전 교섭
EP0832,마스다 도라타,E241,대표·위원,의장 당선(9표),99-2,,회고록단독,의장 선거 당선
EP0833,시부사와 슈조,E241,대표·위원,교섭 대표자(오구라 측),99-2,,회고록단독,대표자로 뽑혀 사전 교섭
EP0834,와타나베 히스루,E241,대표·위원,교섭 대표자(마스다 측),99-2,,회고록단독,대표자로 뽑혀 사전 교섭
EP0835,우치다 로쿠로,E241,대표·위원,회계검사위원,99-2,,회고록단독,회계검사위원 당선
EP0836,후쿠치 기사쿠,E241,대표·위원,회계검사위원(후쿠치 요시사쿠),99-2,,회고록단독,회계검사위원 당선
EP0837,가와카미 쓰네오,E242,참석자,가와카미 재무감독국장,99-3,,회고록단독,망년회 참석 명시
EP0838,기쿠치 슈덴,E242,참석자,기쿠치 연대장,99-3,,회고록단독,망년회 참석 명시
EP0839,박중양,E242,참석자,박 관찰사,99-3,,회고록단독,망년회 참석 명시
EP0840,쓰네요시 다다미치,E242,참석자,쓰네요시 여단장,99-3,,회고록단독,망년회 참석 명시
EP0841,히사미즈 사부로,E242,참석자,히사미즈 이사관,99-3,,회고록단독,망년회 참석 명시
EP0842,이노우에 고사이,E243,당사자·대상,사무부장,100-2,,회고록단독,중역 임명·담당 업무 확정
EP0843,이와사 데이조,E243,당사자·대상,금융부장,100-2,,회고록단독,중역 임명·담당 업무 확정
EP0845,이병학,E243,참석자,대구 출석 3명,98-1,,회고록단독,창립총회 출석 명시
EP0846,정재학,E243,참석자,대구 출석 3명,98-1,,회고록단독,창립총회 출석 명시
EP0847,정해붕,E243,참석자,대구 출석 3명,98-1,,회고록단독,창립총회 출석 명시
EP0848,가와이 아사오,E244,발기인,발기인(가와이 아사오),99-4,,회고록단독,발기인 22명 명단 열거
EP0849,가와카미 쓰네오,E244,발기인,발기인(가와카미 쓰네오),99-4,,회고록단독,발기인 22명 명단 열거
EP0850,가토 이치로,E244,발기인,발기인(가토 이치로),99-4,,회고록단독,발기인 22명 명단 열거
EP0851,구로카와 미노루,E244,발기인,발기인(구로카와 조),99-4,,회고록단독,발기인 22명 명단 열거
EP0852,기쿠치 슈덴,E244,발기인,발기인(기쿠치 슈덴),99-4,,회고록단독,발기인 22명 명단 열거
EP0853,나카하라 후사이치,E244,발기인,발기인(나카하라 후사이치),99-4,,회고록단독,발기인 22명 명단 열거
EP0854,다케우치 마키타로,E244,발기인,발기인(다케우치 마키타로),99-4,,회고록단독,발기인 22명 명단 열거
EP0855,다케카와 세이지,E244,발기인,발기인(다케카와 세이지),99-4,,회고록단독,발기인 22명 명단 열거
EP0856,도리야마 고야타,E244,발기인,발기인(도리야마 고야타),99-4,,회고록단독,발기인 22명 명단 열거
EP0857,도이 요타로,E244,발기인,발기인(도이 요타로),99-4,,회고록단독,발기인 22명 명단 열거
EP0858,박중양,E244,발기인,발기인(박중양),99-4,,회고록단독,발기인 22명 명단 열거
EP0859,사카이 만지로,E244,발기인,발기인(사카이 만지로),99-4,,회고록단독,발기인 22명 명단 열거
EP0860,쓰네요시 다다미치,E244,발기인,발기인(쓰네요시 다다미치),99-4,,회고록단독,발기인 22명 명단 열거
EP0861,오자와 고토부키,E244,발기인,발기인(오자와 고토부키),99-4,,회고록단독,발기인 22명 명단 열거
EP0862,와타나베 무라오,E244,발기인,발기인(와타나베 무라오),99-4,,회고록단독,발기인 22명 명단 열거
EP0863,요시다 유로쿠로,E244,발기인,발기인(요시다 유로쿠로),99-4,,회고록단독,발기인 22명 명단 열거
EP0864,유아사 히데토미,E244,발기인,발기인(유아사 히데토미),99-4,,회고록단독,발기인 22명 명단 열거
EP0865,이시이 미쓰오,E244,발기인,발기인(이시이 미쓰오),99-4,,회고록단독,발기인 22명 명단 열거
EP0866,이케가미 시로,E244,발기인,발기인(이케가미 시로),99-4,,회고록단독,발기인 22명 명단 열거
EP0867,이쿠하시 요네사부로,E244,발기인,발기인(이쿠하시 요네지로),99-4,,회고록단독,발기인 22명 명단 열거
EP0868,후리하타 기요미,E244,발기인,발기인(후리하타 기요미),99-4,,회고록단독,발기인 22명 명단 열거
EP0869,히사미즈 사부로,E244,발기인,발기인(히사미즈 사부로),99-4,,회고록단독,발기인 22명 명단 열거
EP0870,히사미즈 사부로,E244,연설자,개회사,100-1,,회고록단독,히사미즈 이사관 개회사 서술
EP0871,한국 황제,E246,당사자·대상,한국 황제폐하,102-1,,회고록단독,봉영 대상;신규인물후보(순종·참조 부재)
EP0872,무라타,E246,참석자,무라타 소장,102-2,,회고록단독,이토와 마차 동승 명시
EP0873,의양군,E246,참석자,의양군,102-1,,회고록단독,가마로 수행 명시;신규인물후보
EP0874,이토 히로부미,E246,참석자,이토 통감,102-2,,회고록단독,하차·마차 이동 명시
EP0875,의양군,E247,당사자·대상,의양군(주빈),103-1,,회고록단독,환영 주빈 착석;신규인물후보
EP0876,이토 히로부미,E247,당사자·대상,이토 공(주빈),103-1,,회고록단독,환영 주빈 착석
EP0877,박중양,E247,연설자,박 관찰사,103-1,,회고록단독,환영사 통역 후 자신도 환영사
EP0878,쓰네요시 다다미치,E247,연설자,환영위원장,103-1,,회고록단독,환영사·만세 선창
EP0879,이토 히로부미,E247,연설자,답사·훈화,103-1;104-1,,회고록단독,"연회 중 답사·훈화, 연설문 수록"
EP0880,노무라(참모장),E247,참석자,노무라 참모장,103-1,,회고록단독,데와와 함께 참석;신규인물후보(참조 노무라 후사요시와 동일인 여부 미확정)
EP0881,데와 시게토,E247,참석자,제2함대 사령장관,103-1,,회고록단독,예정 외 참석 명시
EP0882,민 궁내부대신,E247,참석자,민 궁내부대신,103-1,,회고록단독,좌석 배치 서술;신규인물후보(성만 표기)
EP0883,송병준,E247,참석자,송병준,103-1,,회고록단독,참석 명시
EP0884,이병무,E247,참석자,이 군부대신,103-1,,회고록단독,좌석 배치 서술;군부대신 직위로 참조 귀속
EP0885,이완용,E247,참석자,내각총리대신,103-1,,회고록단독,착석·일본 황제 만세 선창 명시
EP0886,이토 히로부미,E248,당사자·대상,이토 공,103-2,,회고록단독,숙소 앞 만세 삼창의 대상·2층 답례
EP0887,긴토키,E248,참석자,예기 긴토키,103-2,,회고록단독,숙소 배웅 서술;신규인물후보(예명)
EP0888,한국 황제,E249,당사자·대상,한국 황제폐하,101-1;102-1,,회고록단독,남순행 주체;신규인물후보(순종·참조 부재)
EP0889,이토 히로부미,E249,참석자,이토 통감,101-1;102-2,,회고록단독,조칙에 따른 배종 명시
EP0890,한국 황제,E250,당사자·대상,한국 황제폐하,96-1,,회고록단독,순시 행차가 철야 도로 개통의 계기;신규인물후보(순종)
EP0891,한국 황제,E251,당사자·대상,한국 황제,13-3,,회고록단독,달성산 임행 주체;신규인물후보(순종)
EP0892,이토 히로부미,E251,참석자,이토 통감,13-3,,회고록단독,동행·경치 상찬 명시
EP0893,이토 히로부미,E252,당사자·대상,이토 공,105-1,,회고록단독,기념식수·환영 야회의 대상
EP0894,한국 황제,E252,당사자·대상,한국 황제폐하,105-1,,회고록단독,재도착·기념식수 주체;신규인물후보(순종)
EP0895,박중양,E252,주도자,박 관찰사,105-1,,회고록단독,한국 고관·봉공원 환영회 주선
EP0896,히시키 히데이치,E252,주도자,속관,105-1,,회고록단독,관사에서 고등관·판임관 초대 야회 개최
EP0897,이토 히로부미,E253,연설자,이토 통감,104-1,,회고록단독,숙소 앞 한국인 수백 명에 일장 훈화
EP0898,김갑진,E254,대표·위원,전의약제사 등 숙소,101-3,,회고록단독,귀빈 숙소 배정 담당 명시 | [J-23 판정 2026-07-27] 봉영 위원회의 숙소 배정·접대 분담은 능동적 기여이므로 당사자·대상→대표·위원 재판정
EP0899,서봉기,E254,대표·위원,접대,101-3,,회고록단독,궁내대신 숙소 접대 담당 명시 | [J-23 판정 2026-07-27] 봉영 위원회의 숙소 배정·접대 분담은 능동적 기여이므로 당사자·대상→대표·위원 재판정
EP0900,이경옥,E254,대표·위원,총리대신·내부대신 등 숙소,101-3,,회고록단독,귀빈 숙소 배정 담당 명시 | [J-23 판정 2026-07-27] 봉영 위원회의 숙소 배정·접대 분담은 능동적 기여이므로 당사자·대상→대표·위원 재판정
EP0901,이병학,E254,대표·위원,궁중 고문관 등 숙소,101-3,,회고록단독,귀빈 숙소 배정 담당 명시 | [J-23 판정 2026-07-27] 봉영 위원회의 숙소 배정·접대 분담은 능동적 기여이므로 당사자·대상→대표·위원 재판정
EP0902,이장우,E254,대표·위원,규장각경·장례원경 등 숙소,101-3,,회고록단독,귀빈 숙소 배정 담당 명시 | [J-23 판정 2026-07-27] 봉영 위원회의 숙소 배정·접대 분담은 능동적 기여이므로 당사자·대상→대표·위원 재판정
EP0903,정해붕,E254,대표·위원,승녕부 총관 등 숙소,101-3,,회고록단독,귀빈 숙소 배정 담당 명시 | [J-23 판정 2026-07-27] 봉영 위원회의 숙소 배정·접대 분담은 능동적 기여이므로 당사자·대상→대표·위원 재판정
EP0904,최만달,E254,대표·위원,전선사장 등 숙소,101-3,,회고록단독,귀빈 숙소 배정 담당 명시 | [J-23 판정 2026-07-27] 봉영 위원회의 숙소 배정·접대 분담은 능동적 기여이므로 당사자·대상→대표·위원 재판정
EP0905,박중양,E254,대표·위원,부위원장(박 관찰사),101-3,,회고록단독,봉영 부위원장 위촉
EP0906,쓰네요시 다다미치,E254,대표·위원,위원장(소장),101-3,,회고록단독,봉영 위원장 위촉
EP0907,히사미즈 사부로,E254,대표·위원,부위원장(이사관),101-3,,회고록단독,봉영 부위원장 위촉
EP0908,야스카와 와사부로,E257,당사자·대상,후임,107-2,,회고록단독,후임 임명 당사자
EP0909,이시이 미쓰오,E257,당사자·대상,지배인,107-2,,회고록단독,한성공동창고(주) 지배인 발령 당사자
EP0910,니시모토 민조,E258,대표·위원,회칙기초위원(니시모토 민조),107-2,,회고록단독,위원 5명 선출 명단 열거
EP0911,마에카와 도모지,E258,대표·위원,회칙기초위원(마에카와 도모지),107-2,,회고록단독,위원 5명 선출 명단 열거
EP0912,미와 조테쓰,E258,대표·위원,회칙기초위원(미와 조테스),107-2,,회고록단독,위원 5명 선출 명단 열거
EP0913,시라타 신스케,E258,대표·위원,회칙기초위원(시라타 신스케),107-2,,회고록단독,위원 5명 선출 명단 열거
EP0914,이토 기치사부로,E258,대표·위원,회칙기초위원(이토 기치사부로),107-2,,회고록단독,위원 5명 선출 명단 열거
EP0915,마에카와 도모지,E258,주도자,제안(마에카와 도모지),107-2,,회고록단독,대구번영회 조직 건 제안 서술
EP0916,시라타 신스케,E258,주도자,제안(시라타 신스케),107-2,,회고록단독,대구번영회 조직 건 제안 서술
EP0917,이토 기치사부로,E258,주도자,제안(이토 기치사부로),107-2,,회고록단독,대구번영회 조직 건 제안 서술
EP0918,구스카케 다니지로,E259,대표·위원,심판관(대위),107-1,,회고록단독,심판관 명단 열거
EP0919,마이덴 오,E259,대표·위원,심판관(舞傳男 소위),107-1,,회고록단독,심판관 명단 열거;신규인물후보
EP0920,오하라 준지,E259,대표·위원,심판관(대위),107-1,,회고록단독,심판관 명단 열거
EP0921,이사와 이와헤이,E259,대표·위원,심판관(이사와 이와헤 소좌),107-1,,회고록단독,심판관 명단 열거
EP0922,이시카와 구스지로,E259,대표·위원,심판관(소좌),107-1,,회고록단독,심판관 명단 열거
EP0923,기쿠치 슈덴,E259,주도자,관병식 지휘관(기쿠치 대좌),107-1,,회고록단독,관병식 지휘·분열식 시행
EP0924,나마타메 신,E259,주도자,야전훈련 통제관(나마타메 대좌),107-1,,회고록단독,야전훈련 통제
EP0925,시게히사 유히코,E259,주도자,남군 지휘관(소좌),107-1,,회고록단독,훈련 지휘
EP0926,쓰네요시 다다미치,E259,주도자,쓰네요시 소장(열병),107-1,,회고록단독,말 위에서 열병 서술
EP0927,우에무라 린타로,E259,주도자,북군 지휘관(소좌),107-1,,회고록단독,훈련 지휘
EP0928,시라타 신스케,E260,주도자,악장(시로타 신스케),106-3,,회고록단독,악장 담당 서술
EP0929,니시바야시 준스케,E260,참석자,음악대원,106-3,,회고록단독,음악대원 참여 명단 열거
EP0930,도쿠라 기이치,E260,참석자,음악대원,106-3,,회고록단독,음악대원 참여 명단 열거
EP0931,사사모토 레이도,E260,참석자,음악대원,106-3,,회고록단독,음악대원 참여 명단 열거
EP0932,사에키 히코이치,E260,참석자,음악대원,106-3,,회고록단독,음악대원 참여 명단 열거
EP0933,사카이 가네키치,E260,참석자,음악대원,106-3,,회고록단독,음악대원 참여 명단 열거
EP0934,스에이시 모스케,E260,참석자,음악대원,106-3,,회고록단독,음악대원 참여 명단 열거
EP0935,시모조 에이타로,E260,참석자,음악대원,106-3,,회고록단독,음악대원 참여 명단 열거
EP0936,하라 이와타로,E260,참석자,음악대원,106-3,,회고록단독,음악대원 참여 명단 열거
EP0937,가와이 아사오,E261,당사자·대상,퇴임자,107-3,,회고록단독,퇴임자 6명 명단 열거
EP0938,고미야,E261,당사자·대상,고미야 서기장 대리,107-3,,회고록단독,사표 제출(책임 없음 결론);성만 표기·참조 내 고미야 히코지/미호마쓰 동정 미확정
EP0939,마에카와 도모지,E261,당사자·대상,퇴임자,107-3,,회고록단독,퇴임자 6명 명단 열거
EP0940,사카이 만지로,E261,당사자·대상,사표 제출,107-3,,회고록단독,책임지고 사표 제출·수리
EP0941,야스마쓰 구마키치,E261,당사자·대상,퇴임자,107-3,,회고록단독,퇴임자 6명 명단 열거
EP0942,오노 미네지로,E261,당사자·대상,퇴임자,107-3,,회고록단독,퇴임자 6명 명단 열거
EP0943,와타나베 히스루,E261,당사자·대상,퇴임자,107-3,,회고록단독,퇴임자 6명 명단 열거
EP0944,요시다 사시치,E261,당사자·대상,퇴임자,107-3,,회고록단독,퇴임자 6명 명단 열거
EP0945,가와이 아사오,E261,대표·위원,임시 의장·재선거 당선,107-3,,회고록단독,임시 의장 당선·재선거 당선
EP0946,가토 이치로,E261,대표·위원,재선거 선거위원,107-3,,회고록단독,재선거 선거위원 5명 천거 명단
EP0947,고라 도노마루,E261,대표·위원,재선거 선거위원,107-3,,회고록단독,재선거 선거위원 5명 천거 명단
EP0948,기무라 다케타로,E261,대표·위원,재선거 선거위원·보궐 당선,107-3,,회고록단독,선거위원 천거·보궐선거 당선
EP0949,나카에 고로헤이,E261,대표·위원,선거위원(나카에 고로헤),107-3,,회고록단독,선거위원 4명 입회 명단
EP0950,다케카와 세이지,E261,대표·위원,회장 선출,107-3,,회고록단독,4.1 임원 선출에서 회장 당선
EP0951,마스다 도라타,E261,대표·위원,선거위원,107-3,,회고록단독,선거위원 4명 입회 명단
EP0952,마에카와 도모지,E261,대표·위원,재선거 당선·상치위원,107-3,,회고록단독,재선거 당선·상치위원 선출
EP0953,사카이 만지로,E261,대표·위원,보궐 당선·상치위원,107-3,,회고록단독,보궐선거 당선·상치위원 선출
EP0954,사키사카 쇼키치,E261,대표·위원,선거위원,107-3,,회고록단독,선거위원 4명 입회 명단
EP0955,사토 슈조,E261,대표·위원,선거위원·재선거 당선,107-3,,회고록단독,선거위원 입회·재선거 당선
EP0956,야스마쓰 구마키치,E261,대표·위원,재선거 당선·부회장,107-3,,회고록단독,재선거 당선·부회장 선출
EP0957,오노 미네지로,E261,대표·위원,재선거 당선·상치위원,107-3,,회고록단독,재선거 당선·상치위원 선출
EP0958,오자키 시즈오,E261,대표·위원,재선거 당선·상치위원,107-3,,회고록단독,재선거 당선·상치위원 선출
EP0959,와타나베 히스루,E261,대표·위원,보궐 회장 당선,107-3,,회고록단독,회장 보궐선거 당선
EP0960,이와세 시즈카,E261,대표·위원,재선거 선거위원,107-3,,회고록단독,재선거 선거위원 5명 천거 명단
EP0961,후쿠나가 도쿠지로,E261,대표·위원,재선거 선거위원,107-3,,회고록단독,재선거 선거위원 5명 천거 명단
EP0962,히시키 히데이치,E261,대표·위원,감독관(이사청 속관),107-3,,회고록단독,감독관 입회 명시
EP0963,사카이 만지로,E261,주도자,부회장·회장 대리(사회),107-3,,회고록단독,선거관리회 사회 진행
EP0964,이토 기치사부로,E261,주도자,무효표 지적,107-3,,회고록단독,무효표 삼십몇 표 지적으로 사태 촉발
EP0965,가와이 아사오,E262,당사자·대상,필자(이사·단독 경영),113-2,,회고록단독,매수 교섭의 상대방·단독 경영 성명 서술
EP0966,가토 이치로,E262,대표·위원,교섭 위원,113-2,,회고록단독,교섭위원 3인 추천 열거
EP0967,시부사와 슈조,E262,대표·위원,회계감사원,113-3,,회고록단독,회계감사원 추천 서술
EP0968,아오키 시게노부,E262,대표·위원,교섭 위원,113-2,,회고록단독,교섭위원 3인 추천 열거
EP0969,오구라 다케노스케,E262,대표·위원,회계감사원,113-3,,회고록단독,회계감사원 추천 서술
EP0970,이나모토 신신,E262,대표·위원,교섭 위원,113-2,,회고록단독,교섭위원 3인 추천 열거
EP0971,이나모토 신신,E262,주도자,이나모토(책동),113-2,,회고록단독,신문 탈취 계획·책동 명시 서술
EP0972,노사카,E262,중재자,교섭,113-3,,회고록단독,인쇄 거부 소동에서 기계부와 교섭 서술
EP0973,가미야 아이키,E263,당사자·대상,수상자(심4),108-1,,회고록단독,수상자 48명 명단 열거
EP0974,가토 지카,E263,당사자·대상,수상자(고2),108-1,,회고록단독,수상자 48명 명단 열거
EP0975,고다이라 에이키치,E263,당사자·대상,수상자(심4),108-1,,회고록단독,수상자 48명 명단 열거
EP0976,고라 요시마루,E263,당사자·대상,수상자(심1),108-1,,회고록단독,수상자 48명 명단 열거
EP0977,고토 요시쓰구,E263,당사자·대상,수상자(심5),108-1,,회고록단독,수상자 48명 명단 열거
EP0978,구니히로 게이치,E263,당사자·대상,수상자(고2),108-1,,회고록단독,수상자 48명 명단 열거
EP0979,구니히로 마코토,E263,당사자·대상,수상자(심3),108-1,,회고록단독,수상자 48명 명단 열거
EP0980,기시모토 기미,E263,당사자·대상,수상자(심3),108-1,,회고록단독,수상자 48명 명단 열거
EP0981,나가노 다카이치,E263,당사자·대상,수상자(심3),108-1,,회고록단독,수상자 48명 명단 열거
EP0982,나가에 요시마사,E263,당사자·대상,수상자(심6),108-1,,회고록단독,수상자 48명 명단 열거
EP0983,나카야마 만조,E263,당사자·대상,수상자(고2),108-1,,회고록단독,수상자 48명 명단 열거
EP0984,나카야마 히사키치,E263,당사자·대상,수상자(심5),108-1,,회고록단독,수상자 48명 명단 열거
EP0985,다나카 가나메,E263,당사자·대상,수상자(심6),108-1,,회고록단독,수상자 48명 명단 열거
EP0986,다케카와 조,E263,당사자·대상,수상자(심2),108-1,,회고록단독,수상자 48명 명단 열거
EP0987,마쓰다 신페이,E263,당사자·대상,수상자(심4),108-1,,회고록단독,수상자 48명 명단 열거
EP0988,마쓰모토 다카쓰구,E263,당사자·대상,수상자(심3),108-1,,회고록단독,수상자 48명 명단 열거
EP0989,마쓰이 사다요시,E263,당사자·대상,수상자(심6),108-1,,회고록단독,수상자 48명 명단 열거
EP0990,미사와 도시오,E263,당사자·대상,수상자(심2),108-1,,회고록단독,수상자 48명 명단 열거
EP0991,미사와 마사오,E263,당사자·대상,수상자(심3),108-1,,회고록단독,수상자 48명 명단 열거
EP0992,미와 유리,E263,당사자·대상,수상자(심5),108-1,,회고록단독,수상자 48명 명단 열거
EP0993,사코 우타코,E263,당사자·대상,수상자(심1),108-1,,회고록단독,수상자 48명 명단 열거
EP0994,스즈키 이리시게,E263,당사자·대상,수상자(심2),108-1,,회고록단독,수상자 48명 명단 열거
EP0995,아오누마 쇼타,E263,당사자·대상,수상자(고1),108-1,,회고록단독,수상자 48명 명단 열거
EP0996,아카시 세이,E263,당사자·대상,수상자(심6),108-1,,회고록단독,수상자 48명 명단 열거
EP0997,안노 세이,E263,당사자·대상,수상자(고1),108-1,,회고록단독,수상자 48명 명단 열거
EP0998,야마다 사다카즈,E263,당사자·대상,수상자(심6),108-1,,회고록단독,수상자 48명 명단 열거
EP0999,오다 덴,E263,당사자·대상,수상자(심2),108-1,,회고록단독,수상자 48명 명단 열거
EP1000,오다와라 류이치,E263,당사자·대상,수상자(고2),108-1,,회고록단독,수상자 48명 명단 열거
EP1001,오쓰카 지카미,E263,당사자·대상,수상자(심6),108-1,,회고록단독,수상자 48명 명단 열거
EP1002,오치 지에,E263,당사자·대상,수상자(심6),108-1,,회고록단독,수상자 명단 열거; 신규인물후보(참조의 '오치 치에코'와 동일인 가능성·한자 미상으로 미병합)
EP1003,오카무라 가쓰토시,E263,당사자·대상,수상자(고2),108-1,,회고록단독,수상자 48명 명단 열거
EP1004,와타나베 다케,E263,당사자·대상,수상자(심2),108-1,,회고록단독,수상자 48명 명단 열거
EP1005,와타나베 도키오,E263,당사자·대상,수상자(심5),108-1,,회고록단독,수상자 48명 명단 열거
EP1006,와타나베 슌조,E263,당사자·대상,수상자(심5),108-1,,회고록단독,수상자 48명 명단 열거
EP1007,요시모토 신지,E263,당사자·대상,수상자(심4),108-1,,회고록단독,수상자 48명 명단 열거
EP1008,요시오카 도시오,E263,당사자·대상,수상자(심4),108-1,,회고록단독,수상자 48명 명단 열거
EP1009,이케다 덴지,E263,당사자·대상,수상자(심1),108-1,,회고록단독,수상자 48명 명단 열거
EP1010,이케우치 도시,E263,당사자·대상,수상자(고1),108-1,,회고록단독,수상자 48명 명단 열거
EP1011,이케우치 야에,E263,당사자·대상,수상자(심5),108-1,,회고록단독,수상자 48명 명단 열거
EP1012,이쿠하시 도시코,E263,당사자·대상,수상자(심4),108-1,,회고록단독,수상자 48명 명단 열거
EP1013,이토 요시,E263,당사자·대상,수상자(고2),108-1,,회고록단독,수상자 48명 명단 열거
EP1014,하라 신스케,E263,당사자·대상,수상자(심5),108-1,,회고록단독,수상자 48명 명단 열거
EP1015,하세가와 다이치,E263,당사자·대상,수상자(고2),108-1,,회고록단독,수상자 48명 명단 열거
EP1016,호다 슈,E263,당사자·대상,수상자(심6),108-1,,회고록단독,수상자 48명 명단 열거
EP1017,후루쇼 야스요,E263,당사자·대상,수상자(심1),108-1,,회고록단독,수상자 48명 명단 열거
EP1018,후지오카 요시오,E263,당사자·대상,수상자(심5),108-1,,회고록단독,수상자 48명 명단 열거
EP1019,후지타 다카시,E263,당사자·대상,수상자(고1),108-1,,회고록단독,수상자 48명 명단 열거
EP1020,히로우치 도시,E263,당사자·대상,수상자(심5),108-1,,회고록단독,수상자 48명 명단 열거
EP1021,박중양,E264,주도자,박 관찰사(주최),108-3,,회고록단독,건원절 축하식 주최 명시
EP1022,도쿠라 소로쿠,E265,당사자·대상,조역 겸 회계역,108-4,,회고록단독,사임 승인·위로금과 금시계 수여의 당사자
EP1023,기쿠카와 게이운,E266,당사자·대상,교무 승계,30-1,,회고록단독,교무를 이어받았다는 명시 서술
EP1024,히자쓰키 마스키치,E266,당사자·대상,(경영 은퇴),30-1,,회고록단독,통감부 철도관리국 근무로 학교 경영에서 물러남 서술
EP1025,다무라 곤조,E267,당사자·대상,매수·유곽 경영,60-4,,회고록단독,불하지 매수·경영자 명시
EP1026,다케카와 세이지,E268,당사자·대상,회장,110-1,,회고록단독,회장 취임 불승인의 당사자
EP1027,이치하라,E268,당사자·대상,제일은행 한국총지배인,110-1,,회고록단독,취임 불승낙 주체; 신규인물후보(풀네임 불명)
EP1028,마에카와 도모지,E268,대표·위원,상치위원,110-1,,회고록단독,임원 인가 명단 열거(4.12 인가)
EP1029,사카이 만지로,E268,대표·위원,상치위원,110-1,,회고록단독,임원 인가 명단 열거(4.12 인가)
EP1030,야스마쓰 구마키치,E268,대표·위원,부회장,110-1,,회고록단독,임원 인가 명단 열거(4.12 인가)
EP1031,오노 미네지로,E268,대표·위원,상치위원,110-1,,회고록단독,임원 인가 명단 열거(4.12 인가)
EP1032,오자키 시즈오,E268,대표·위원,상치위원,110-1,,회고록단독,임원 인가 명단 열거(4.12 인가)
EP1033,노세 다쓰고로,E269,당사자·대상,후임 이사관,109-3,,회고록단독,후임 임명의 당사자
EP1034,오카모토 마사오,E269,당사자·대상,부이사관(이사관 대리),109-3,,회고록단독,이사관 대리 임명의 당사자
EP1035,히사미즈 사부로,E269,당사자·대상,이사관(전임),109-3,,회고록단독,원산 전임·송별의 당사자
EP1036,가와미치 노부타쓰,E271,당사자·대상,고 육군보병 조장,110-3,,회고록단독,제향 대상 전몰자 대표로 개인 명시
EP1037,기쿠치 슈덴,E271,주도자,제14연대장(제문),110-3,,회고록단독,제단 마련·제문 봉독 서술
EP1038,가메야마 리헤타로,E271,참석자,부산이사관,110-3,,회고록단독,참례 서술
EP1039,아다치(중좌),E271,참석자,오쿠보 대장 대리 중좌,110-3,,회고록단독,참례 서술; 신규인물후보(아다치 겐조 대위와 계급 불일치로 별개 추정)
EP1040,니시무라 다케지로,E272,당사자·대상,3등 주계정,111-1,,회고록단독,파견대 간부 명단 열거·착임
EP1041,마쓰다 젠에이,E272,당사자·대상,부관 대위,111-1,,회고록단독,파견대 간부 명단 열거·착임
EP1042,미와 미쓰기,E272,당사자·대상,제2연대장 대좌,111-1,,회고록단독,같은 날 부임 명시
EP1043,아다치 겐조,E272,당사자·대상,부관 대위,111-1,,회고록단독,파견대 간부 명단 열거·착임
EP1044,야마다 고지,E272,당사자·대상,3등 군의정,111-1,,회고록단독,파견대 간부 명단 열거·착임
EP1045,야마다(부관),E272,당사자·대상,연대 부관,111-1,,회고록단독,미와 대좌 수행 부임; 신규인물후보(성만 표기·야마다 고지와 동일인 여부 불명)
EP1046,와타나베 스이사이,E272,당사자·대상,사령관 소장,111-1,,회고록단독,파견대 간부 명단 열거·착임
EP1047,우메다 이와키,E272,당사자·대상,부관 소좌,111-1,,회고록단독,파견대 간부 명단 열거·착임
EP1048,쓰네요시 다다미치,E273,당사자·대상,주빈(귀환부대),111-2,,회고록단독,환송 대상 주빈 명시
EP1049,와타나베 스이사이,E273,당사자·대상,주빈(신착 부대),111-2,,회고록단독,환영 대상 주빈 명시
EP1050,가와이 아사오,E273,대표·위원,위원,111-1,,회고록단독,위원 추천 명단 열거
EP1051,가토 이치로,E273,대표·위원,위원,111-1,,회고록단독,위원 추천 명단 열거
EP1052,고미야 히코지,E273,대표·위원,위원,111-1,,회고록단독,위원 추천 명단 열거
EP1053,고우라 도노마루,E273,대표·위원,위원,111-1,,회고록단독,위원 추천 명단 열거
EP1054,구로카와 엔지,E273,대표·위원,위원,111-1,,회고록단독,위원 추천 명단 열거
EP1055,기무라 다케타로,E273,대표·위원,위원,111-1,,회고록단독,위원 추천 명단 열거
EP1056,니시자와 사토루,E273,대표·위원,위원,111-1,,회고록단독,위원 추천 명단 열거
EP1057,다케카와 세이지,E273,대표·위원,위원,111-1,,회고록단독,위원 추천 명단 열거
EP1058,마스다 도라타,E273,대표·위원,위원,111-1,,회고록단독,위원 추천 명단 열거
EP1059,마쓰무라 다이스케,E273,대표·위원,위원,111-1,,회고록단독,위원 추천 명단 열거
EP1060,마에카와 도모지,E273,대표·위원,위원,111-1,,회고록단독,위원 추천 명단 열거
EP1061,무라카미 도모요시,E273,대표·위원,위원,111-1,,회고록단독,위원 추천 명단 열거
EP1062,미와 야키치,E273,대표·위원,위원,111-1,,회고록단독,위원 추천 명단 열거
EP1063,사이토 요시조,E273,대표·위원,위원,111-1,,회고록단독,위원 추천 명단 열거
EP1064,사카이 만지로,E273,대표·위원,위원,111-1,,회고록단독,위원 추천 명단 열거
EP1065,사키사카 쇼키치,E273,대표·위원,위원,111-1,,회고록단독,위원 추천 명단 열거
EP1066,사토 슈조,E273,대표·위원,위원,111-1,,회고록단독,위원 추천 명단 열거
EP1067,아오키 시게노부,E273,대표·위원,위원,111-1,,회고록단독,위원 추천 명단 열거
EP1068,야스카와 와사부로,E273,대표·위원,위원,111-1,,회고록단독,위원 추천 명단 열거
EP1069,오자키 시즈오,E273,대표·위원,위원,111-1,,회고록단독,위원 추천 명단 열거
EP1070,와케 헤이지로,E273,대표·위원,위원,111-1,,회고록단독,위원 추천 명단 열거
EP1071,와타나베 히스루,E273,대표·위원,위원,111-1,,회고록단독,위원 추천 명단 열거
EP1072,우에다 겐스케,E273,대표·위원,위원,111-1,,회고록단독,위원 추천 명단 열거
EP1073,우치다 로쿠로,E273,대표·위원,위원,111-1,,회고록단독,위원 추천 명단 열거
EP1074,이나모토 신신,E273,대표·위원,위원,111-1,,회고록단독,위원 추천 명단 열거
EP1075,하야시 진시치,E273,대표·위원,위원,111-1,,회고록단독,위원 추천 명단 열거
EP1076,후쿠나가 도쿠지로,E273,대표·위원,위원,111-1,,회고록단독,위원 추천 명단 열거
EP1077,후쿠치 기사쿠,E273,대표·위원,위원,111-1,,회고록단독,위원 추천 명단 열거
EP1078,기쿠치 슈덴,E273,연설자,연대장(감사 인사),111-2,,회고록단독,감사 인사 서술
EP1079,박중양,E273,연설자,박 관찰사(인사),111-2,,회고록단독,인사 등단 서술
EP1080,쓰네요시 다다미치,E273,연설자,여단장(감사 인사),111-2,,회고록단독,감사 인사 서술
EP1081,오카모토 마사오,E273,연설자,이사관(인사),111-2,,회고록단독,인사 등단 서술
EP1082,와타나베 스이사이,E273,연설자,사령관(감사 인사),111-2,,회고록단독,감사 인사 서술
EP1083,미와 미쓰기,E273,참석자,보병 제1연대장 대좌,111-2,,회고록단독,참석 서술(111-1의 제2연대장 표기와 불일치)
EP1084,박중양,E274,주도자,관찰사,57-1,,회고록단독,성벽 철거 영단·재임기 십자로 개통 서술
EP1085,오카무라 하쓰노스케,E275,당사자·대상,기사,62-2,,회고록단독,유치 교섭의 상대방 명시
EP1086,이와세 시즈카,E275,주도자,당시 대구상업회의소 회장,62-2,,회고록단독,단독 비용 부담 교섭·시모노세키 마중 서술
EP1087,나카하라 후사이치,E276,주도자,진력,100-2,,회고록단독,지점 설치 진력자 열거
EP1088,사키사카 쇼키치,E276,주도자,진력,100-2,,회고록단독,지점 설치 진력자 열거
EP1089,시부사와 슈조,E276,주도자,진력,100-2,,회고록단독,지점 설치 진력자 열거
EP1090,오구라 다케노스케,E276,주도자,진력,100-2,,회고록단독,지점 설치 진력자 열거
EP1091,후지나와 분준,E276,주도자,진력,100-2,,회고록단독,지점 설치 진력자 열거
EP1092,소네 아라스케,E280,당사자·대상,소네 부통감,109-4,,회고록단독,진정의 상대방(진정서 각하·면담 거부)
EP1093,가토 이치로,E280,대표·위원,대표,109-4,,회고록단독,대표 3인 열차 내 면담 진정 서술
EP1094,마스다 도라타,E280,대표·위원,대표,109-4,,회고록단독,대표 3인 열차 내 면담 진정 서술
EP1095,오자키 시즈오,E280,대표·위원,대표,109-4,,회고록단독,대표 3인 열차 내 면담 진정 서술
EP1096,소네 아라스케,E281,당사자·대상,부통감,109-2,,회고록단독,환영회·순시 접대의 대상
EP1097,오구라 다케노스케,E281,당사자·대상,한국제연회사 경영,109-2,,회고록단독,시찰 대상 공장 경영자 명시
EP1098,소네 아라스케,E281,주도자,부통감,109-2,,회고록단독,순시 결심·문무관 대동 방문 서술
EP1099,히사미즈 사부로,E281,참석자,이사관(소개),109-2,,회고록단독,공장 시찰 소개 서술(4.20 전임 기록과의 모순은 기록 유지)
EP1100,소네 아라스케,E282,주도자,부통감,109-2,,회고록단독,고적 보존 의제화·도화선 서술
EP1101,가와노 데쓰지로,E283,당사자·대상,부관 전임 대위,111-3,,회고록단독,개선 부대 공로 장교 명단 열거
EP1102,기쿠치 슈덴,E283,당사자·대상,제14연대장 대좌,111-3,,회고록단독,개선 부대 공로 장교 명단 열거
EP1103,나마타메 신,E283,당사자·대상,제47연대장 대좌,111-3,,회고록단독,개선 부대 공로 장교 명단 열거
EP1104,나카무라 신로쿠,E283,당사자·대상,중위,111-3,,회고록단독,개선 부대 공로 장교 명단 열거
EP1105,니노미야 규지,E283,당사자·대상,전임 대위,111-3,,회고록단독,개선 부대 공로 장교 명단 열거
EP1106,미즈타 야스지로,E283,당사자·대상,대위,111-3,,회고록단독,개선 부대 공로 장교 명단 열거
EP1107,시게히사 유히코,E283,당사자·대상,소좌,111-3,,회고록단독,개선 부대 공로 장교 명단 열거
EP1108,시모바야시 야스타케,E283,당사자·대상,제3대대장 전임 소좌,111-3,,회고록단독,개선 부대 공로 장교 명단 열거
EP1109,쓰네요시 다다미치,E283,당사자·대상,소장,111-3,,회고록단독,개선 부대 공로 장교 명단 열거
EP1110,아카시 야스이치로,E283,당사자·대상,제1대대장 소좌,111-3,,회고록단독,개선 부대 공로 장교 명단 열거
EP1111,야마가미 사다나오,E283,당사자·대상,제1대대장 전임 소좌,111-3,,회고록단독,개선 부대 공로 장교 명단 열거
EP1112,야스다 구스지,E283,당사자·대상,부관 대위,111-3,,회고록단독,개선 부대 공로 장교 명단 열거
EP1113,요다 고타로,E283,당사자·대상,여단장 전임 소장,111-3,,회고록단독,개선 부대 공로 장교 명단 열거
EP1114,요시다 가쓰사부로,E283,당사자·대상,소좌,111-3,,회고록단독,개선 부대 공로 장교 명단 열거
EP1115,우에무라 린타로,E283,당사자·대상,소좌,111-3,,회고록단독,개선 부대 공로 장교 명단 열거
EP1116,이사와 이와헤이,E283,당사자·대상,제3대대장,111-3,,회고록단독,개선 부대 공로 장교 명단 열거
EP1117,이시카와 구스지로,E283,당사자·대상,제2대대장 소좌,111-3,,회고록단독,개선 부대 공로 장교 명단 열거
EP1118,하야시 한스케,E283,당사자·대상,제1대대장(동),111-3,,회고록단독,개선 부대 공로 장교 명단 열거
EP1119,후와 다로시치,E283,당사자·대상,제2대대장 소좌,111-3,,회고록단독,개선 부대 공로 장교 명단 열거
EP1120,히지카타 기요시,E283,당사자·대상,부관 대위,111-3,,회고록단독,개선 부대 공로 장교 명단 열거
EP1121,미야자키 고쿠조,E284,당사자·대상,위문단 일행,111-3,,회고록단독,환영 대상 위문단 일행 열거
EP1122,야마다 신타로,E284,당사자·대상,위문단 일행,111-3,,회고록단독,환영 대상 위문단 일행 열거
EP1123,이케다 야스치카,E284,당사자·대상,위문단 일행,111-3,,회고록단독,환영 대상 위문단 일행 열거
EP1124,하야시 이치리키,E284,당사자·대상,위문단 일행,111-3,,회고록단독,환영 대상 위문단 일행 열거
EP1125,가와이 아사오,E288,연설자,(경영 포부 표명),114-1,,회고록단독,축하회에서 포부 표명 서술
EP1126,가와이 아사오,E289,당사자·대상,경영 위임 수임(필자),113-3,,회고록단독,위임 서면 교부받은 당사자
EP1127,가토 이치로,E289,중재자,주선,113-3,,회고록단독,경영위임 주선 명시
EP1128,가와이 아사오,E290,당사자·대상,사장,114-1,,회고록단독,사고(社告)에 사장 임명 명시
EP1129,박중양,E292,당사자·대상,도장관 영전·수증,57-1,,회고록단독,기념 금시계 증정 대상
EP1130,마쓰모토 시게마사,E293,당사자·대상,일등 군의정·원장,67-3,,회고록단독,초대 원장 착임 서술(1910.9)
EP1131,가와이 아사오,E294,주도자,필자(발행),99-4,,회고록단독,계획 보고·부록 발행 주체(필자 문맥)
EP1132,박중양,E294,주도자,박 관찰사(발의),99-4,,회고록단독,의무구독 명안 발의 명시
EP1133,쓰지 소노지로,E296,주도자,(상설관 설립),33-2,,회고록단독,대구구락부 설립 명시
EP1134,가와이 아사오,E298,당사자·대상,양수인,114-2,,회고록단독,무상 양수의 당사자
EP1135,가토 이치로,E298,당사자·대상,양도증 연서(출자자),114-2,,회고록단독,양도증 연서 명단 열거
EP1136,구로카와 엔지,E298,당사자·대상,양도증 연서(출자자),114-2,,회고록단독,양도증 연서 명단 열거
EP1137,기무라 다케타로,E298,당사자·대상,양도증 연서(출자자),114-2,,회고록단독,양도증 연서 명단 열거
EP1138,마치다 규고,E298,당사자·대상,양도증 연서(출자자),114-2,,회고록단독,양도증 연서 명단 열거
EP1139,사토 슈조,E298,당사자·대상,양도증 연서(출자자),114-2,,회고록단독,양도증 연서 명단 열거
EP1140,스기하라 신키치,E298,당사자·대상,양도증 연서(출자자),114-2,,회고록단독,양도증 연서 명단 열거
EP1141,시부사와 슈조,E298,당사자·대상,양도증 연서(출자자),114-2,,회고록단독,양도증 연서 명단 열거
EP1142,아오키 시게노부,E298,당사자·대상,양도증 연서(출자자),114-2,,회고록단독,양도증 연서 명단 열거
EP1143,오구라 다케노스케,E298,당사자·대상,양도증 연서(출자자),114-2,,회고록단독,양도증 연서 명단 열거
EP1144,이나모토 신신,E298,당사자·대상,양도증 연서(출자자),114-2,,회고록단독,양도증 연서 명단 열거
EP1145,이와세 시즈카,E298,당사자·대상,양도증 연서(출자자),114-2,,회고록단독,양도증 연서 명단 열거
EP1146,후지나와 분준,E298,당사자·대상,양도증 연서(출자자),114-2,,회고록단독,양도증 연서 명단 열거
EP1147,후쿠치 기사쿠,E298,당사자·대상,양도증 연서(출자자),114-2,,회고록단독,양도증 연서 명단 열거
EP1148,마쓰다 만로쿠,E299,당사자·대상,(사업 매수 대상),79-2,,회고록단독,청결조합의 사업 매수 상대방
EP1149,이진호,E299,대표·위원,회장(추대),79-2,,회고록단독,도장관을 회장으로 추대 명시
EP1150,기쿠치 겐조,E299,주도자,민장,79-2,,회고록단독,위생회 조직 주도 서술(성만 표기 '기쿠치 민장'·대표 표기 적용)
EP1151,다케자키 로쿠지로,E299,주도자,부윤,79-2,,회고록단독,위생회 조직 주도 서술(성만 표기 '다케자키 부윤')
EP1152,안도 마사지로,E299,주도자,대구경찰서장,79-2,,회고록단독,위생회 조직 주도 서술
EP1153,기쿠치 겐조,E300,당사자·대상,민장(세제개정안),90-3,,회고록단독,반대 출마가 겨냥한 세제개정안 공표 주체
EP1154,미카지리 주고,E300,대표·위원,민회의원(당선),90-3,,회고록단독,출마·당선 서술('옹' 지칭·참여자메모 준용; 참조상 '민회의원'은 미카지리 다케사부로 — 동일인 판별 유의)
EP1155,모리나가 소이치,E301,발기인,발기,39-2,,회고록단독,'모리나가 소이치 등의 발기' 명시
EP1156,가나모리 리키자부로,E301,참석자,출석(회합),39-2,,회고록단독,'여기 모인 사람들' 열거(출석 20여 명 서술과 부합)
EP1157,고다마 이타로,E301,참석자,출석(회합),39-2,,회고록단독,'여기 모인 사람들' 열거(출석 20여 명 서술과 부합)
EP1158,구와노 긴타로,E301,참석자,출석(회합),39-2,,회고록단독,'여기 모인 사람들' 열거(출석 20여 명 서술과 부합)
EP1159,기도 다다지로,E301,참석자,출석(회합),39-2,,회고록단독,'여기 모인 사람들' 열거(출석 20여 명 서술과 부합)
EP1160,나가이 고타로,E301,참석자,출석(회합),39-2,,회고록단독,'여기 모인 사람들' 열거(출석 20여 명 서술과 부합)
EP1161,나카에 고로헤이,E301,참석자,출석(회합),39-2,,회고록단독,'여기 모인 사람들' 열거(출석 20여 명 서술과 부합)
EP1162,니시야마 쓰루키치,E301,참석자,출석(회합),39-2,,회고록단독,'여기 모인 사람들' 열거(출석 20여 명 서술과 부합)
EP1163,마쓰이 이치타로,E301,참석자,출석(회합),39-2,,회고록단독,'여기 모인 사람들' 열거(출석 20여 명 서술과 부합)
EP1164,마에카와 도모지,E301,참석자,출석(회합),39-2,,회고록단독,'여기 모인 사람들' 열거(출석 20여 명 서술과 부합)
EP1165,미쓰하시 에이타로,E301,참석자,출석(회합),39-2,,회고록단독,'여기 모인 사람들' 열거(출석 20여 명 서술과 부합)
EP1166,미와 조테쓰,E301,참석자,출석(회합),39-2,,회고록단독,'여기 모인 사람들' 열거(출석 20여 명 서술과 부합)
EP1167,사이토 요시조,E301,참석자,출석(회합),39-2,,회고록단독,'여기 모인 사람들' 열거(출석 20여 명 서술과 부합)
EP1168,사카모토 도시스케,E301,참석자,출석(회합),39-2,,회고록단독,'여기 모인 사람들' 열거(출석 20여 명 서술과 부합)
EP1169,시노하라 가나메,E301,참석자,출석(회합),39-2,,회고록단독,'여기 모인 사람들' 열거(출석 20여 명 서술과 부합)
EP1170,아베 도시로,E301,참석자,출석(회합),39-2,,회고록단독,'여기 모인 사람들' 열거(출석 20여 명 서술과 부합)
EP1171,우에다 요시오,E301,참석자,필자 대리(주필),39-2,,회고록단독,저자 대리 출석 명시
EP1172,우치다 로쿠로,E301,참석자,출석(회합),39-2,,회고록단독,'여기 모인 사람들' 열거(출석 20여 명 서술과 부합)
EP1173,이시카와 오쿠조,E301,참석자,출석(회합),39-2,,회고록단독,'여기 모인 사람들' 열거(출석 20여 명 서술과 부합)
EP1174,이와나가 젠지로,E301,참석자,출석(회합),39-2,,회고록단독,'여기 모인 사람들' 열거(출석 20여 명 서술과 부합)
EP1175,이와세 시즈카,E301,참석자,출석(회합),39-2,,회고록단독,'여기 모인 사람들' 열거(출석 20여 명 서술과 부합)
EP1176,이즈카 쇼이치,E301,참석자,출석(회합),39-2,,회고록단독,'여기 모인 사람들' 열거(출석 20여 명 서술과 부합)
EP1177,후루카와 분노스케,E301,참석자,출석(회합),39-2,,회고록단독,'여기 모인 사람들' 열거(출석 20여 명 서술과 부합)
EP1178,히자쓰키 마스키치,E301,참석자,출석(회합),39-2,,회고록단독,'여기 모인 사람들' 열거(출석 20여 명 서술과 부합)
EP1179,가와이 아사오,E303,대표·위원,간사,40-2,,회고록단독,임원 명단(간사)
EP1180,나가이 고타로,E303,대표·위원,간사,40-2,,회고록단독,임원 명단(간사)
EP1181,나카에 고로헤이,E303,대표·위원,회장,40-2,,회고록단독,임원 명단(회장)
EP1182,마치다 규고,E303,대표·위원,간사,40-2,,회고록단독,임원 명단(간사)
EP1183,모리나가 소이치,E303,대표·위원,간사,40-2,,회고록단독,임원 명단(간사)
EP1184,사카모토 도시스케,E303,대표·위원,간사,40-2,,회고록단독,임원 명단(간사)
EP1185,우치다 로쿠로,E303,대표·위원,간사,40-2,,회고록단독,임원 명단(간사)
EP1186,가네미쓰 우헤이,E303,참석자,회원,40-1,,회고록단독,회원 77명 명단 열거(봉납식 거의 전원 참집 서술)
EP1187,가네코 기이치,E303,참석자,회원,40-1,,회고록단독,회원 77명 명단 열거(봉납식 거의 전원 참집 서술)
EP1188,가도치 가나,E303,참석자,회원,40-1,,회고록단독,회원 77명 명단 열거(봉납식 거의 전원 참집 서술)
EP1189,가도타 기쿠,E303,참석자,회원,40-1,,회고록단독,회원 77명 명단 열거(봉납식 거의 전원 참집 서술)
EP1190,가미야 도요나리,E303,참석자,회원,40-1,,회고록단독,회원 77명 명단 열거(봉납식 거의 전원 참집 서술)
EP1191,가미타니 겐지로,E303,참석자,회원,40-1,,회고록단독,회원 77명 명단 열거(봉납식 거의 전원 참집 서술)
EP1192,가사하라 사토시,E303,참석자,회원,40-1,,회고록단독,회원 77명 명단 열거(봉납식 거의 전원 참집 서술)
EP1193,가와구치 유키치,E303,참석자,회원,40-1,,회고록단독,회원 77명 명단 열거(봉납식 거의 전원 참집 서술)
EP1194,가와이 아사오,E303,참석자,회원,40-1,,회고록단독,회원 77명 명단 열거(봉납식 거의 전원 참집 서술)
EP1195,가와카쓰 우메키치,E303,참석자,회원,40-1,,회고록단독,회원 77명 명단 열거(봉납식 거의 전원 참집 서술)
EP1196,가즈 요시타로,E303,참석자,회원,40-1,,회고록단독,회원 77명 명단 열거(봉납식 거의 전원 참집 서술)
EP1197,구로노 기요쓰구,E303,참석자,회원,40-1,,회고록단독,회원 77명 명단 열거(봉납식 거의 전원 참집 서술)
EP1198,구와노 긴타로,E303,참석자,회원,40-1,,회고록단독,회원 77명 명단 열거(봉납식 거의 전원 참집 서술)
EP1199,기도 다다지로,E303,참석자,회원,40-1,,회고록단독,회원 77명 명단 열거(봉납식 거의 전원 참집 서술)
EP1200,기타가와 지헤이,E303,참석자,회원,40-1,,회고록단독,회원 77명 명단 열거(봉납식 거의 전원 참집 서술)
EP1201,기타무라 도시오,E303,참석자,회원,40-1,,회고록단독,회원 77명 명단 열거(봉납식 거의 전원 참집 서술)
EP1202,나가이 고타로,E303,참석자,회원,40-1,,회고록단독,회원 77명 명단 열거(봉납식 거의 전원 참집 서술)
EP1203,나카모토 가타로,E303,참석자,회원,40-1,,회고록단독,회원 77명 명단 열거(봉납식 거의 전원 참집 서술)
EP1204,나카무라 기이치,E303,참석자,회원,40-1,,회고록단독,회원 77명 명단 열거(봉납식 거의 전원 참집 서술)
EP1205,나카무라 헤이시로,E303,참석자,회원,40-1,,회고록단독,회원 77명 명단 열거(봉납식 거의 전원 참집 서술)
EP1206,나카쓰카 로쿠스케,E303,참석자,회원,40-1,,회고록단독,회원 77명 명단 열거(봉납식 거의 전원 참집 서술)
EP1207,나카에 고로헤이,E303,참석자,회원,40-1,,회고록단독,회원 77명 명단 열거(봉납식 거의 전원 참집 서술)
EP1208,노무라 후사요시,E303,참석자,회원,40-1,,회고록단독,회원 77명 명단 열거(봉납식 거의 전원 참집 서술)
EP1209,다나카 나라키치,E303,참석자,회원,40-1,,회고록단독,회원 77명 명단 열거(봉납식 거의 전원 참집 서술)
EP1210,다나카 후지타로,E303,참석자,회원,40-1,,회고록단독,회원 77명 명단 열거(봉납식 거의 전원 참집 서술)
EP1211,다카키 신지,E303,참석자,회원,40-1,,회고록단독,회원 77명 명단 열거(봉납식 거의 전원 참집 서술)
EP1212,다카하시 우스케,E303,참석자,회원,40-1,,회고록단독,회원 77명 명단 열거(봉납식 거의 전원 참집 서술)
EP1213,다케우치 도라조,E303,참석자,회원,40-1,,회고록단독,회원 77명 명단 열거(봉납식 거의 전원 참집 서술)
EP1214,다키타 기누조,E303,참석자,회원,40-1,,회고록단독,회원 77명 명단 열거(봉납식 거의 전원 참집 서술)
EP1215,다테시마 료사부로,E303,참석자,회원,40-1,,회고록단독,회원 77명 명단 열거(봉납식 거의 전원 참집 서술)
EP1216,도쿠라 기이치,E303,참석자,회원,40-1,,회고록단독,회원 77명 명단 열거(봉납식 거의 전원 참집 서술)
EP1217,마스다 도라타,E303,참석자,회원,40-1,,회고록단독,회원 77명 명단 열거(봉납식 거의 전원 참집 서술)
EP1218,마쓰모토 세이이치,E303,참석자,회원,40-1,,회고록단독,회원 77명 명단 열거(봉납식 거의 전원 참집 서술)
EP1219,마쓰오 이와키치,E303,참석자,회원,40-1,,회고록단독,회원 77명 명단 열거(봉납식 거의 전원 참집 서술)
EP1220,마유미 다다시,E303,참석자,회원,40-1,,회고록단독,회원 77명 명단 열거(봉납식 거의 전원 참집 서술)
EP1221,마치다 규고,E303,참석자,회원,40-1,,회고록단독,회원 77명 명단 열거(봉납식 거의 전원 참집 서술)
EP1222,마키 신이치,E303,참석자,회원,40-1,,회고록단독,회원 77명 명단 열거(봉납식 거의 전원 참집 서술)
EP1223,모리나가 소이치,E303,참석자,회원,40-1,,회고록단독,회원 77명 명단 열거(봉납식 거의 전원 참집 서술)
EP1224,모리모토 도네쓰키,E303,참석자,회원,40-1,,회고록단독,회원 77명 명단 열거(봉납식 거의 전원 참집 서술)
EP1225,모모하라 야오조,E303,참석자,회원,40-1,,회고록단독,회원 77명 명단 열거(봉납식 거의 전원 참집 서술)
EP1226,무라오카 시게루,E303,참석자,회원,40-1,,회고록단독,회원 77명 명단 열거(봉납식 거의 전원 참집 서술)
EP1227,무카이 도모키치,E303,참석자,회원,40-1,,회고록단독,회원 77명 명단 열거(봉납식 거의 전원 참집 서술)
EP1228,미야마 요시노스케,E303,참석자,회원,40-1,,회고록단독,회원 77명 명단 열거(봉납식 거의 전원 참집 서술)
EP1229,미야케 아키타로,E303,참석자,회원,40-1,,회고록단독,회원 77명 명단 열거(봉납식 거의 전원 참집 서술)
EP1230,미와 노부오,E303,참석자,회원,40-1,,회고록단독,회원 77명 명단 열거(봉납식 거의 전원 참집 서술)
EP1231,미하시 지요타로,E303,참석자,회원,40-1,,회고록단독,회원 77명 명단 열거(봉납식 거의 전원 참집 서술)
EP1232,사사키 이치조,E303,참석자,회원,40-1,,회고록단독,회원 77명 명단 열거(봉납식 거의 전원 참집 서술)
EP1233,사카모토 도시스케,E303,참석자,회원,40-1,,회고록단독,회원 77명 명단 열거(봉납식 거의 전원 참집 서술)
EP1234,사카이 사쿠조,E303,참석자,회원,40-1,,회고록단독,회원 77명 명단 열거(봉납식 거의 전원 참집 서술)
EP1235,사토 슈조,E303,참석자,회원,40-1,,회고록단독,회원 77명 명단 열거(봉납식 거의 전원 참집 서술)
EP1236,세노 에이타로,E303,참석자,회원,40-1,,회고록단독,회원 77명 명단 열거(봉납식 거의 전원 참집 서술)
EP1237,세노 히로키치,E303,참석자,회원,40-1,,회고록단독,회원 77명 명단 열거(봉납식 거의 전원 참집 서술)
EP1238,스기하라 신키치,E303,참석자,회원,40-1,,회고록단독,회원 77명 명단 열거(봉납식 거의 전원 참집 서술)
EP1239,시바타 지요키치,E303,참석자,회원,40-1,,회고록단독,회원 77명 명단 열거(봉납식 거의 전원 참집 서술)
EP1240,시부사와 슈조,E303,참석자,회원,40-1,,회고록단독,회원 77명 명단 열거(봉납식 거의 전원 참집 서술)
EP1241,아오누마 규이치로,E303,참석자,회원,40-1,,회고록단독,회원 77명 명단 열거(봉납식 거의 전원 참집 서술)
EP1242,아카시 오토키치,E303,참석자,회원,40-1,,회고록단독,회원 77명 명단 열거(봉납식 거의 전원 참집 서술)
EP1243,야마다 우메지로,E303,참석자,회원,40-1,,회고록단독,회원 77명 명단 열거(봉납식 거의 전원 참집 서술)
EP1244,야마자키 가도요시,E303,참석자,회원,40-1,,회고록단독,회원 77명 명단 열거(봉납식 거의 전원 참집 서술)
EP1245,오가사 구마지로,E303,참석자,회원,40-1,,회고록단독,회원 77명 명단 열거(봉납식 거의 전원 참집 서술)
EP1246,오구라 다케노스케,E303,참석자,회원,40-1,,회고록단독,회원 77명 명단 열거(봉납식 거의 전원 참집 서술)
EP1247,오니즈카 슈이쓰,E303,참석자,회원,40-1,,회고록단독,회원 77명 명단 열거(봉납식 거의 전원 참집 서술)
EP1248,오리토 기요이치,E303,참석자,회원,40-1,,회고록단독,회원 77명 명단 열거(봉납식 거의 전원 참집 서술)
EP1249,오에 류타로,E303,참석자,회원,40-1,,회고록단독,회원 77명 명단 열거(봉납식 거의 전원 참집 서술)
EP1250,오치 와스케,E303,참석자,회원,40-1,,회고록단독,회원 77명 명단 열거(봉납식 거의 전원 참집 서술)
EP1251,요시다 다이조,E303,참석자,회원,40-1,,회고록단독,회원 77명 명단 열거(봉납식 거의 전원 참집 서술)
EP1252,요시하라 군타로,E303,참석자,회원,40-1,,회고록단독,회원 77명 명단 열거(봉납식 거의 전원 참집 서술)
EP1253,우치다 로쿠로,E303,참석자,회원,40-1,,회고록단독,회원 77명 명단 열거(봉납식 거의 전원 참집 서술)
EP1254,이노우에 산고,E303,참석자,회원,40-1,,회고록단독,회원 77명 명단 열거(봉납식 거의 전원 참집 서술)
EP1255,이시마쓰 시게키,E303,참석자,회원,40-1,,회고록단독,회원 77명 명단 열거(봉납식 거의 전원 참집 서술)
EP1256,이와나가 마지,E303,참석자,회원,40-1,,회고록단독,회원 77명 명단 열거(봉납식 거의 전원 참집 서술)
EP1257,이케다 쓰네요시,E303,참석자,회원,40-1,,회고록단독,회원 77명 명단 열거(봉납식 거의 전원 참집 서술)
EP1258,하라다 기이치,E303,참석자,회원,40-1,,회고록단독,회원 77명 명단 열거(봉납식 거의 전원 참집 서술)
EP1259,하타모토 기헤이,E303,참석자,회원,40-1,,회고록단독,회원 77명 명단 열거(봉납식 거의 전원 참집 서술)
EP1260,호쿠조 준조,E303,참석자,회원,40-1,,회고록단독,회원 77명 명단 열거(봉납식 거의 전원 참집 서술)
EP1261,후루야 지스케,E303,참석자,회원,40-1,,회고록단독,회원 77명 명단 열거(봉납식 거의 전원 참집 서술)
EP1262,후지나와 분준,E303,참석자,회원,40-1,,회고록단독,회원 77명 명단 열거(봉납식 거의 전원 참집 서술)
