한글표기,한자표기,민족,언급수,등장단락수,첫등장단락,주활동연도,활동연도범위,단체소속,연령후보_대구물어,출신후보_대구물어,도래후보_대구물어,민단사매칭,안내매칭,요람매칭,조선대구일반매칭,직업_조선대구일반,출신지_조선대구일반,도래연도_조선대구일반,연령_조선대구일반,출신지_확정,도래연도_확정,속성출전,조선대구일반_소개(발췌),직업_보조자료,직업_보조출전,출신지_보조자료,출신지_보조출전,도래연도_보조자료,도래연도_보조출전,생년,생년_출전,조선대구일반_출전,출신지_확정출전,도래연도_확정출전,직업_확정,직업_확정출전,관찰사재임_대구부사,관찰사재임_출전
이와세 시즈카,岩瀬静,일본인,164,81,127,1907,1904-1910,대구구락부; 대구상업회의소,,,,1,1,1,1,본문 등장 확인.,,,,,,조선대구일반(1911),본문 등장 확인.,대금업; 대구제분정미(주) 사장; 대구상업회의소 회두(1910~),경북요람(1910년대) p.219,,,,,,,조선대구일반(1911) pp.249~250,,,대금업; 대구제분정미(주) 사장; 대구상업회의소 회두(1910~),경북요람(1910년대) p.219,,
오구라 다케노스케,小倉武之助,일본인,111,44,29,1908,1904-1910,거류민회; 임시일본인대회; 대구상업회의소,,,,1,1,1,1,본문 등장 확인.,,,,,,조선대구일반(1911),본문 등장 확인.,한국제연합자회사 사장; 대구전기(주)(1911.8)·선남은행 대표·대구기업(주)(1917),경북요람(1910년대) p.219,,,,,,,조선대구일반(1911) pp.249~250,,,한국제연합자회사 사장; 대구전기(주)(1911.8)·선남은행 대표·대구기업(주)(1917),경북요람(1910년대) p.219,,
마스다 도라타,增田虎太,일본인,100,48,24,1907,1904-1909,거류민회; 임시일본인대회; 대구상업회의소,40세(단락28),,,1,1,1,0,,,,,후쿠오카현 구루메,,대구물어,,상업(낙동강 수운 행상); 부산일보 경북일간 주간(1913),대구민단사(1915) p.58,후쿠오카현 구루메,대구민단사(1915) p.58,,,,,,대구민단사(1915) p.58,,상업(낙동강 수운 행상); 부산일보 경북일간 주간(1913),대구민단사(1915) p.58,,
박중양,朴重陽,조선인,98,47,14,1908,1905-1909,대구구락부,33세(단락412),,1904(단락414); 1908(단락790),0,0,0,1,,,,,경기도 양주,1906(대구군수 부임),대구물어,,일본 유학(경찰학)→관찰사; 조선총독부 중추원 참의(1920),대구민단사(1915) p.90,경기도 양주,대구민단사(1915) p.90,1906(대구군수 부임),대구민단사(1915) p.90,1875년경(1895년 21세 도일 유학),대구민단사(1915) p.90,,대구민단사(1915) p.90,대구민단사(1915) p.90,일본 유학(경찰학)→관찰사; 조선총독부 중추원 참의(1920),대구민단사(1915) p.90,"경상북도관찰사 1908.6~1910(융희2년 무신 6월 임명, 관찰도 폐지까지)",대구부사(1943) 제1편 연혁편 부록 慶尙道監司任遞表 p.283
이토 히로부미,伊藤博文,일본인,81,46,127,1909,1905-1909,,,,1906(단락385); 1904(단락414),1,0,0,0,,,,,,1906,대구물어,,,,,,,,,,,,대구물어(1930) 1906(단락385); 1904(단락414),,,,
오키타 스테지로,沖田棄次郎,일본인,68,29,58,1905,1905-1909,임시일본인대회; 쇄신회; 대구상업회의소,,,,1,1,0,1,1908.4 귀국,,1907,,,1907,조선대구일반(1911),"1907.7 『대구일일신문』 주간, 1908.4 귀국. p.120. ※CSV '오키타 스테지로'.",,,,,,,,,조선대구일반(1911) pp.120~121,,조선대구일반(1911) pp.120~121,1908.4 귀국,조선대구일반(1911) pp.120~121,,
사카이 만지로,堺萬次郎,일본인,64,27,287,1907,1905-1909,대구상업회의소,,,,1,1,1,1,"오사카 출신, 원래 성은 후지이(藤井)",오사카,,,미에현,,조선대구일반(1911),"오사카 출신, 원래 성은 후지이(藤井). pp.238~239.",,,미에현,대구민단사(1915) p.58,,,,,조선대구일반(1911) pp.238~239,대구민단사(1915) p.58,,"오사카 출신, 원래 성은 후지이(藤井)",조선대구일반(1911) pp.238~239,,
가와이 아사오,河井朝雄,일본인,60,35,208,1908,1904-1910,거류민회; 쇄신회; 대구구락부; 대구상업회의소,,,,1,1,1,1,『대구신문』 사장(1909.8~),분고 오이타,1904,,분고 오이타,1904,조선대구일반(1911),"『대구신문』 사장(1909.8~). 분고 오이타, 1904.5 대구. 상업회의소·민단 의원, 공원기성회 간사. pp.120~121.",대구신문사(조선민보) 사장,경북요람(1910년대) p.219,,,,,,,조선대구일반(1911) pp.114~115,조선대구일반(1911) pp.114~115,조선대구일반(1911) pp.114~115,『대구신문』 사장(1909.8~); 대구신문사(조선민보) 사장,조선대구일반(1911) pp.114~115; 경북요람(1910년대) p.219,,
나카에 고로헤이,中江五郎平,일본인,60,33,29,1907,1904-1909,팔조회; 대구상업회의소,,,,1,1,1,1,'미나카이 잡화점' 연장자·대표자,,1904,,,1904,조선대구일반(1911),"1904.11 도한, '미나카이 잡화점' 연장자·대표자. p.242. ※CSV '나카에 고로헤이(中江五郎平)'와 동일 인물로 판단 — 郎/良 이표기.",,,,,,,,,조선대구일반(1911) pp.242,,조선대구일반(1911) pp.242,'미나카이 잡화점' 연장자·대표자,조선대구일반(1911) pp.242,,
가게야마 히데키,影山秀樹,일본인,58,32,368,1907,1905-1908,대구상업회의소,,,,1,0,0,1,민단장,,,,시즈오카현,,조선대구일반(1911),"민단장. pp.216~217(과수 재배 대목) 및 pp.116, 250(민단장 언급). ※초기 판독 '蔭山'은 影山의 오독으로 판단.",전 중의원 의원·시즈오카농공은행 대표; 대구거류민단 초대 민장; 사문진 방면 농사 경영,대구민단사(1915) p.50,시즈오카현,대구민단사(1915) p.50,,,,,조선대구일반(1911) pp.216~217,대구민단사(1915) p.50,,민단장; 전 중의원 의원·시즈오카농공은행 대표; 대구거류민단 초대 민장; 사문진 방면 농사 경영,조선대구일반(1911) pp.216~217; 대구민단사(1915) p.50,,
가토 이치로,加藤一郎,일본인,55,23,464,1908,1906-1910,,,도쿄(단락464),,1,1,1,1,법률사무소(모토마치 1정목),도쿄,1906,,도쿄,1906,조선대구일반(1911),"법률사무소(모토마치 1정목). 1882 도쿄 하마초(浜町) 출생, 추오대학 졸, 1906.9 대구 정주. 1908 상업회의소 의원·민단의원, 『대구신문』 이사(가와이 아사오와 공동 경영). pp.114~115.",,,,,,,,,조선대구일반(1911) pp.114~115,조선대구일반(1911) pp.114~115,조선대구일반(1911) pp.114~115,법률사무소(모토마치 1정목),조선대구일반(1911) pp.114~115,,
도쿠라 소로쿠,戸倉十六,일본인,53,24,24,1905,1904-1909,거류민회; 임시일본인대회; 팔조회; 대구상업회의소,,,1903(단락131); 1903(단락218),1,0,0,1,민단 조역,,,,,1903,조선대구일반(1911),민단 조역. 본문·pp.249~250 등장. ※CSV '도쿠라 소로쿠'와 동일 한자 — 이표기.,,,,,,,,,조선대구일반(1911) pp.216~217,,대구물어(1930) 1903(단락131); 1903(단락218),민단 조역,조선대구일반(1911) pp.216~217,,
와타나베 히스루,渡邊比,일본인,47,25,326,1908,1905-1909,대구상업회의소,,,1905(단락625),1,1,0,0,,,,,오카야마현,1905,대구물어,,,,오카야마현,대구민단사(1915) p.60,1905,대구민단사(1915) p.60,,,,대구민단사(1915) p.60,대구민단사(1915) p.60,,,,
미와 조테쓰,三輪如鐵,일본인,44,15,24,1905,1904-1909,거류민회; 임시일본인대회; 대구구락부; 팔조회,,,1891(단락339),1,1,1,1,저자,,,,,1891,조선대구일반(1911),저자. 대구 거주 8년(1902경~1910). 본문 곳곳 1인칭 등장. CSV '미와 조테쓰'(통합 표기)와 동일 인물.,,,,,,,,,조선대구일반(1911) pp.114~127,,대구물어(1930) 1891(단락339),저자,조선대구일반(1911) pp.114~127,,
나카자와 덴노스케,中澤傳之助,일본인,43,21,368,1909,1905-1909,대구상업회의소,,,,1,0,0,1,본문 등장 확인.,,,,,,조선대구일반(1911),본문 등장 확인.,달성공원기성회 회계,대구민단사(1915) p.168,,,,,,,조선대구일반(1911) pp.216~217,,,달성공원기성회 회계,대구민단사(1915) p.168,,
야스마쓰 구마키치,安松熊吉,일본인,41,22,127,1907,1905-1909,대구상업회의소,,,,1,0,1,1,곡물수출상(시장 북로),후쿠오카 현,1904,,후쿠오카 현,1904,조선대구일반(1911),"곡물수출상(시장 북로). 후쿠오카 현, 1890부터 부산, 1904.10 대구. 초대 민단의원(1906.12), 상업회의소 부회장. pp.118~119. ※CSV 표기도 '구마키치'로 교정됨(대구물어단체와인물.docx 대조).",곡물수출상; 대구곡물조합 조장; 상업회의소 부회두,경북요람(1910년대) p.219,,,,,,,조선대구일반(1911) pp.118~119,조선대구일반(1911) pp.118~119,조선대구일반(1911) pp.118~119,곡물수출상(시장 북로); 곡물수출상; 대구곡물조합 조장; 상업회의소 부회두,조선대구일반(1911) pp.118~119; 경북요람(1910년대) p.219,,
히자쓰키 마스키치,膝付益吉,일본인,40,11,98,1905,1904-1905,거류민회; 대구구락부; 팔조회; 달성학교,,오카야마현(단락98),1893(단락98),1,1,0,0,,,,,오카야마현,1893,대구물어,,달성학교 교주(감독); 일본인회 초대 회장(1900.11),대구민단사(1915) p.22,,,,,,,,대구물어(1930) 오카야마현(단락98),대구물어(1930) 1893(단락98),달성학교 교주(감독); 일본인회 초대 회장(1900.11),대구민단사(1915) p.22,,
후지나와 분준,藤縄文順,일본인,38,18,29,1907,1904-1910,,,,,1,1,1,1,본문 등장 확인.,,,,,,조선대구일반(1911),본문 등장 확인.,,,,,,,,,조선대구일반(1911) pp.216~217,,,,,,
시부사와 슈조,澁澤周藏,일본인,36,18,310,1908,1904-1910,,,,,1,0,1,0,,,,,군마현,1904~05(경부철도 속성공사 시),,,철도 종사→농사 경영·저빙고(얼음 판매),대구민단사(1915) p.64,군마현,대구민단사(1915) p.64,1904~05(경부철도 속성공사 시),대구민단사(1915) p.64,,,,대구민단사(1915) p.64,대구민단사(1915) p.64,철도 종사→농사 경영·저빙고(얼음 판매),대구민단사(1915) p.64,,
니시모토 민조,西本民城,일본인,35,17,368,1907,1905-1909,,,,,1,0,0,0,,,,,,,,,,,,,,,,,,,,,,,
아오키 시게노부,靑木重信,일본인,35,22,537,1908,1905-1910,대구상업회의소,,,,1,1,1,1,"아오키 상점(青木商店, 모토마치)",총독부,1905,,총독부,1905,조선대구일반(1911),"아오키 상점(青木商店, 모토마치). 총독부 도량형기 위탁판매·측량기계·전당포. 오카야마 현 조토 군, 1905.4 대구. pp.196~197.",,,,,,,,,조선대구일반(1911) pp.196~197,조선대구일반(1911) pp.196~197,조선대구일반(1911) pp.196~197,"아오키 상점(青木商店, 모토마치)",조선대구일반(1911) pp.196~197,,
스기하라 신키치,杉原新吉,일본인,34,18,323,1907,1904-1910,대구상업회의소,,,,1,1,1,0,,,,,,,,,재목상; 대구목재상조합 대표,경북요람(1910년대) p.239,,,,,,,,,,재목상; 대구목재상조합 대표,경북요람(1910년대) p.239,,
우치다 로쿠로,内田六郎,일본인,34,17,24,1905,1904-1908,거류민회; 팔조회,26세(단락28),,,1,1,1,1,"상큐상회(三九商會), 스탠다드 석유회사 관련",,,,,,조선대구일반(1911),"상큐상회(三九商會), 스탠다드 석유회사 관련. pp.236~237.",잡화·우유(상큐상회); 상업회의소 상무위원,경북요람(1910년대) p.240,,,,,,,조선대구일반(1911) pp.236~237,,,"상큐상회(三九商會), 스탠다드 석유회사 관련; 잡화·우유(상큐상회); 상업회의소 상무위원",조선대구일반(1911) pp.236~237; 경북요람(1910년대) p.240,,
다도코로 유키에,田所幸衛,일본인,33,13,37,1905,1905-1906,거류민회; 대구구락부,,,,1,0,0,0,,,,,,,,,,,,,,,,,,,,,,,
마치다 규고,町田久吾,일본인,32,14,29,1905,1904-1910,임시일본인대회; 쇄신회,,,1904(단락375),1,1,1,1,"마치다 회춘당 약국(町田回春堂藥局, 모토마치 1정목) 약제사",니이가타 현,1904,37세(1910시점),니이가타 현,1904,조선대구일반(1911),"마치다 회춘당 약국(町田回春堂藥局, 모토마치 1정목) 약제사. 니이가타 현 다카다초, 1904.4 대구. 대구 약품업계 조합 창시(1904.11), 간사장. 민단 부의장, 1910.3 상업회의소 의원. 37세. pp.194~195.",,,,,,,,,조선대구일반(1911) pp.194~195,조선대구일반(1911) pp.194~195,조선대구일반(1911) pp.194~195,"마치다 회춘당 약국(町田回春堂藥局, 모토마치 1정목) 약제사",조선대구일반(1911) pp.194~195,,
미카지리 주고,三ヶ尻忠吾,일본인,31,14,570,1908,1907-1909,,,후쿠오카현(단락1074),,0,1,0,0,,,,,후쿠오카현,,대구물어,,"전 관리(홋카이도 아바시리 지청장); 석유무역·석탄 이입, 가스·석탄상(금정)",대구민단사(1915) p.72,후쿠오카현,대구민단사(1915) p.72,,,,,,대구민단사(1915) p.72,,"전 관리(홋카이도 아바시리 지청장); 석유무역·석탄 이입, 가스·석탄상(금정)",대구민단사(1915) p.72,,
와타나베 무라오,渡邉村男,일본인,30,17,1039,1908,1907-1908,,,,,1,0,1,0,,,,,후쿠오카현 지쿠고,,,,전 교원·경부·군장(郡長); 대구거류민단 2대 민장,대구민단사(1915) p.52,후쿠오카현 지쿠고,대구민단사(1915) p.52,,,,,,대구민단사(1915) p.52,,전 교원·경부·군장(郡長); 대구거류민단 2대 민장,대구민단사(1915) p.52,,
가미야 도요나리,神谷豐功,일본인,29,12,24,1907,1904-1909,거류민회; 임시일본인대회; 대구상업회의소,,,,1,1,1,1,"가미야 상회(어용달상, 히가시혼마치)",후쿠이 시,1904,,후쿠이 시,1904,조선대구일반(1911),"가미야 상회(어용달상, 히가시혼마치). 후쿠이 시, 일본은행 모지 지점 출신, 1904.4 대구. 일본거류민회 의원(1904.8)·의장(1905.8). pp.117~118.",,,,,,,,,조선대구일반(1911) ,조선대구일반(1911) ,조선대구일반(1911) ,"가미야 상회(어용달상, 히가시혼마치)",조선대구일반(1911) ,,
기무라 다케타로,木村竹太郎,일본인,29,14,483,1908,1905-1910,대구상업회의소,,,,1,1,1,1,오카야마 현 쓰쿠보 군,오카야마 현,,,오카야마 현,,조선대구일반(1911),오카야마 현 쓰쿠보 군. 지점 경영. pp.240~241.,전당포·활판업; 보험대리,경북요람(1910년대) p.239,,,,,,,조선대구일반(1911) pp.240~241,조선대구일반(1911) pp.240~241,,오카야마 현 쓰쿠보 군; 전당포·활판업; 보험대리,조선대구일반(1911) pp.240~241; 경북요람(1910년대) p.239,,
나카하라 후사이치,中原房一,일본인,29,13,310,1906,1905-1909,,,,1905(단락662),1,1,1,1,과수원 경영,,,,,1905,조선대구일반(1911),과수원 경영. pp.216~217.,농업·대금(과수원 경영); 농산물 판매(동운정),경북요람(1910년대) p.241,,,,,,,조선대구일반(1911) pp.216~217,,대구물어(1930) 1905(단락662),과수원 경영; 농업·대금(과수원 경영); 농산물 판매(동운정),조선대구일반(1911) pp.216~217; 경북요람(1910년대) p.241,,
스다 산페이,須田三平,일본인,29,15,24,1907,1905-1909,거류민회; 임시일본인대회,,,,1,1,0,0,,,,,미야기현,,,,"여관업(미야기야, 대구 여관업 선구자)→농업",대구민단사(1915) p.58,미야기현,대구민단사(1915) p.58,,,,,,대구민단사(1915) p.58,,"여관업(미야기야, 대구 여관업 선구자)→농업",대구민단사(1915) p.58,,
우지노 도쿠타로,氏野徳太郎,일본인,28,18,718,1907,1907-1908,,,,1907(단락718),1,0,0,0,,,,,,1907,대구물어,,,,,,,,,,,,대구물어(1930) 1907(단락718),,,,
마에카와 도모지,前川知二,일본인,27,13,282,1909,1904-1909,팔조회,,,,1,1,1,1,"마에카와 상점(前川商店, 시장 북로), 직물·잡화 수입 도매, 스탠다드 석유 특약점",요코하마 시,1904,27세(1910시점),요코하마 시,1904,조선대구일반(1911),"마에카와 상점(前川商店, 시장 북로), 직물·잡화 수입 도매, 스탠다드 석유 특약점. 요코하마 시 출신(오우미 태생), 오사카 곤도 상점(近藤商店) 대구지점 주임(1904 가을)→1906.12 계승. 1908.3 상업회의소 의원, 상임위원. 27세. pp.195~196",,,,,,,,,조선대구일반(1911) pp.195~196,조선대구일반(1911) pp.195~196,조선대구일반(1911) pp.195~196,"마에카와 상점(前川商店, 시장 북로), 직물·잡화 수입 도매, 스탠다드 석유 특약점",조선대구일반(1911) pp.195~196,,
시모다 고키치,霜田語吉,일본인,27,15,24,1907,1905-1909,거류민회; 임시일본인대회,,,,1,1,1,1,요리점 야마토(니시키초)·야마토 화단 주인,도쿄,1904,,도쿄,1904,조선대구일반(1911),"요리점 야마토(니시키초)·야마토 화단 주인. 도쿄 출신, 1904.4 대구 서부에 서양요리점(대구 서양요리 원조). 일본인 동포회 발기인, 초대 민단의원(1906.12). pp.192~193. ※CSV 표기는 '시모다 고키치'로 교정됨.",,,,,,,,,조선대구일반(1911) pp.192~193,조선대구일반(1911) pp.192~193,조선대구일반(1911) pp.192~193,요리점 야마토(니시키초)·야마토 화단 주인,조선대구일반(1911) pp.192~193,,
쓰치야 히코타로,土屋彦太郎,일본인,26,13,399,1907,1905-1909,대구상업회의소,,,,1,0,0,1,본문 등장 확인.,,,,,,조선대구일반(1911),본문 등장 확인.,(경상)농공은행 초대 지배인,대구민단사(1915) p.126,,,,,,,조선대구일반(1911) pp.216~217,,,(경상)농공은행 초대 지배인,대구민단사(1915) p.126,,
쓰지 소노지로,辻園次郎,일본인,25,11,24,1905,1904-1907,거류민회,22세(단락28),,,0,0,0,1,쓰지 상점 연초제조소(都路商店煙草製造所) 주인,오사카,1904,,오사카,1904,조선대구일반(1911),"쓰지 상점 연초제조소(都路商店煙草製造所) 주인. 오사카 출신, 1904.5 하라다 지점(原田支店) 주임으로 대구, 1906.1 재도한·쓰지 상점 개업, 1907.3 담배제조공장 설립. 궐련 '백학(白鶴)' 등 상표. 1904.6 일본동포회 창립위원, 거류민회 의원. p",,,,,,,,,조선대구일반(1911) pp.125~126,조선대구일반(1911) pp.125~126,조선대구일반(1911) pp.125~126,쓰지 상점 연초제조소(都路商店煙草製造所) 주인,조선대구일반(1911) pp.125~126,,
이나모토 신신,稻本新臣,일본인,24,11,227,1908,1905-1910,,,도쿠시마현(단락227),,0,1,1,0,,,,,도쿠시마현,,대구물어,,,,,,,,,,,대구물어(1930) 도쿠시마현(단락227),,,,,
히사미즈 사부로,久水三郎,일본인,24,14,1111,1908,1908-1909,,20세(단락1173),,,1,0,0,0,,,,,,,대구물어,,대구이사청 이사관(1907.4 부임),대구민단사(1915) p.110,,,,,,,,,,대구이사청 이사관(1907.4 부임),대구민단사(1915) p.110,,
사키사카 쇼키치,向坂庄吉,일본인,23,10,597,1908,1906-1909,,30세(단락598),,,1,1,1,0,,,,,고치현,,대구물어,,전 육군 장교; 대금업; 대구인쇄합자회사(1911.3) 대표,대구민단사(1915) p.70,고치현,대구민단사(1915) p.70,,,,,,대구민단사(1915) p.70,,전 육군 장교; 대금업; 대구인쇄합자회사(1911.3) 대표,대구민단사(1915) p.70,,
쓰네요시 다다미치,恒吉忠道,일본인,23,13,930,1908,1907-1909,,,,,1,0,1,0,,,,,,,,,제12여단장(육군 소장),경북요람(1910년대) p.185,,,,,,,,,,제12여단장(육군 소장),경북요람(1910년대) p.185,,
마유미 다다시,眞弓忠,일본인,22,12,24,1905,1904-1908,거류민회; 임시일본인대회,35세(단락28),,,1,1,1,0,,,,,미에현 이세,,대구물어,,약종상(시장정)·매약,대구민단사(1915) p.62,미에현 이세,대구민단사(1915) p.62,,,,,,대구민단사(1915) p.62,,약종상(시장정)·매약,대구민단사(1915) p.62,,
모리나가 소이치,守永宗一,일본인,22,9,24,1904,1904-1908,거류민회; 팔조회,32세(단락28),,,1,1,0,1,서화·골동·미술품상 및 대서업,야마구치 현,1904,,야마구치 현,1904,조선대구일반(1911),"서화·골동·미술품상 및 대서업. 야마구치 현 하기, 미와 가문(三輪家) 출신, 1904.1 대구. 거류민회 의원(1904.8), 민회 서기(1906.4), 민단장 보좌. pp.249~250.",,,,,,,,,조선대구일반(1911) pp.249~250,조선대구일반(1911) pp.249~250,조선대구일반(1911) pp.249~250,서화·골동·미술품상 및 대서업,조선대구일반(1911) pp.249~250,,
가와카미 쓰네오,川上常郎,일본인,21,12,646,1908,1905-1909,,,,1907(단락893),1,0,1,1,p.289,,,,,1907,조선대구일반(1911),"p.289. ※'이노우에 쓰네오井上常郎'로 판독했으나 川/井 구분 불확실. CSV의 가와카미 쓰네오(川上常郎, 대구물어 9회)로 잠정 연계 — 이노우에 쓰네나오(井上常直)와는 별개 인물(확인됨). 원본 대조 필요.",재무감독국장,대구민단사(1915) p.34,,,,,,,조선대구일반(1911) pp.289,,대구물어(1930) 1907(단락893),p.289; 재무감독국장,조선대구일반(1911) pp.289; 대구민단사(1915) p.34,,
구로카와 엔지,黒川圓治,일본인,21,10,427,1908,1906-1910,,,,,1,0,1,0,,,,,시즈오카현,,,,대금업→창호·다다미 제조판매,대구민단사(1915) p.64,시즈오카현,대구민단사(1915) p.64,,,,,,대구민단사(1915) p.64,,대금업→창호·다다미 제조판매,대구민단사(1915) p.64,,
기도 다다지로,城戸唯次郎,일본인,21,10,339,1907,1904-1909,팔조회,,,,1,1,1,1,"여관 다다야(唯家, 니시키초) 주인",에히메 현,1903,,에히메 현,1903,조선대구일반(1911),"여관 다다야(唯家, 니시키초) 주인. 에히메 현 기타고오리 이카자키, 1903.4 대구. 1906~ 거류민회 의원·초기 민단의원. pp.123~125.",,,,,,,,,조선대구일반(1911) pp.123~125,조선대구일반(1911) pp.123~125,조선대구일반(1911) pp.123~125,"여관 다다야(唯家, 니시키초) 주인",조선대구일반(1911) pp.123~125,,
오카모토 리헤이,岡本利平,일본인,21,13,330,1906,1905-1909,대구상업회의소,,,,1,0,0,0,,,,,,,,,,,,,,,,,,,,,,,
시라타 신스케,白田新助,일본인,20,8,24,1905,1905-1909,거류민회; 임시일본인대회,29세(단락28),,1904(단락375),1,1,1,1,"시로타 약국(白田藥局, 혼마치 1정목)",후쿠시마 현,1904,,후쿠시마 현,1904,조선대구일반(1911),"시로타 약국(白田藥局, 혼마치 1정목). 후쿠시마 현, 원성 사이토(齋藤). 1904.2 대구, 약재업. 1904.8 일본거류민회 조직 시 의원, 1906.4 재선, 상업회의소 의원. pp.245~246.",,,,,,,,,조선대구일반(1911) pp.245~246,조선대구일반(1911) pp.245~246,조선대구일반(1911) pp.245~246,"시로타 약국(白田藥局, 혼마치 1정목)",조선대구일반(1911) pp.245~246,,
오노 미네지로,大野峯次郎,일본인,20,11,633,1907,1905-1909,대구상업회의소,,,,1,0,1,0,,,,,,,,,정미업,경북요람(1910년대) p.240,,,,,,,,,,정미업,경북요람(1910년대) p.240,,
다케카와 세이지,武川盛次,일본인,19,6,1107,1908,1907-1909,,,,,1,0,0,0,,,,,,,,,제일은행 대구지점장(1908.1~)→한국은행 대구지점장(~1910.6),대구민단사(1915) p.126,,,,,,,,,,제일은행 대구지점장(1908.1~)→한국은행 대구지점장(~1910.6),대구민단사(1915) p.126,,
마쓰시타 나오미,松下直美,일본인,19,10,607,1908,1905-1909,,,,,1,0,1,0,,,,,,,,,법무보좌관(사법고문)→대구지방재판소장,경북요람(1910년대) p.184,,,,,,,,,,법무보좌관(사법고문)→대구지방재판소장,경북요람(1910년대) p.184,,
마쓰모토 시게마사,松本繁正,일본인,18,4,687,1908,1907-1908,,,,,1,1,1,0,,,,,,,,,대구자혜의원 원장(육군 군의정),경북요람(1910년대) p.219,,,,,,,,,,대구자혜의원 원장(육군 군의정),경북요람(1910년대) p.219,,
사이토 요시조,齋藤芳造,일본인,18,11,296,1906,1904-1908,,,,,1,0,1,0,,,,,지바현,,,,잡화상(서문 안)→대구제분정미(주) 종사,대구민단사(1915) p.62,지바현,대구민단사(1915) p.62,,,,,,대구민단사(1915) p.62,,잡화상(서문 안)→대구제분정미(주) 종사,대구민단사(1915) p.62,,
스즈키 히사지로,鈴木久次郎,일본인,18,6,24,1905,1905-1905,거류민회; 임시일본인대회; 대구구락부,,,,0,0,0,0,,,,,,,,,,,,,,,,,,,,,,,
이노우에 소노스케,井上宗之助,일본인,18,7,640,1907,1905-1908,대구상업회의소,,,1907(단락718),1,0,0,0,,,,,,1907,대구물어,,대구일본인상업회의소 초대 서기장(1907.1),대구민단사(1915) p.186,,,,,,,,,대구물어(1930) 1907(단락718),대구일본인상업회의소 초대 서기장(1907.1),대구민단사(1915) p.186,,
후쿠나가 도쿠지로,福永徳治郎,일본인,18,8,361,1909,1905-1909,,,,,1,0,0,0,,,,,,,,,,,,,,,,,,,,,,,
가미모리 겐자부로,神守源三郎,일본인,17,6,373,1905,1905-1909,대구상업회의소,,미에현(단락373),,1,0,0,0,,,,,미에현,,대구물어,,,,,,,,,,,대구물어(1930) 미에현(단락373),,,,,
기쿠치 슈덴,菊池主殿,일본인,17,12,811,1907,1907-1909,,,,,0,0,0,0,,,,,,,,,,,,,,,,,,,,,,,
사카모토 도시스케,坂本俊資,일본인,17,7,28,1904,1904-1909,팔조회,,,,1,0,1,0,,,,,야마구치현,,,,마쓰마에상점 대구지점 주관(대구 제일 무역상),대구민단사(1915) p.72,야마구치현,대구민단사(1915) p.72,,,,,,대구민단사(1915) p.72,,마쓰마에상점 대구지점 주관(대구 제일 무역상),대구민단사(1915) p.72,,
이노우에 다쓰지로,井上達次郎,일본인,17,9,536,1909,1905-1909,대구상업회의소,,,,1,0,0,0,,,,,,,,,,,,,,,,,,,,,,,
후쿠치 기사쿠,福地義作,일본인,17,9,662,1908,1906-1910,,,,,1,0,1,0,,,,,시즈오카현,,,,군인 출신; 농업(동문 밖)·곡물상; 대구잠업조합원,대구민단사(1915) p.66,시즈오카현,대구민단사(1915) p.66,,,,,,대구민단사(1915) p.66,,군인 출신; 농업(동문 밖)·곡물상; 대구잠업조합원,대구민단사(1915) p.66,,
나가이 고타로,永井幸太郎,일본인,16,8,29,1905,1904-1908,팔조회,,,,1,1,1,1,"화물운송업 초호샤(重寶社, 대구역 구내)",요코하마 시,1904,,요코하마 시,1904,조선대구일반(1911),"화물운송업 초호샤(重寶社, 대구역 구내). 요코하마 시, 1904.10 대구. 민단의원 후보 3회 추천·고사. pp.126~127.",,,,,,,,,조선대구일반(1911) pp.126~127,조선대구일반(1911) pp.126~127,조선대구일반(1911) pp.126~127,"화물운송업 초호샤(重寶社, 대구역 구내)",조선대구일반(1911) pp.126~127,,
마쓰모토 세이이치,松本誠一,일본인,16,9,29,1908,1904-1909,,,,,1,1,1,0,,,,,사가현,1904,,,"연초 제조(대구 일본연초 제조 최초, 마쓰모토 담배공장 1904 창업)",대구민단사(1915) p.62,사가현,대구민단사(1915) p.62,1904,대구안내(1918) p.122,,,,대구민단사(1915) p.62,대구안내(1918) p.122,"연초 제조(대구 일본연초 제조 최초, 마쓰모토 담배공장 1904 창업)",대구민단사(1915) p.62,,
오카모토 마사오,岡本正夫,일본인,16,9,458,1908,1906-1909,,,,,0,0,0,0,,,,,,,,,,,,,,,,,,,,,,,
이토 모토타로,伊藤元太郎,일본인,16,7,239,1906,1905-1907,,,,,0,0,0,0,,,,,,,,,,,,,,,,,,,,,,,
고다마 이타로,小玉伊太郎,일본인,15,4,102,1905,1904-1905,거류민회,,,,1,0,1,0,,,,,,,,,곡물상,경북요람(1910년대) p.239,,,,,,,,,,곡물상,경북요람(1910년대) p.239,,
사토 슈조,佐藤周藏,일본인,15,8,344,1908,1904-1910,,,,,1,1,1,1,총포점,돗토리 현,,,돗토리 현,1905(가족 이주),조선대구일반(1911),총포점. 돗토리 현. pp.238~239.,총포·화약상; 실업여관(역전),경북요람(1910년대) p.241,,,1905(가족 이주),대구민단사(1915) p.70,,,조선대구일반(1911) pp.238~239,조선대구일반(1911) pp.238~239,대구민단사(1915) p.70,총포점; 총포·화약상; 실업여관(역전),조선대구일반(1911) pp.238~239; 경북요람(1910년대) p.241,,
샤쿠오 슌조,釋尾春仍,일본인,15,6,58,1905,1905-1907,임시일본인대회; 달성학교,,도쿠시마현(단락227),1905(단락1347),1,1,1,0,,,,,도쿠시마현,1905,대구물어,,"언론인(주간지 『조선』 1905.1 발간, 조선신문사 사장 겸 주필); 달성학교 주간·교사",대구민단사(1915) p.194,,,,,,,,대구물어(1930) 도쿠시마현(단락227),대구물어(1930) 1905(단락1347),"언론인(주간지 『조선』 1905.1 발간, 조선신문사 사장 겸 주필); 달성학교 주간·교사",대구민단사(1915) p.194,,
이용익,李容翊,조선인,15,8,55,1905,1905-1906,,,,,1,1,0,0,,,,,,,,,경상북도 관찰사(1905 당시)·탁지부,한국 대구안내(1905) p.30,,,,,,,,,,경상북도 관찰사(1905 당시)·탁지부,한국 대구안내(1905) p.30,경상북도관찰사 1905.6~1906.1(태왕42년 을사~43년 병오),대구부사(1943) 제1편 연혁편 부록 慶尙道監司任遞表 p.283
이즈미 스에지,泉末治,일본인,15,8,401,1907,1905-1909,대구상업회의소,,,,1,0,0,0,,,,,,,,,제일은행 대구출장소 주임→지점장(1908.1 부산 전임),대구민단사(1915) p.124,,,,,,,,,,제일은행 대구출장소 주임→지점장(1908.1 부산 전임),대구민단사(1915) p.124,,
노사카,野坂,일본인,14,7,1088,1907,1907-1909,,,,,0,0,0,0,,,,,,,,,,,,,,,,,,,,,,,
소네 아라스케,曾禰荒助,일본인,14,9,795,1909,1907-1909,,,,,1,0,1,0,,,,,,,,,,,,,,,,,,,,,,,
아사노 세이치,麻野清一,일본인,14,11,999,1908,1907-1908,,,,,1,1,1,0,,,,,,,,,대금업,대구요람(1920) p.131,,,,,,,,,,대금업,대구요람(1920) p.131,,
이충구,李忠求,조선인,14,8,440,1907,1906-1908,,,,,1,0,0,0,,,,,,,,,,,,,,,,,,,,,,경상북도관찰사 1907.1~1908.6(태왕44년 정미~융희2년 무신),대구부사(1943) 제1편 연혁편 부록 慶尙道監司任遞表 p.283
하세가와 요시미치,長谷川好道,일본인,14,8,105,1907,1905-1907,,,,,0,0,1,0,,,,,,,,,,,,,,,,,,,,,,,
마키노 슈,牧野周,일본인,13,5,55,1907,1905-1907,대구구락부,,구마모토현(단락55),,0,0,0,1,『대구실업신문』 창립·실무,,,,구마모토현,,조선대구일반(1911),『대구실업신문』 창립·실무. p.120.,대구실업신문 창립·실무; 일한형제흥업조합 이사,한국 대구안내(1905) p.28,,,,,,,조선대구일반(1911) pp.120,대구물어(1930) 구마모토현(단락55),,『대구실업신문』 창립·실무; 대구실업신문 창립·실무; 일한형제흥업조합 이사,조선대구일반(1911) pp.120; 한국 대구안내(1905) p.28,,
이노우에 쓰네나오,井上常直,일본인,13,5,22,1905,1905-1910,거류민회,56세(단락28),,,1,0,1,0,,,,,,,대구물어,,,,,,,,,,,,,,,,
하타모토 기헤이,畑本儀平,일본인,13,6,29,1906,1904-1906,,,,,1,1,1,1,『대구실업신문』 창립,,,,구마모토현,,조선대구일반(1911),『대구실업신문』 창립. p.120.,거류민회 상석서기(1905~06)→대서업,대구민단사(1915) p.74,구마모토현,대구민단사(1915) p.74,,,,,조선대구일반(1911) pp.120,대구민단사(1915) p.74,,『대구실업신문』 창립; 거류민회 상석서기(1905~06)→대서업,조선대구일반(1911) pp.120; 대구민단사(1915) p.74,,
니시자와 사토루,西澤智,일본인,12,8,886,1908,1907-1908,,,,,1,0,1,0,,,,,오카야마현,1906,,,전 군(郡) 관리,대구민단사(1915) p.64,오카야마현,대구민단사(1915) p.64,1906,대구민단사(1915) p.64,,,,대구민단사(1915) p.64,대구민단사(1915) p.64,전 군(郡) 관리,대구민단사(1915) p.64,,
미카지리 다케사부로,三ヶ尻武三郎,일본인,12,6,536,1909,1907-1909,,,,,0,0,0,0,,,,,,,,,,,,,,,,,,,,,,,
송병준,宋秉畯,조선인,12,9,823,1907,1907-1909,,,,,0,0,0,0,,,,,,,,,,,,,,,,,,,,,,,
오이케 주스케,大池忠助,일본인,12,4,131,1905,1905-1907,,,,,0,0,0,0,,,,,,,,,,,,,,,,,,,,,,,
오카다 기하치,岡田二郎,일본인,12,4,24,1905,1905-1908,거류민회; 임시일본인대회,,,,0,1,0,0,"요리점 달성관(達成館, 히가시혼마치) 주인",히로시마 현,1904,,히로시마 현,1904,조선대구일반(1911),"요리점 달성관(達成館, 히가시혼마치) 주인. 히로시마 현 세비, 1904.2 대구. 거류민회 의원(1904.8), 동북소방조직 주창·부장(1906~). pp.122~123.",요리점 달성관 주인,경북요람(1910년대) p.239,,,,,,,조선대구일반(1911) pp.122~123,조선대구일반(1911) pp.122~123,조선대구일반(1911) pp.122~123,"요리점 달성관(達成館, 히가시혼마치) 주인; 요리점 달성관 주인",조선대구일반(1911) pp.122~123; 경북요람(1910년대) p.239,,
요시다 주이치로,吉田壽一郎,일본인,12,6,55,1906,1905-1907,,,,,1,0,0,0,,,,,오카야마현,1904~05(러일전쟁 중),,,토지 투자; 광업(채광·야금),대구민단사(1915) p.68,오카야마현,대구민단사(1915) p.68,1904~05(러일전쟁 중),대구민단사(1915) p.68,,,,대구민단사(1915) p.68,대구민단사(1915) p.68,토지 투자; 광업(채광·야금),대구민단사(1915) p.68,,
이시이 미쓰오,石井光雄,일본인,12,6,399,1908,1906-1909,,,,,1,0,0,0,,,,,,,,,,,,,,,,,,,,,,,
이케가미 시로,池上四郎,일본인,12,7,678,1907,1907-1909,,,,,1,0,1,0,,,,,,,,,"이케가미병원 원장(의학사, 내외과·부인과·소아과)",경북요람(1910년대) p.162,,,,,,,,,,"이케가미병원 원장(의학사, 내외과·부인과·소아과)",경북요람(1910년대) p.162,,
마쓰무라 다이스케,松村泰輔,일본인,11,6,378,1908,1905-1909,,,,,1,0,0,0,,,,,도쿠시마현,,,,"대금업(재산가, 주로 일본 본토 거주)",대구민단사(1915) p.64,도쿠시마현,대구민단사(1915) p.64,,,,,,대구민단사(1915) p.64,,"대금업(재산가, 주로 일본 본토 거주)",대구민단사(1915) p.64,,
서상돈,徐相敦,조선인,11,7,79,1907,1905-1907,,,,,1,1,0,0,,,,,,,,,대구 자산가; 양잠시험소장(동문 밖); 대구실업신보사 평의원,한국 대구안내(1905) p.30,,,,,,,,,,대구 자산가; 양잠시험소장(동문 밖); 대구실업신보사 평의원,한국 대구안내(1905) p.30,,
아리타 오토마쓰,有田音松,일본인,11,4,371,1905,1905-1905,,,,,0,0,0,0,,,,,,,,,,,,,,,,,,,,,,,
아와타 에이지로,粟田英次郎,일본인,11,4,201,1905,1903-1905,대구소학교,,가고시마현(단락250),,0,0,0,0,,,,,가고시마현,,대구물어,,,,,,,,,,,대구물어(1930) 가고시마현(단락250),,,,,
와카바야시 세이스케,若林誠助,일본인,11,6,229,1905,1905-1907,대구상업회의소,,,1905(단락229),1,1,1,0,,,,,,1905,대구물어,,정미업; 와카마쓰 주조장(1913.11); 보험대리,경북요람(1910년대) p.240,,,,,,,,,대구물어(1930) 1905(단락229),정미업; 와카마쓰 주조장(1913.11); 보험대리,경북요람(1910년대) p.240,,
후루쇼 모토사네,古荘幹實,일본인,11,6,370,1908,1905-1908,,,,,1,0,1,0,,,,,,,,,,,,,,,,,,,,,,,
다케우치 마키타로,竹内巻太郎,일본인,10,6,1128,1908,1908-1909,,,,,0,0,1,0,,,,,,,,,,,,,,,,,,,,,,,
도리야마 고야타,鳥山虎彌太,일본인,10,6,627,1908,1908-1909,,,,,0,0,0,0,,,,,,,,,,,,,,,,,,,,,,,
도이 요타로,土井庸太郎,일본인,10,7,14,1908,1905-1909,,,,,1,0,1,0,,,,,,,,,대구공소원 원장,경북요람(1910년대) p.218,,,,,,,,,,대구공소원 원장,경북요람(1910년대) p.218,,
메가타 다네타로,目賀田種太郎,일본인,10,5,142,1906,1904-1908,,,,,1,0,0,0,,,,,,,,,한국정부 재무고문관(농공은행 설치 주도),대구민단사(1915) p.126,,,,,,,,,,한국정부 재무고문관(농공은행 설치 주도),대구민단사(1915) p.126,,
시부사와 에이치,澁澤榮一,일본인,10,3,33,1905,1905-1905,,,,,0,0,0,0,,,,,,,,,,,,,,,,,,,,,,,
오자키 시즈오,尾崎鎭雄,일본인,10,5,1291,1909,1907-1909,,,,,1,0,1,0,,,,,나가사키현,,,,이토(伊藤)오복점 주인·포목상,대구민단사(1915) p.68,나가사키현,대구민단사(1915) p.68,,,,,,대구민단사(1915) p.68,,이토(伊藤)오복점 주인·포목상,대구민단사(1915) p.68,,
하야시 진시치,林甚七,일본인,10,6,999,1908,1907-1908,,,,,1,0,1,0,,,,,야마구치현,,,,"청주 양조(쇼에샤松榮舍, 대구 양조업 원조)",대구민단사(1915) p.62,야마구치현,대구민단사(1915) p.62,,,,,,대구민단사(1915) p.62,,"청주 양조(쇼에샤松榮舍, 대구 양조업 원조)",대구민단사(1915) p.62,,
고미야 히코지,小宮彦次,일본인,9,5,541,1907,1907-1909,대구상업회의소,,,,1,0,1,0,,,,,,,,,"상업회의소 서기→서기장(1909.3 승진, 1911.12 사직)",대구민단사(1915) p.188,,,,,,,,,,"상업회의소 서기→서기장(1909.3 승진, 1911.12 사직)",대구민단사(1915) p.188,,
구로카와 미노루,黒川穰,일본인,9,6,1117,1908,1908-1909,,,,,1,0,1,0,,,,,,,,,대구공소원 검사장,경북요람(1910년대) p.218,,,,,,,,,,대구공소원 검사장,경북요람(1910년대) p.218,,
구와노 긴타로,桑野金太郎,일본인,9,4,29,1904,1904-1908,팔조회,,,,0,1,1,0,,,,,,,,,토목건축 청부(촌상정),대구안내(1918) p.136,,,,,,,,,,토목건축 청부(촌상정),대구안내(1918) p.136,,
마에다 아쓰시,前田篤志,일본인,9,4,250,1907,1905-1907,대구소학교,,가고시마현(단락250),,1,0,0,0,,,,,가고시마현,,대구물어,,대구민단립소학교 교장,대구민단사(1915) p.108,,,,,,,,대구물어(1930) 가고시마현(단락250),,대구민단립소학교 교장,대구민단사(1915) p.108,,
박제순,朴齊純,조선인,9,5,332,1906,1905-1907,,,,,0,0,0,0,,,,,,,,,,,,,,,,,,,,,,,
오키타 도시타로,沖田敏太郎,일본인,9,2,213,1905,1905-1905,,,,,0,0,0,0,,,,,,,,,,,,,,,,,,,,,,,
이완용,李完用,조선인,9,8,57,1907,1905-1909,,,,,1,0,0,0,,,,,,,,,,,,,,,,,,,,,,,
히시키 히데이치,飛鋪秀一,일본인,9,4,1170,1909,1908-1909,,,,,0,0,1,0,,,,,,,,,,,,,,,,,,,,,,,
나카무라 사이조,中村再造,일본인,8,3,148,1905,1905-1907,,,,,0,0,0,0,,,,,,,,,,,,,,,,,,,,,,,
나카무라 헤이시로,中村平四郎,일본인,8,4,29,1905,1904-1907,,,,,0,0,0,1,미나카이 잡화점 공동 개설,,,,,,조선대구일반(1911),미나카이 잡화점 공동 개설. p.242.,,,,,,,,,조선대구일반(1911) pp.242,,,미나카이 잡화점 공동 개설,조선대구일반(1911) pp.242,,
나카오지 마사오,中大路正雄,일본인,8,5,607,1907,1905-1907,,,,,1,0,0,0,,,,,,,,,대구이사청 초대 이사관(1907.8 목포 전임),대구민단사(1915) p.188,,,,,,,,,,대구이사청 초대 이사관(1907.8 목포 전임),대구민단사(1915) p.188,,
노세 다쓰고로,能勢辰五郎,일본인,8,4,1340,1909,1907-1909,,,,1909(단락1383),1,0,0,1,대구이사청 이사관,,,,,1909,조선대구일반(1911),대구이사청 이사관. pp.288~289. ※한자 판독 다소 불확실.,,,,,,,,,조선대구일반(1911) pp.288~289,,대구물어(1930) 1909(단락1383),대구이사청 이사관,조선대구일반(1911) pp.288~289,,
도쿠히사 요네조,德久米藏,일본인,8,4,18,1905,1905-1906,거류민회,,,,1,0,0,0,,,,,,,,,대일본거류민회 초대 회장(부산 전출로 사임),대구민단사(1915) p.24,,,,,,,,,,대일본거류민회 초대 회장(부산 전출로 사임),대구민단사(1915) p.24,,
미와 야키치,三輪彌吉,일본인,8,4,662,1907,1906-1907,,,,,0,0,0,0,과수 재배,,,,,,조선대구일반(1911),과수 재배. p.216.,,,,,,,,,조선대구일반(1911) pp.216,,,과수 재배,조선대구일반(1911) pp.216,,
아쿠타가와 다다시,野田正,일본인,8,1,229,1905,1905-1905,,,,,0,1,0,0,,,,,,,,,대구실업신문 주필→부산일보 사장; 『대구안내』(1906) 저자,대구안내(1918) p.168,,,,,,,,,,대구실업신문 주필→부산일보 사장; 『대구안내』(1906) 저자,대구안내(1918) p.168,,
야마다 야헤이지,山田彌平治,일본인,8,4,310,1906,1905-1907,,,,,0,0,0,0,,,,,,,,,,,,,,,,,,,,,,,
와타나베 스이사이,渡邊水哉,일본인,8,4,1356,1907,1907-1907,,,,,0,0,1,0,,,,,,,,,조선파견대 사령관(육군 소장),경북요람(1910년대) p.218,,,,,,,,,,조선파견대 사령관(육군 소장),경북요람(1910년대) p.218,,
요시다 사시치,吉田佐七,일본인,8,4,508,1907,1906-1909,,,,,1,1,1,0,,,,,,,,,여관업,경북요람(1910년대) p.239,,,,,,,,,,여관업,경북요람(1910년대) p.239,,
요시다 유로쿠로,吉田雄六郎,일본인,8,5,1118,1908,1908-1909,,,,,0,0,0,0,,,,,,,,,,,,,,,,,,,,,,,
우에다 겐스케,上田謙助,일본인,8,4,886,1907,1907-1908,,,,,1,0,1,1,"우에다 포목점(上田吳服店, 모토마치)",야마구치 현,1904,,야마구치 현,1904,조선대구일반(1911),"우에다 포목점(上田吳服店, 모토마치). 야마구치 현 구마게 군 마리후, 1904.8 대구(점원 파견 지점→직영). 1909.3 상업회의소 의원. pp.191~192. ※초기 판독 '鎌助'는 오독 — CSV(대구물어) 표기 上田謙助로 확정.",,,,,,,,,조선대구일반(1911) pp.191~192,조선대구일반(1911) pp.191~192,조선대구일반(1911) pp.191~192,"우에다 포목점(上田吳服店, 모토마치)",조선대구일반(1911) pp.191~192,,
이노 히데스케,井野英助,일본인,8,4,20,1905,1905-1909,거류민회; 대구상업회의소,24세(단락28),,,1,0,0,0,,,,,,,대구물어,,,,,,,,,,,,,,,,
이석진,李錫珍,조선인,8,4,399,1906,1906-1907,,,,,1,0,1,0,,,,,,,,,대구농공은행장; 대구수형조합 조합장,경북요람(1910년대) p.219,,,,,,,,,,대구농공은행장; 대구수형조합 조합장,경북요람(1910년대) p.219,,
이토 기치사부로,伊藤吉三郎,일본인,8,4,427,1909,1906-1909,,,,,1,1,1,0,,,,,,,,,"종이·문방구상(이토상점, 대화정); 보험대리",경북요람(1910년대) p.249,,,,,,,,,,"종이·문방구상(이토상점, 대화정); 보험대리",경북요람(1910년대) p.249,,
이토 쓰네조,伊藤恆藏,일본인,8,2,234,1905,1905-1906,,,,,1,0,0,0,,,,,,,,,,,,,,,,,,,,,,,
마루야마 시게토시,丸山重俊,일본인,7,4,385,1907,1906-1907,,,,,0,0,0,0,,,,,,,,,,,,,,,,,,,,,,,
세노 히사타로,妹尾久太郎,일본인,7,4,361,1906,1905-1907,,,,,0,0,0,0,,,,,,,,,,,,,,,,,,,,,,,
소가와 유타카,祖川豊,일본인,7,3,1003,1908,1907-1908,,,,,0,0,0,0,,,,,,,,,,,,,,,,,,,,,,,
아카시 오토키치,明石音吉,일본인,7,3,29,1904,1903-1905,,,,,0,1,1,0,,,,,,,,,,,,,,,,,,,,,,,
오치 와스케,越智和助,일본인,7,4,46,1905,1904-1905,,,,,0,0,1,0,,,,,,,,,,,,,,,,,,,,,,,
유아사 히데토미,湯浅秀富,일본인,7,4,1128,1908,1908-1909,,,,,1,0,0,0,,,,,,,,,,,,,,,,,,,,,,,
이근호,李根浩,조선인,7,3,412,1906,1906-1906,,,,1904(단락414),1,0,0,0,,,,,,1904,대구물어,,,,,,,,,,,,대구물어(1930) 1904(단락414),,,경상북도관찰사 1906.1~1906.5(태왕43년 병오),대구부사(1943) 제1편 연혁편 부록 慶尙道監司任遞表 p.283
하자마 후사타로,迫間房太郎,일본인,7,2,131,1907,1905-1907,,,,,0,0,0,0,,,,,,,,,,,,,,,,,,,,,,,
히와타시 세이에이,樋渡淸榮,일본인,7,3,250,1907,1905-1907,대구소학교,,고시마현(단락250),,0,0,0,0,,,,,고시마현,,대구물어,,,,,,,,,,,대구물어(1930) 고시마현(단락250),,,,,
기우치 주시로,木内重四郎,일본인,6,3,385,1907,1906-1907,,,,,0,0,0,0,,,,,,,,,,,,,,,,,,,,,,,
다무라 곤조,田村權藏,일본인,6,2,602,1906,1906-1908,,,,,1,0,0,0,,,,,,,,,,,,,,,,,,,,,,,
도쿠라 기이치,戸倉貴一,일본인,6,3,131,1904,1904-1909,,,,1903(단락131),0,0,0,0,,,,,,1903,대구물어,,,,,,,,,,,,대구물어(1930) 1903(단락131),,,,
미쓰하시 에이타로,三橋栄太郎,일본인,6,3,328,1905,1904-1909,팔조회,,,,1,0,1,0,,,,,,,,,,,,,,,,,,,,,,,
사이고 다카모리,西郷隆盛,일본인,6,4,496,1906,1906-1908,,,,,0,1,0,0,,,,,,,,,,,,,,,,,,,,,,,
세노 히로키치,妹尾廣吉,일본인,6,3,29,1904,1904-1906,,,,,0,0,0,0,,,,,,,,,,,,,,,,,,,,,,,
스즈키 다케시,鈴木赳,일본인,6,3,147,1905,1904-1905,,,,,0,0,0,0,,,,,,,,,,,,,,,,,,,,,,,
시노하라 가나메,篠原要,일본인,6,3,58,1905,1904-1905,임시일본인대회,,도쿠시마현(단락227),,0,1,0,0,,,,,도쿠시마현,,대구물어,,,,,,,,,,,대구물어(1930) 도쿠시마현(단락227),,,,,
시바타 지요키치,柴田千代吉,일본인,6,3,29,1904,1904-1907,,,,,0,0,1,0,,,,,,,,,,,,,,,,,,,,,,,
아라이 겐타로,荒井賢太郎,일본인,6,3,955,1907,1907-1908,,,,,0,0,0,0,,,,,,,,,,,,,,,,,,,,,,,
아리마 고코,有馬髙孝,일본인,6,2,127,1905,1905-1905,,,가고시마현(단락149),,0,0,0,0,,,,,가고시마현,,대구물어,,,,,,,,,,,대구물어(1930) 가고시마현(단락149),,,,,
아리스가와노미야 다케히토,有栖川宮威仁,일본인,6,4,900,1907,1907-1907,,,,,1,0,0,0,,,,,,,,,,,,,,,,,,,,,,,
야기 다쓰마,八木辰馬,일본인,6,3,419,1907,1906-1908,,,,,0,1,0,0,,,,,,,,,,,,,,,,,,,,,,,
야마지 조이치,山道襄一,일본인,6,3,794,1907,1907-1907,,,,,0,0,0,0,,,,,,,,,,,,,,,,,,,,,,,
오바 지로키치,大塲治郎吉,일본인,6,3,310,1906,1905-1907,,,,,0,0,0,0,,,,,,,,,,,,,,,,,,,,,,,
오쿠보 다사부로,大久保太三郎,일본인,6,3,58,1907,1905-1907,임시일본인대회,,,,0,1,0,0,,,,,,,,,,,,,,,,,,,,,,,
오쿠보 하지메,大久保肇,일본인,6,3,24,1905,1905-1906,거류민회,,,,0,1,0,0,,,,,,,,,,,,,,,,,,,,,,,
요다 고타로,依田廣太郎,일본인,6,3,811,1907,1907-1907,,,,,0,0,0,0,,,,,,,,,,,,,,,,,,,,,,,
요시하라 군타로,吉原軍太郎,일본인,6,3,29,1905,1904-1905,,,,,0,1,1,0,,,,,,,,,,,,,,,,,,,,,,,
우라하마 야스타로,浦濱安太郎,일본인,6,2,98,1905,1905-1905,,,,,0,0,0,0,,,,,,,,,,,,,,,,,,,,,,,
우에다 고쿠초,上田黒潮,일본인,6,2,229,1905,1905-1905,대구구락부,,,,0,1,0,0,,,,,,,,,,,,,,,,,,,,,,,
이다 아키라,飯田章,일본인,6,4,234,1907,1905-1907,,,,,1,0,0,0,,,,,,,,,,,,,,,,,,,,,,,
이즈카 쇼이치,飯束昇一,일본인,6,1,339,1904,1904-1904,팔조회,,,,1,0,0,0,,,,,,,,,,,,,,,,,,,,,,,
가야모리 세이타로,柏森精太郎,일본인,5,3,58,1905,1905-1907,임시일본인대회,,,,0,0,0,0,가야모리구미 조합주,,,,,,조선대구일반(1911),가야모리구미 조합주. p.116.,,,,,,,,,조선대구일반(1911) ,,,가야모리구미 조합주,조선대구일반(1911) ,,
고우라 도노마루,高羅殿丸,일본인,5,4,227,1907,1905-1909,,,,,0,0,0,0,,,,,,,,,,,,,,,,,,,,,,,
기쿠치 겐조,菊池謙譲,일본인,5,3,889,1907,1907-1908,,,,,1,0,0,0,,,,,,,,,,,,,,,,,,,,,,,
나가에 요시마사,長泳義正,일본인,5,2,260,1909,1905-1909,대구소학교,,,,0,0,0,0,,,,,,,,,,,,,,,,,,,,,,,
나카기리 하루타로,中桐春太郎,일본인,5,3,466,1907,1906-1908,,,,,0,0,0,0,,,,,,,,,,,,,,,,,,,,,,,
나카무라 기이치,中村喜一,일본인,5,2,344,1904,1904-1905,,,,,0,1,0,0,,,,,,,,,,,,,,,,,,,,,,,
니시야마 쓰루키치,西山鶴吉,일본인,5,2,339,1907,1904-1907,팔조회,,오카야마현(단락793),,0,0,0,0,,,,,오카야마현,,대구물어,,,,,,,,,,,대구물어(1930) 오카야마현(단락793),,,,,
니시야마 유스케,西山熊助,일본인,5,2,468,1906,1906-1907,,,,,0,0,0,0,,,,,,,,,,,,,,,,,,,,,,,
모리야 다쓰조,守屋達城,일본인,5,3,431,1909,1906-1909,,,,,0,0,0,0,,,,,,,,,,,,,,,,,,,,,,,
사카모토 준,坂本淳,일본인,5,2,461,1907,1906-1907,,,가고시마현(단락720),,0,0,0,1,,,,,가고시마현,,조선대구일반(1911),1907.2 신문 인수 시도. p.120.,,,,,,,,,,대구물어(1930) 가고시마현(단락720),,,,,
사토 겐쇼,佐藤玄性,일본인,5,2,245,1907,1905-1907,,,시가현(단락245),,1,0,1,0,,,,,시가현,,대구물어,,,,,,,,,,,대구물어(1930) 시가현(단락245),,,,,
서병오,徐丙五,조선인,5,3,431,1907,1906-1907,,,,,1,0,0,0,,,,,,,,,달성공원기성회 부회두; 서화가,대구민단사(1915) p.168,,,,,,,,,,달성공원기성회 부회두; 서화가,대구민단사(1915) p.168,,
스즈키 하치로,鈴木八郎,일본인,5,3,682,1907,1907-1907,,,,,0,0,1,0,,,,,,,,,,,,,,,,,,,,,,,
시모즈 사부로,下津三郎,일본인,5,2,55,1905,1905-1905,임시일본인대회,,구마모토현(단락55),,1,1,1,1,『대구실업신문』(1905.3) 창립 사장,,,,구마모토현,,조선대구일반(1911),『대구실업신문』(1905.3) 창립 사장. p.120.,,,,,,,,,조선대구일반(1911) pp.120,대구물어(1930) 구마모토현(단락55),,『대구실업신문』(1905.3) 창립 사장,조선대구일반(1911) pp.120,,
시오카와 이치타로,鹽川一太郎,일본인,5,3,361,1908,1905-1908,,,,,1,0,0,0,,,,,,,,,,,,,,,,,,,,,,,
아리요시 아키라,有吉明,일본인,5,2,16,1905,1905-1905,,,,,1,0,0,0,,,,,,,,,,,,,,,,,,,,,,,
야기 마쓰다로,八木松太郎,일본인,5,4,310,1907,1905-1907,,,효고현(단락310),,0,0,0,0,,,,,효고현,,대구물어,,,,,,,,,,,대구물어(1930) 효고현(단락310),,,,,
야마와키 쇼사쿠,山脇正作,일본인,5,2,46,1905,1905-1905,,,,,0,1,0,0,,,,,,,,,,,,,,,,,,,,,,,
오노 쇼자부로,大野庄三郎,일본인,5,2,466,1906,1906-1907,,,,,0,0,0,0,,,,,,,,,,,,,,,,,,,,,,,
윤필오,尹弼五,조선인,5,3,241,1905,1905-1907,달성학교,,,,1,1,0,0,,,,,,,,,달성학교 교장→군수,한국 대구안내(1905) p.28,,,,,,,,,,달성학교 교장→군수,한국 대구안내(1905) p.28,,
이사와 이와헤이,井澤岩平,일본인,5,3,1044,1907,1907-1909,,,,,0,0,0,0,,,,,,,,,,,,,,,,,,,,,,,
이윤용,李允用,조선인,5,2,57,1906,1905-1906,,,,,1,0,0,0,,,,,,,,,,,,,,,,,,,,,,경상북도관찰사 1903.8~1904.3(태왕40년 계묘~41년 갑진),대구부사(1943) 제1편 연혁편 부록 慶尙道監司任遞表 p.283
이쿠하시 요네사부로,生橋米三郎,일본인,5,3,1107,1908,1908-1908,,,,,0,0,0,0,,,,,,,,,,,,,,,,,,,,,,,
하라타 다카히로,原田隆弘,일본인,5,1,713,1907,1907-1907,,,,,1,0,0,0,,,,,,,,,,,,,,,,,,,,,,,
하야시 곤스케,林権助,일본인,5,3,105,1905,1904-1905,,,,,0,0,0,0,,,,,,,,,,,,,,,,,,,,,,,
하야시 다다스,林董,일본인,5,2,849,1906,1906-1906,,,,,0,0,0,0,,,,,,,,,,,,,,,,,,,,,,,
한진창,韓鎭昌,조선인,5,2,440,1906,1906-1906,,,,,1,0,0,0,,,,,,,,,,,,,,,,,,,,,,경상북도관찰사 1906.8~1907.1(태왕43년 병오~44년 정미),대구부사(1943) 제1편 연혁편 부록 慶尙道監司任遞表 p.283
후시미노미야 히로야스,伏見宮博恭,일본인,5,2,96,1905,1905-1905,,,,,0,0,0,0,,,,,,,,,,,,,,,,,,,,,,,
후쿠타케 쇼조,福武庄藏,일본인,5,3,681,1907,1907-1907,,,,,0,1,1,0,,,,,,,,,,,,,,,,,,,,,,,
가도타 기쿠,門田菊,일본인,4,2,29,1904,1904-1905,,,,,0,1,0,0,,,,,,,,,,,,,,,,,,,,,,,
가와시마 규에몬,川島久右衛門,일본인,4,2,24,1905,1905-1905,거류민회; 임시일본인대회,,,,0,1,0,0,,,,,,,,,,,,,,,,,,,,,,,
고라 요시마루,高羅吉丸,일본인,4,3,886,1909,1907-1909,,,,,0,0,0,0,,,,,,,,,,,,,,,,,,,,,,,
고미야 미호마쓰,小宮三保松,일본인,4,2,955,1907,1907-1907,,,,,0,0,0,0,,,,,,,,,,,,,,,,,,,,,,,
고야마 시치로,小山七郎,일본인,4,2,401,1906,1906-1907,,,,,0,0,0,0,,,,,,,,,,,,,,,,,,,,,,,
고쿠부,国分,일본인,4,2,817,1907,1907-1907,,,,,0,0,0,0,,,,,,,,,,,,,,,,,,,,,,,
구노 주키치,久納忠吉,일본인,4,1,640,1905,1905-1905,,,,,0,0,0,0,,,,,,,,,,,,,,,,,,,,,,,
구라토미 유자부로,倉富勇三郎,일본인,4,2,955,1907,1907-1907,,,,,0,0,0,0,,,,,,,,,,,,,,,,,,,,,,,
기쿠카와 게이운,菊川渓雲,일본인,4,2,248,1905,1905-1907,달성학교,,구마모토현(단락248),,1,0,0,0,,,,,구마모토현,,대구물어,,,,,,,,,,,대구물어(1930) 구마모토현(단락248),,,,,
나가에 후쿠조,長永福藏,일본인,4,2,482,1906,1906-1907,,,,,0,0,0,0,,,,,,,,,,,,,,,,,,,,,,,
나가타 기겐,永田儀源,일본인,4,1,375,1905,1905-1905,,,,,0,0,0,0,,,,,,,,,,,,,,,,,,,,,,,
나가하마 모리조,永濱盛三,일본인,4,2,955,1907,1907-1907,,,,,0,0,0,0,,,,,,,,,,,,,,,,,,,,,,,
나마타메 신,生田目新,일본인,4,2,1284,1907,1907-1909,,,,,0,0,0,0,,,,,,,,,,,,,,,,,,,,,,,
나카니시 다몬,中西多門,일본인,4,2,58,1905,1905-1905,임시일본인대회,,,,0,1,0,0,,,,,,,,,,,,,,,,,,,,,,,
나카모토 가타로,中本嘉太郎,일본인,4,2,29,1904,1904-1905,,,,,0,0,0,0,,,,,,,,,,,,,,,,,,,,,,,
나카무라 다카나오,中村敬直,일본인,4,2,1121,1909,1908-1909,,,,,0,0,0,0,,,,,,,,,,,,,,,,,,,,,,,
나카무라 도시마쓰,中村俊松,일본인,4,1,131,1905,1905-1905,,,,,0,0,1,0,,,,,,,,,,,,,,,,,,,,,,,
나카이데 세이타로,中出清太郎,일본인,4,1,375,1905,1905-1905,,,,,0,0,1,1,"나카데 약방(中出藥店, 동성정)",이시카와 현,1905,,이시카와 현,1905,조선대구일반(1911),"나카데 약방(中出藥店, 동성정). 이시카와 현 고마츠초, 1905.2 대구. 대구권상장(勸商場) 주창·이사. pp.188~189.",,,,,,,,,조선대구일반(1911) ,조선대구일반(1911) ,조선대구일반(1911) ,"나카데 약방(中出藥店, 동성정)",조선대구일반(1911) ,,
나카타 사부로,中田三郎,일본인,4,2,466,1906,1906-1907,,,,,0,0,0,0,,,,,,,,,,,,,,,,,,,,,,,
난부 센조,南部専三,일본인,4,1,265,1904,1904-1904,,,,,0,0,0,0,,,,,,,,,,,,,,,,,,,,,,,
다나카 가나메,田中要,일본인,4,2,260,1909,1905-1909,대구소학교,,,,0,0,0,0,,,,,,,,,,,,,,,,,,,,,,,
다나카 나라키치,田中奈良吉,일본인,4,2,29,1904,1904-1905,,,,,0,1,0,0,,,,,,,,,,,,,,,,,,,,,,,
다나카 요시하루,田中芳春,일본인,4,2,1121,1909,1908-1909,,,,,0,0,1,0,,,,,,,,,,,,,,,,,,,,,,,
다무라 도미조,田村富藏,일본인,4,2,633,1905,1905-1907,대구상업회의소,,,,1,0,1,0,,,,,,,,,,,,,,,,,,,,,,,
다와라 마고이치,俵孫一,일본인,4,2,955,1907,1907-1907,,,,,0,0,0,0,,,,,,,,,,,,,,,,,,,,,,,
다카시마 고하치,高島五八,일본인,4,2,452,1906,1906-1907,,,,,0,0,0,0,,,,,,,,,,,,,,,,,,,,,,,
다키하라 기타로,瀧原儀太郎,일본인,4,2,452,1906,1906-1907,,,,,1,0,0,0,,,,,,,,,,,,,,,,,,,,,,,
데라카와 산조,寺川三藏,일본인,4,2,1121,1909,1908-1909,,,,,0,0,0,0,,,,,,,,,,,,,,,,,,,,,,,
도요타 슌스케,豊田俊助,일본인,4,2,1123,1909,1908-1909,,,,,0,0,0,0,,,,,,,,,,,,,,,,,,,,,,,
도카노 시게오,戸叶薫雄,일본인,4,2,1067,1907,1907-1908,,,,,0,0,0,0,,,,,,,,,,,,,,,,,,,,,,,
마쓰다 만로쿠,松田萬六,일본인,4,1,889,1907,1907-1907,,,,,1,0,0,0,,,,,,,,,,,,,,,,,,,,,,,
마쓰이 시게루,松井茂,일본인,4,2,955,1907,1907-1907,,,,,0,0,0,0,,,,,,,,,,,,,,,,,,,,,,,
마에자와 마사미,前澤成美,일본인,4,2,1121,1909,1908-1909,,,,,0,0,0,0,,,,,,,,,,,,,,,,,,,,,,,
마키 신이치,眞木深一,일본인,4,2,224,1906,1904-1906,,,,,0,1,0,0,,,,,,,,,,,,,,,,,,,,,,,
모리우라 구마조,森浦熊藏,일본인,4,2,1123,1909,1908-1909,,,,,0,0,0,0,,,,,,,,,,,,,,,,,,,,,,,
무라타,村田,일본인,4,2,908,1909,1907-1909,,,,,1,1,0,0,,,,,,,,,,,,,,,,,,,,,,,
사사모토 레이도,佐々本霊導,일본인,4,2,288,1906,1906-1909,,,,,0,0,0,0,,,,,,,,,,,,,,,,,,,,,,,
사사키 기요쓰나,佐々木清綱,일본인,4,1,464,1906,1906-1906,,,,,0,0,0,0,,,,,,,,,,,,,,,,,,,,,,,
사사키 이치조,佐々木市臧,일본인,4,2,267,1904,1904-1904,,,,,0,0,1,0,,,,,,,,,,,,,,,,,,,,,,,
사토 료헤이,佐藤良平,일본인,4,2,421,1906,1906-1907,,,,,0,1,1,0,,,,,,,,,,,,,,,,,,,,,,,
세노 에이타로,妹尾英太郎,일본인,4,2,262,1904,1904-1905,대구소학교,,,,0,0,0,0,,,,,,,,,,,,,,,,,,,,,,,
스기타 데이치,杉田定一,일본인,4,2,656,1907,1907-1907,,,,,0,0,0,0,,,,,,,,,,,,,,,,,,,,,,,
스즈키 젠시치,鈴木善七,일본인,4,1,375,1905,1905-1905,,,,,0,0,0,0,,,,,,,,,,,,,,,,,,,,,,,
스토 시즈야,首蕂諍也,일본인,4,1,245,1905,1905-1905,,,시가현(단락245),,0,0,0,0,,,,,시가현,,대구물어,,,,,,,,,,,대구물어(1930) 시가현(단락245),,,,,
시게히사 유히코,重久雄彦,일본인,4,2,1284,1907,1907-1909,,,,,0,0,0,0,,,,,,,,,,,,,,,,,,,,,,,
시마다 시즈카,島田歸,일본인,4,1,265,1904,1904-1904,,,,,0,0,0,0,,,,,,,,,,,,,,,,,,,,,,,
시마다 후미노스케,島田文之助,일본인,4,2,1127,1908,1908-1908,,,,,1,0,0,0,,,,,,,,,,,,,,,,,,,,,,,
시모조 에이타로,下條榮太郎,일본인,4,2,690,1907,1907-1909,,,,,0,0,0,0,,,,,,,,,,,,,,,,,,,,,,,
시미즈 도쿠타로,清水徳太郎,일본인,4,2,1143,1909,1908-1909,,,,,0,1,0,0,,,,,,,,,,,,,,,,,,,,,,,
쓰루하라 사다키치,鶴原定吉,일본인,4,2,385,1906,1906-1907,,,,,0,0,0,0,,,,,,,,,,,,,,,,,,,,,,,
아카호시 조조,赤星譲三,일본인,4,2,229,1905,1905-1905,,,,,0,1,0,0,,,,,,,,,,,,,,,,,,,,,,,
야마다 시게루,山田茂,일본인,4,2,482,1906,1906-1907,,,,,0,0,0,0,,,,,,,,,,,,,,,,,,,,,,,
야마자키 가도요시,山崎角吉,일본인,4,2,29,1904,1904-1905,,,,,0,0,1,0,,,,,,,,,,,,,,,,,,,,,,,
야스카와 와사부로,安川和三郎,일본인,4,2,1286,1909,1907-1909,,,,,1,0,1,0,,,,,,,,,,,,,,,,,,,,,,,
야하시 간이치로,矢橋寛一郎,일본인,4,1,873,1906,1906-1906,,,,,0,0,0,0,,,,,,,,,,,,,,,,,,,,,,,
오다 센,織田選,일본인,4,2,452,1906,1906-1907,,,,,0,0,0,0,,,,,,,,,,,,,,,,,,,,,,,
오치 치에코,,일본인,4,2,260,1909,1905-1909,대구소학교,,,,0,0,0,0,,,,,,,,,,,,,,,,,,,,,,,
오카모토 우이치,岡本宇一,일본인,4,2,58,1905,1905-1905,임시일본인대회; 쇄신회,,,,0,1,0,0,,,,,,,,,,,,,,,,,,,,,,,
오카무라 마사오,岡村正雄,일본인,4,2,739,1907,1907-1907,,,,,0,1,0,0,,,,,,,,,,,,,,,,,,,,,,,
오하타 조,大畠丞,일본인,4,2,452,1907,1906-1907,,,,,0,0,0,0,,,,,,,,,,,,,,,,,,,,,,,
와다 유지,和田雄次,일본인,4,2,443,1906,1906-1909,,,,,0,0,0,0,,,,,,,,,,,,,,,,,,,,,,,
와케 헤이지로,和氣平次郎,일본인,4,2,1106,1908,1907-1908,,,,,1,0,1,0,,,,,,,,,,,,,,,,,,,,,,,
요시미 젠이치,好見善市,일본인,4,1,566,1909,1909-1909,,,,,0,0,0,0,,,,,,,,,,,,,,,,,,,,,,,
우메 겐지로,梅謙二郎,일본인,4,2,464,1906,1906-1908,,,,,0,0,0,0,,,,,,,,,,,,,,,,,,,,,,,
우쓰노미야 젠이치,宇都宮善市,일본인,4,1,566,1909,1909-1909,,,,,0,0,0,0,,,,,,,,,,,,,,,,,,,,,,,
우에다 기사부로,上田義三郎,일본인,4,2,288,1906,1906-1906,,,,,0,0,0,0,,,,,,,,,,,,,,,,,,,,,,,
우에다 요시오,上田義雄,일본인,4,1,339,1904,1904-1904,,,,,0,1,1,0,,,,,,,,,,,,,,,,,,,,,,,
우에무라 린타로,植村臨太郎,일본인,4,2,1284,1907,1907-1909,,,,,0,0,0,0,,,,,,,,,,,,,,,,,,,,,,,
이병학,,조선인,4,3,401,1906,1906-1909,,,,,1,1,1,0,,,,,,,,,"대구농공은행장(이석진 후임, 조선식산은행 전환까지)",대구물어(1930) 단락 401,,,,,,,,,,"대구농공은행장(이석진 후임, 조선식산은행 전환까지)",대구물어(1930) 단락 401,,
이상설,李相卨,조선인,4,2,828,1907,1907-1907,,,,,0,0,0,0,,,,,,,,,,,,,,,,,,,,,,,
이시카와 구스지로,石川楠次郎,일본인,4,2,1284,1907,1907-1909,,,,,0,0,0,0,,,,,,,,,,,,,,,,,,,,,,,
이우라 요시히사,井浦義久,일본인,4,2,1121,1909,1908-1909,,,,,0,0,0,0,,,,,,,,,,,,,,,,,,,,,,,
정해붕,鄭海鵬,조선인,4,4,245,1909,1905-1909,,,,,1,1,0,0,,,,,,,,,,,,,,,,,,,,,,,
하라다 리베,原田利兵衛,일본인,4,1,271,1904,1904-1904,,,,,0,0,0,0,,,,,,,,,,,,,,,,,,,,,,,
하세가와 야소키치,長谷川八十吉,일본인,4,2,466,1907,1906-1907,,,,,0,0,0,0,,,,,,,,,,,,,,,,,,,,,,,
호시노 미쓰키,星野光鬼,일본인,4,1,375,1905,1905-1905,,,,1904(단락375),0,0,0,0,,,,,,1904,대구물어,,,,,,,,,,,,대구물어(1930) 1904(단락375),,,,
후루야 사다조,古屋貞蔵,일본인,4,2,452,1907,1906-1907,,,,,0,0,0,0,,,,,,,,,,,,,,,,,,,,,,,
후루야 지스케,古谷治輔,일본인,4,2,29,1904,1904-1905,,,,,0,1,1,0,,,,,,,,,,,,,,,,,,,,,,,
후루카와 분노스케,古川文之助,일본인,4,1,339,1904,1904-1904,팔조회,,,,1,1,1,1,가야모리구미(栢森組) 운송부 창립,운송부,1904,,운송부,1904,조선대구일반(1911),"가야모리구미(栢森組) 운송부 창립. 기후 현 다카스마치, 1904.8 도한. 1910.3 상업회의소 의원. pp.116~117.",,,,,,,,,조선대구일반(1911) pp.116~117,조선대구일반(1911) pp.116~117,조선대구일반(1911) pp.116~117,가야모리구미(栢森組) 운송부 창립,조선대구일반(1911) pp.116~117,,
후카와 고테쓰,府川宏哲,일본인,4,2,37,1905,1905-1907,,,,,0,0,1,0,,,,,,,,,,,,,,,,,,,,,,,
히로에 사와지로,廣江澤次郎,일본인,4,1,396,1906,1906-1906,,60세(단락396),,,0,0,0,0,,,,,,,대구물어,,,,,,,,,,,,,,,,
히메노 다로지,姫野太郎次,일본인,4,3,279,1905,1905-1905,,,,,0,0,0,0,,,,,,,,,,,,,,,,,,,,,,,
가나모리 리키자부로,金森力三郎,일본인,3,1,339,1904,1904-1904,팔조회,,,,1,0,0,0,,,,,,,,,,,,,,,,,,,,,,,
가쓰라 다로,桂太郎,일본인,3,3,412,1907,1906-1908,,,,,0,0,0,0,,,,,,,,,,,,,,,,,,,,,,,
고가 쇼지,古賀省二,일본인,3,1,1203,1908,1908-1908,,,,,0,0,0,0,,,,,,,,,,,,,,,,,,,,,,,
고영희,高永喜,조선인,3,3,825,1907,1906-1907,,,,,0,0,0,0,,,,,,,,,,,,,,,,,,,,,,,
구보타 고로,窪田梧樓,일본인,3,1,464,1906,1906-1906,,,,,0,0,0,0,,,,,,,,,,,,,,,,,,,,,,,
구보타 베이센,久保田米僊,일본인,3,1,609,1907,1907-1907,,,,,0,0,0,0,,,,,,,,,,,,,,,,,,,,,,,
김직현,金稷鉉,조선인,3,2,241,1906,1905-1906,,,,,1,0,0,0,,,,,,,,,,,,,,,,,,,,,,경상북도관찰사 1899.2~1900.7(태왕36년 기해~37년 경자) ※대구물어 표기 이직현(李稷絃)은 이표기 처리,대구부사(1943) 제1편 연혁편 부록 慶尙道監司任遞表 p.282; 대구민단사(1915) p.106
나가타니 다카시,永谷隆志,일본인,3,2,813,1907,1907-1907,,,,,1,0,0,0,,,,,,,,,,,,,,,,,,,,,,,
노구치 히로키,野口弘毅,일본인,3,1,1345,1907,1907-1907,,,,,0,0,0,0,,,,,,,,,,,,,,,,,,,,,,,
다니 히코이치,谷彦一,일본인,3,2,1043,1908,1908-1908,,,,,0,0,0,0,,,,,,,,,,,,,,,,,,,,,,,
데와 시게토,出羽重遠,일본인,3,1,1237,1909,1909-1909,,,,,0,0,0,0,,,,,,,,,,,,,,,,,,,,,,,
도고 헤이하치로,東郷平八郎,일본인,3,3,108,1904,1904-1907,,,,,0,0,0,0,,,,,,,,,,,,,,,,,,,,,,,
도야마 요타로,富山要太郎,일본인,3,2,412,1909,1906-1909,,,,,0,0,0,0,,,,,,,,,,,,,,,,,,,,,,,
마키 노우지,牧農治,일본인,3,1,396,1906,1906-1906,,,,,0,0,0,0,,,,,,,,,,,,,,,,,,,,,,,
미와 미쓰기,三輪光儀,일본인,3,2,1358,1907,1907-1907,,,,,0,0,1,0,,,,,,,,,제2연대장(보병대좌),경북요람(1910년대) p.218,,,,,,,,,,제2연대장(보병대좌),경북요람(1910년대) p.218,,
미우라 쇼이치로,三浦庄一郎,일본인,3,2,1154,1908,1908-1908,,,,,1,0,1,0,,,,,,,,,,,,,,,,,,,,,,,
사사키 마사,佐々木昌,일본인,3,1,464,1906,1906-1906,,,도쿄(단락464),,0,0,0,0,,,,,도쿄,,대구물어,,,,,,,,,,,대구물어(1930) 도쿄(단락464),,,,,
사카타 분키치,阪田文吉,일본인,3,2,623,1907,1907-1908,,,,,0,0,0,0,,,,,,,,,,,,,,,,,,,,,,,
사토 이사부로,佐藤伊三郎,일본인,3,1,133,1905,1905-1905,,,,,0,1,1,0,,,,,,,,,,,,,,,,,,,,,,,
시노하라 이마시로,篠原今四郎,일본인,3,1,370,1905,1905-1905,,,,,0,0,0,0,,,,,,,,,,,,,,,,,,,,,,,
신태휴,申泰休,조선인,3,2,440,1906,1906-1906,,,,,1,0,0,0,,,,,,,,,,,,,,,,,,,,,,경상북도관찰사 1906.5~1906.8(태왕43년 병오),대구부사(1943) 제1편 연혁편 부록 慶尙道監司任遞表 p.283
아다치 겐조,安達堅造,일본인,3,2,1349,1907,1907-1907,,,,,0,1,0,0,,,,,,,,,,,,,,,,,,,,,,,
아리요시 주이치,有吉忠一,일본인,3,2,213,1908,1905-1908,,,,,0,0,0,0,,,,,,,,,,,,,,,,,,,,,,,
엄성구,嚴星九,조선인,3,2,468,1906,1906-1907,,,,,0,0,0,0,,,,,,,,,,,,,,,,,,,,,,,
오바 간이치,大庭貫一,일본인,3,1,1003,1908,1908-1908,,,,,0,0,0,0,,,,,,,,,,,,,,,,,,,,,,,
오우라 다스케,大浦佐,일본인,3,2,105,1905,1905-1907,,,,,0,0,0,0,,,,,,,,,,,,,,,,,,,,,,,
오카무라 하쓰노스케,岡村初之助,일본인,3,1,618,1906,1906-1906,,,,,0,0,0,0,,,,,,,,,,,,,,,,,,,,,,,
오카우메 사부로,岡楳三郎,일본인,3,1,464,1906,1906-1906,,,,,0,0,0,0,,,,,,,,,,,,,,,,,,,,,,,
오카키 시치로,岡喜七郎,일본인,3,2,385,1906,1906-1907,,,,,0,0,0,0,,,,,,,,,,,,,,,,,,,,,,,
오하시 마쓰다로,大橋松太郎,일본인,3,1,310,1905,1905-1905,,,,,0,0,0,0,,,,,,,,,,,,,,,,,,,,,,,
요시다 다카모토,吉田孝基,일본인,3,1,464,1906,1906-1906,,,,,0,0,0,0,,,,,,,,,,,,,,,,,,,,,,,
요시오카 다다이치,吉岡唯一,일본인,3,1,1090,1907,1907-1907,,,,,0,0,0,0,,,,,,,,,,,,,,,,,,,,,,,
우치야마 요네타로,内山米太郎,일본인,3,2,328,1905,1905-1905,,,,,0,0,0,0,,,,,,,,,,,,,,,,,,,,,,,
이노우에 요시리,井上義理,일본인,3,1,464,1906,1906-1906,,,,,0,0,0,0,,,,,,,,,,,,,,,,,,,,,,,
이병무,李秉武,조선인,3,3,820,1907,1906-1907,,,,,0,0,0,0,,,,,,,,,,,,,,,,,,,,,,,
이와쿠라 도모사다,岩倉具定,일본인,3,2,900,1907,1907-1907,,,,,0,0,0,0,,,,,,,,,,,,,,,,,,,,,,,
이위종,李瑋鍾,조선인,3,2,828,1907,1907-1907,,,,,0,0,0,0,,,,,,,,,,,,,,,,,,,,,,,
이준,李儁,조선인,3,2,828,1907,1907-1907,,,,,0,0,0,0,,,,,,,,,,,,,,,,,,,,,,,
이케베 기치주로,池辺吉十郎,일본인,3,1,1074,1907,1907-1907,,,,,0,0,0,0,,,,,,,,,,,,,,,,,,,,,,,
장승원,張承遠,조선인,3,2,57,1906,1905-1906,,,,,0,0,0,0,,,,,,,,,,,,,,,,,,,,,,경상북도관찰사 1904.8~1905.4(태왕41년 갑진~42년 을사),대구부사(1943) 제1편 연혁편 부록 慶尙道監司任遞表 p.283
하루노미야 요시히토,嘉仁,일본인,3,2,900,1907,1907-1907,,,,,0,0,0,0,,,,,,,,,,,,,,,,,,,,,,,
후쿠타 가쿠헤이,福田覺平,일본인,3,1,793,1907,1907-1907,,,,,0,0,1,0,,,,,,,,,,,,,,,,,,,,,,,
히타카 사이지,日高才二,일본인,3,2,64,1905,1905-1905,,,,,0,0,0,0,,,,,,,,,,,,,,,,,,,,,,,
가네미쓰 우헤이,兼光宇兵衛,일본인,2,1,344,1904,1904-1904,,,,,0,0,0,0,,,,,,,,,,,,,,,,,,,,,,,
가네코 기이치,金子毅一,일본인,2,1,344,1904,1904-1904,,,,,0,0,0,0,,,,,,,,,,,,,,,,,,,,,,,
가도치 가나,角地カナ,일본인,2,1,344,1904,1904-1904,,,,,0,0,0,0,,,,,,,,,,,,,,,,,,,,,,,
가메야마 리헤타로,龜山利平太,일본인,2,1,1349,1907,1907-1907,,,,,0,0,0,0,,,,,,,,,,,,,,,,,,,,,,,
가미무라 나오치카,上村直親,일본인,2,1,687,1907,1907-1907,,,,,0,0,0,0,,,,,,,,,,,,,,,,,,,,,,,
가미야 아이키,神谷愛鄉,일본인,2,1,1303,1909,1909-1909,,,,,0,0,0,0,,,,,,,,,,,,,,,,,,,,,,,
가미타니 겐지로,神谷顯治郎,일본인,2,1,344,1904,1904-1904,,,,,0,0,0,0,,,,,,,,,,,,,,,,,,,,,,,
가사하라 사토시,笠原覺巿,일본인,2,1,344,1904,1904-1904,,,,,0,0,0,0,,,,,,,,,,,,,,,,,,,,,,,
가시마 쇼키치,花島庄吉,일본인,2,1,300,1905,1905-1905,,,,,0,0,0,0,,,,,,,,,,,,,,,,,,,,,,,
가와구치 유키치,河口又吉,일본인,2,1,344,1904,1904-1904,,,,,0,0,1,0,,,,,,,,,,,,,,,,,,,,,,,
가와노 데쓰지로,河野鐵次郎,일본인,2,1,1371,1907,1907-1907,,,,,0,0,0,0,,,,,,,,,,,,,,,,,,,,,,,
가와무라 기사부로,河村義三郎,일본인,2,1,310,1905,1905-1905,,,,,0,0,0,0,,,,,,,,,,,,,,,,,,,,,,,
가와미치 노부타쓰,川滿布建,일본인,2,1,1351,1907,1907-1907,,,,,0,0,0,0,,,,,,,,,,,,,,,,,,,,,,,
가와카쓰 우메키치,川勝梅吉,일본인,2,1,344,1904,1904-1904,,,,,0,0,0,0,,,,,,,,,,,,,,,,,,,,,,,
가즈 요시타로,紀芳太郎,일본인,2,1,344,1904,1904-1904,,,,,0,0,0,0,,,,,,,,,,,,,,,,,,,,,,,
가토 지카,加藤千賀,일본인,2,1,1311,1909,1909-1909,,,,,0,0,0,0,,,,,,,,,,,,,,,,,,,,,,,
고가 이사무,古賀勇,일본인,2,1,1063,1908,1908-1908,,,,,0,0,0,0,,,,,,,,,,,,,,,,,,,,,,,
고다이라 에이키치,小平英吉,일본인,2,1,1303,1909,1909-1909,,,,,0,0,0,0,,,,,,,,,,,,,,,,,,,,,,,
고미 잇페이,五味逸平,일본인,2,1,1121,1908,1908-1908,,,,,0,0,0,0,,,,,,,,,,,,,,,,,,,,,,,
고야마(이토 수행원),小山,일본인,2,1,908,1907,1907-1907,,,,,0,1,1,1,,,,,,,,,,,,,,,,,,,,,,,
고영근,高永根,조선인,2,1,135,1905,1905-1905,,,,,0,0,0,0,,,,,,,,,,,,,,,,,,,,,,,
고즈마 도시히데,高妻俊秀,일본인,2,1,778,1907,1907-1907,,,,,0,0,0,0,,,,,,,,,,,,,,,,,,,,,,,
고지마 구마노조,小島熊之丞,일본인,2,1,58,1905,1905-1905,임시일본인대회,,,,0,0,0,0,,,,,,,,,,,,,,,,,,,,,,,
고토 요시쓰구,後藤善次,일본인,2,1,1305,1909,1909-1909,,,,,0,0,0,0,,,,,,,,,,,,,,,,,,,,,,,
고토 진키치,五島甚吉,일본인,2,1,1345,1907,1907-1907,,,,,0,0,0,0,,,,,,,,,,,,,,,,,,,,,,,
곤도 렌페이,近藤廉平,일본인,2,1,370,1905,1905-1905,,,,,0,0,0,0,,,,,,,,,,,,,,,,,,,,,,,
구니노주 긴지로,國の十金次郎,일본인,2,1,737,1907,1907-1907,,,,,0,0,0,0,,,,,,,,,,,,,,,,,,,,,,,
구니히로 게이치,國廣慶一,일본인,2,1,1311,1909,1909-1909,,,,,0,0,0,0,,,,,,,,,,,,,,,,,,,,,,,
구니히로 마코토,國廣誠,일본인,2,1,1301,1909,1909-1909,,,,,0,0,0,0,,,,,,,,,,,,,,,,,,,,,,,
구도 도시오,工藤敏夫,일본인,2,1,1336,1909,1909-1909,,,,,0,0,0,0,,,,,,,,,,,,,,,,,,,,,,,
구도 주스케,工藤忠助,일본인,2,1,1336,1909,1909-1909,,,,,0,0,0,0,,,,,,,,,,,,,,,,,,,,,,,
구로노 기요쓰구,黑野喜代次,일본인,2,1,344,1904,1904-1904,,,,,0,0,0,0,,,,,,,,,,,,,,,,,,,,,,,
구스카케 다니지로,沓谷次郎,일본인,2,1,1284,1909,1909-1909,,,,,0,0,0,0,,,,,,,,,,,,,,,,,,,,,,,
기리오카 긴조,桐岡金三,일본인,2,1,131,1905,1905-1905,,,,,0,0,0,0,,,,,,,,,,,,,,,,,,,,,,,
기무라 오시로,木村大代,일본인,2,1,1334,1909,1909-1909,,,,,0,0,0,0,,,,,,,,,,,,,,,,,,,,,,,
기시모토 기미,岸本キミ,일본인,2,1,1301,1909,1909-1909,,,,,0,0,0,0,,,,,,,,,,,,,,,,,,,,,,,
기쿠치 나가후,菊池長風,일본인,2,1,392,1906,1906-1906,,,,,0,0,0,0,,,,,,,,,,,,,,,,,,,,,,,
기타가와 지헤이,北川治兵衛,일본인,2,1,344,1904,1904-1904,,,,,0,0,0,0,,,,,,,,,,,,,,,,,,,,,,,
기타무라 도시오,北村俊男,일본인,2,1,344,1904,1904-1904,,,,,0,0,0,0,,,,,,,,,,,,,,,,,,,,,,,
김백여,金柏汝,조선인,2,1,707,1907,1907-1907,,,,,0,0,0,0,,,,,,,,,,,,,,,,,,,,,,,
나가노 다카이치,長野高一,일본인,2,1,1301,1909,1909-1909,,,,,0,0,0,0,,,,,,,,,,,,,,,,,,,,,,,
나베시마 게이지로,鍋島桂次郎,일본인,2,1,385,1906,1906-1906,,,,,0,0,0,0,,,,,,,,,,,,,,,,,,,,,,,
나이토,内藤,일본인,2,1,908,1907,1907-1907,,,,,1,0,0,0,,,,,,,,,,,,,,,,,,,,,,,
나카가와 다헤이,中川太平,일본인,2,1,112,1905,1905-1905,,,,,0,0,0,0,,,,,,,,,,,,,,,,,,,,,,,
나카무라 신로쿠,中牟田辰六,일본인,2,1,1367,1907,1907-1907,,,,,0,0,0,0,,,,,,,,,,,,,,,,,,,,,,,
나카쓰카 로쿠스케,中塚六助,일본인,2,1,344,1904,1904-1904,,,,,0,1,0,0,,,,,,,,,,,,,,,,,,,,,,,
나카야마 만조,中山萬三,일본인,2,1,1311,1909,1909-1909,,,,,0,0,0,0,,,,,,,,,,,,,,,,,,,,,,,
나카야마 히사키치,中山久吉,일본인,2,1,1305,1909,1909-1909,,,,,0,0,0,0,,,,,,,,,,,,,,,,,,,,,,,
나카에 도미주로,中江富十郎,일본인,2,1,323,1905,1905-1905,,,,,1,0,1,1,"미나카이(三中井) 포목점(모토마치, 지점 진주) 주인",시가 현,,,시가 현,,조선대구일반(1911),"미나카이(三中井) 포목점(모토마치, 지점 진주) 주인. 시가 현 간자키 군 고카쇼, 1909.6 미나카이 상호 계승 개점. pp.242~243.",,,,,,,,,조선대구일반(1911) pp.242~243,조선대구일반(1911) pp.242~243,,"미나카이(三中井) 포목점(모토마치, 지점 진주) 주인",조선대구일반(1911) pp.242~243,,
나카이 긴조,中井金城,일본인,2,1,392,1906,1906-1906,,,,,0,0,0,0,,,,,,,,,,,,,,,,,,,,,,,
노다 헤이지로,野田平次郎,일본인,2,1,826,1907,1907-1907,,,,,0,0,0,0,,,,,,,,,,,,,,,,,,,,,,,
노다 히코지로,野田彥次郎,일본인,2,1,739,1907,1907-1907,,,,,0,0,0,0,,,,,,,,,,,,,,,,,,,,,,,
노무라 후사요시,野村房吉,일본인,2,1,344,1904,1904-1904,,,,,0,0,0,0,,,,,,,,,,,,,,,,,,,,,,,
노시마 스스무,能島進,일본인,2,1,1067,1908,1908-1908,,,,,0,0,0,0,,,,,,,,,,,,,,,,,,,,,,,
니노미야 규지,二宮久次,일본인,2,1,1367,1907,1907-1907,,,,,0,0,0,0,,,,,,,,,,,,,,,,,,,,,,,
니시모토 온키치,西本音吉,일본인,2,1,381,1905,1905-1905,,,,,0,0,0,0,,,,,,,,,,,,,,,,,,,,,,,
니시무라 다케지로,西村竹次郎,일본인,2,1,1357,1907,1907-1907,,,,,0,0,0,0,,,,,,,,,,,,,,,,,,,,,,,
니시무라 우이치로,西村右一郎,일본인,2,1,58,1905,1905-1905,임시일본인대회,,,,0,0,0,0,,,,,,,,,,,,,,,,,,,,,,,
니시바야시 준스케,西林純助,일본인,2,1,1260,1909,1909-1909,,,,,0,0,0,0,,,,,,,,,,,,,,,,,,,,,,,
니시야마 쓰네,西山ツネ,일본인,2,1,795,1907,1907-1907,,,,,0,0,0,0,,,,,,,,,,,,,,,,,,,,,,,
니시야마 주스케,西山重助,일본인,2,1,468,1906,1906-1906,,,,,0,0,0,0,,,,,,,,,,,,,,,,,,,,,,,
니타니 마쓰스케,新谷松助,일본인,2,1,241,1905,1905-1905,달성학교,,,,1,0,0,0,,,,,,,,,,,,,,,,,,,,,,,
다나카 준지,田中順次,일본인,2,1,303,1905,1905-1905,,,,,0,0,0,0,,,,,,,,,,,,,,,,,,,,,,,
다나카 후지타로,田中藤太郎,일본인,2,1,344,1904,1904-1904,,,,,0,0,0,0,,,,,,,,,,,,,,,,,,,,,,,
다니구치 세이노스케,谷口清之助,일본인,2,1,58,1905,1905-1905,임시일본인대회,,,,0,0,0,0,,,,,,,,,,,,,,,,,,,,,,,
다카누키 세이치,高貫政一,일본인,2,1,737,1907,1907-1907,,,,,0,0,0,0,,,,,,,,,,,,,,,,,,,,,,,
다카다 신보,高田信豐,일본인,2,1,1319,1909,1909-1909,,,,1918(단락1319),0,0,0,0,,,,,,1918,대구물어,,,,,,,,,,,,대구물어(1930) 1918(단락1319),,,,
다카마쓰 요시에,高松芳江,일본인,2,1,708,1907,1907-1907,,,,,0,0,0,0,,,,,,,,,,,,,,,,,,,,,,,
다카야마 히데오,高山英男,일본인,2,1,739,1907,1907-1907,,,,,0,0,0,0,,,,,,,,,,,,,,,,,,,,,,,
다카키 신지,高木信二,일본인,2,1,344,1904,1904-1904,,,,,0,0,0,0,,,,,,,,,,,,,,,,,,,,,,,
다카하시 우스케,高橋卯助,일본인,2,1,344,1904,1904-1904,,,,,0,0,1,0,,,,,,,,,,,,,,,,,,,,,,,
다케우치 가이치로,竹内嘉一郎,일본인,2,1,662,1906,1906-1906,,,,,0,0,0,0,,,,,,,,,,,,,,,,,,,,,,,
다케우치 도라조,竹內寅造,일본인,2,1,344,1904,1904-1904,,,,,0,0,0,0,,,,,,,,,,,,,,,,,,,,,,,
다케자키 로쿠지로,竹崎六次郎,일본인,2,1,889,1907,1907-1907,,,,,1,0,1,0,,,,,,,,,대구부윤,경북요람(1910년대) p.218,,,,,,,,,,대구부윤,경북요람(1910년대) p.218,,
다케카와 조,武川チョ,일본인,2,1,1299,1909,1909-1909,,,,,0,0,0,0,,,,,,,,,,,,,,,,,,,,,,,
다키타 기누조,田北網,일본인,2,1,344,1904,1904-1904,,,,,0,0,0,0,,,,,,,,,,,,,,,,,,,,,,,
다테시마 료사부로,立島領三郎,일본인,2,1,344,1904,1904-1904,,,,,0,0,0,0,,,,,,,,,,,,,,,,,,,,,,,
도미타 이타루,富田格,일본인,2,1,1166,1908,1908-1908,,,,,0,0,0,0,,,,,,,,,,,,,,,,,,,,,,,
도요타 게이조,豐田敬藏,일본인,2,1,58,1905,1905-1905,임시일본인대회,,,,0,0,0,0,,,,,,,,,,,,,,,,,,,,,,,
도조 쇼헤이,東條正平,일본인,2,1,1319,1909,1909-1909,,,,,0,1,1,0,,,,,,,,,,,,,,,,,,,,,,,
류 고키치,龍浩吉,일본인,2,1,368,1905,1905-1905,,,,,0,0,0,0,,,,,,,,,,,,,,,,,,,,,,,
마스다 노부유키,增田信之,일본인,2,1,271,1904,1904-1904,,,,,0,0,0,0,,,,,,,,,,,,,,,,,,,,,,,
마쓰나가 후사시치,松永房七,일본인,2,1,788,1907,1907-1907,,,,,0,0,0,0,,,,,,,,,,,,,,,,,,,,,,,
마쓰다 신페이,松田眞平,일본인,2,1,1303,1909,1909-1909,,,,,0,0,0,0,,,,,,,,,,,,,,,,,,,,,,,
마쓰다 젠에이,松田善衛,일본인,2,1,1357,1907,1907-1907,,,,,0,0,0,0,,,,,,,,,,,,,,,,,,,,,,,
마쓰모토 다카쓰구,松本孝次,일본인,2,1,1301,1909,1909-1909,,,,,0,0,0,0,,,,,,,,,,,,,,,,,,,,,,,
마쓰시타 나오히데,松下直英,일본인,2,1,627,1908,1908-1908,,,,,0,0,0,0,,,,,,,,,,,,,,,,,,,,,,,
마쓰오 이와키치,松尾岩吉,일본인,2,1,344,1904,1904-1904,,,,,0,0,0,0,,,,,,,,,,,,,,,,,,,,,,,
마쓰이 사다요시,松井貞義,일본인,2,1,1307,1909,1909-1909,,,,,0,0,0,0,,,,,,,,,,,,,,,,,,,,,,,
마쓰이 이치타로,松井市太郎,일본인,2,1,339,1904,1904-1904,,,,,0,0,1,0,,,,,,,,,,,,,,,,,,,,,,,
마치다 사타오,町田佐太夫,일본인,2,1,807,1907,1907-1907,,,,,0,0,0,0,,,,,,,,,,,,,,,,,,,,,,,
마키 준이치로,牧純淳一郎,일본인,2,1,76,1905,1905-1905,,,,,0,0,0,0,,,,,,,,,,,,,,,,,,,,,,,
모로네 젠조,諸根善藏,일본인,2,1,739,1907,1907-1907,,,,,0,0,0,0,,,,,,,,,,,,,,,,,,,,,,,
모리모토 도네쓰키,森本都音樹,일본인,2,1,344,1904,1904-1904,,,,,0,1,0,0,,,,,,,,,,,,,,,,,,,,,,,
모리모토 마사타로,森本政太郎,일본인,2,1,664,1906,1906-1906,,,,,0,0,0,0,,,,,,,,,,,,,,,,,,,,,,,
모리사키 시카마쓰,森崎鹿松,일본인,2,1,576,1909,1909-1909,,,,,0,0,1,0,,,,,,,,,,,,,,,,,,,,,,,
모리타 로쿠오,守田六男,일본인,2,1,803,1907,1907-1907,,,,,1,0,1,0,,,,,,,,,,,,,,,,,,,,,,,
모모하라 야오조,桃原八百造,일본인,2,1,344,1904,1904-1904,,,,,0,0,0,0,,,,,,,,,,,,,,,,,,,,,,,
모쿠자키 야소하치,目崎八十八,일본인,2,1,683,1907,1907-1907,,,,,0,0,0,0,,,,,,,,,,,,,,,,,,,,,,,
무라마쓰 스케유키,村松祐之,일본인,2,1,1161,1908,1908-1908,,,,,0,0,0,0,,,,,,,,,,,,,,,,,,,,,,,
무라오카 시게루,村岡茂,일본인,2,1,344,1904,1904-1904,,,,,0,0,0,0,,,,,,,,,,,,,,,,,,,,,,,
무라오카 후데타로,村岡筆太郎,일본인,2,1,662,1906,1906-1906,,,,,0,0,0,0,,,,,,,,,,,,,,,,,,,,,,,
무라카미 도모요시,村上知義,일본인,2,1,1359,1907,1907-1907,,,,,0,0,0,0,,,,,,,,,,,,,,,,,,,,,,,
무라카와 가이치,村川嘉一,일본인,2,1,229,1905,1905-1905,,,,,0,1,0,0,,,,,,,,,,,,,,,,,,,,,,,
무로타 요시부미,室田義文,일본인,2,1,1383,1909,1909-1909,,,,,0,0,0,0,,,,,,,,,,,,,,,,,,,,,,,
무카이 도모키치,向井友吉,일본인,2,1,344,1904,1904-1904,,,,,0,0,0,0,,,,,,,,,,,,,,,,,,,,,,,
무타,牟田,일본인,2,1,908,1907,1907-1907,,,,,1,1,1,0,,,,,,,,,,,,,,,,,,,,,,,
미네 하치로,嶺八郎,일본인,2,1,1216,1908,1908-1908,,,,,0,0,0,0,,,,,,,,,,,,,,,,,,,,,,,
미네키시 시게타로,峰岸繁太郎,일본인,2,1,1067,1908,1908-1908,,,,,0,0,0,0,,,,,,,,,,,,,,,,,,,,,,,
미사와 도시오,三澤俊雄,일본인,2,1,1299,1909,1909-1909,,,,,0,0,0,0,,,,,,,,,,,,,,,,,,,,,,,
미사와 마사오,三澤昌雄,일본인,2,1,1301,1909,1909-1909,,,,,0,0,0,0,,,,,,,,,,,,,,,,,,,,,,,
미쓰나리 도모사부로,光成友三郎,일본인,2,1,1319,1909,1909-1909,,,,1918(단락1319),0,0,1,0,,,,,,1918,대구물어,,,,,,,,,,,,대구물어(1930) 1918(단락1319),,,,
미야마 요시노스케,三山芳之助,일본인,2,1,344,1904,1904-1904,,,,,0,0,0,0,,,,,,,,,,,,,,,,,,,,,,,
미야오카,宮岡,일본인,2,1,908,1907,1907-1907,,,,,0,0,0,0,,,,,,,,,,,,,,,,,,,,,,,
미야이 마사카즈,宮井正一,일본인,2,1,523,1907,1907-1907,,,,,0,0,1,0,,,,,,,,,,,,,,,,,,,,,,,
미야자키 고쿠조,宮崎穀造,일본인,2,1,1372,1907,1907-1907,,,,,0,0,0,0,,,,,,,,,,,,,,,,,,,,,,,
미야케 아키타로,三宅明太郎,일본인,2,1,344,1904,1904-1904,,,,,0,0,0,0,,,,,,,,,,,,,,,,,,,,,,,
미와 노부오,三輪伸雄,일본인,2,1,344,1904,1904-1904,,,,,0,0,0,0,,,,,,,,,,,,,,,,,,,,,,,
미와 유리,三輪ユリ,일본인,2,1,1305,1909,1909-1909,,,,,0,0,0,0,,,,,,,,,,,,,,,,,,,,,,,
미즈타 야스지로,水田安次郎,일본인,2,1,1371,1907,1907-1907,,,,,0,0,0,0,,,,,,,,,,,,,,,,,,,,,,,
미하라 나오유키,三原直之,일본인,2,1,737,1907,1907-1907,,,,,0,0,0,0,,,,,,,,,,,,,,,,,,,,,,,
미하시 지요타로,三橋千代太郎,일본인,2,1,344,1904,1904-1904,,,,,0,0,0,0,,,,,,,,,,,,,,,,,,,,,,,
민영직,閔泳直,조선인,2,1,763,1907,1907-1907,,,,,0,0,0,0,,,,,,,,,,,,,,,,,,,,,,,
박성초,朴成初,조선인,2,1,708,1907,1907-1907,,,,,0,0,0,0,,,,,,,,,,,,,,,,,,,,,,,
박영효,朴泳孝,조선인,2,2,497,1906,1906-1906,,,,,0,0,0,0,,,,,,,,,,,,,,,,,,,,,,,
박준효,朴準孝,조선인,2,1,770,1907,1907-1907,,,,,1,0,0,0,,,,,,,,,,,,,,,,,,,,,,,
백남준,白南俊,조선인,2,1,763,1907,1907-1907,,,,,0,0,0,0,,,,,,,,,,,,,,,,,,,,,,,
사사마 조,笹間定,일본인,2,1,737,1907,1907-1907,,,,,0,0,0,0,,,,,,,,,,,,,,,,,,,,,,,
사에키 히코이치,佐伯彦一,일본인,2,1,1260,1909,1909-1909,,,,,0,0,1,0,,,,,,,,,,,,,,,,,,,,,,,
사이토 소시로,齋藤宗四郎,일본인,2,1,1121,1908,1908-1908,,,,,1,0,0,0,,,,,,,,,,,,,,,,,,,,,,,
사이토 쇼자부로,齋藤庄三郎,일본인,2,1,1336,1909,1909-1909,,,,,1,0,0,0,,,,,,,,,,,,,,,,,,,,,,,
사이토 헤이키치,斎藤兵吉,일본인,2,1,735,1907,1907-1907,,,,,0,0,0,0,,,,,,,,,,,,,,,,,,,,,,,
사카마키 기쿠노조,酒巻菊之丞,일본인,2,1,651,1907,1907-1907,,,,,0,0,1,0,,,,,,,,,,,,,,,,,,,,,,,
사카이 가네키치,堺兼吉,일본인,2,1,1260,1909,1909-1909,,,,,0,0,1,0,,,,,,,,,,,,,,,,,,,,,,,
사카이 사쿠조,酒井作藏,일본인,2,1,344,1904,1904-1904,,,,,0,0,0,0,,,,,,,,,,,,,,,,,,,,,,,
사코 우타코,酒匂歌子,일본인,2,1,1297,1909,1909-1909,,,,,0,0,0,0,,,,,,,,,,,,,,,,,,,,,,,
사토 스스무,佐藤進,일본인,2,1,678,1907,1907-1907,,,,,0,0,0,0,,,,,,,,,,,,,,,,,,,,,,,
센가 다마키,千賀環,일본인,2,1,381,1905,1905-1905,,,,,0,0,0,0,,,,,,,,,,,,,,,,,,,,,,,
손문옥,孫文玉,조선인,2,1,708,1907,1907-1907,,,,,0,0,0,0,,,,,,,,,,,,,,,,,,,,,,,
스기하라 조타로,杉原長太郎,일본인,2,1,568,1909,1909-1909,,,,,0,0,0,0,,,,,,,,,,,,,,,,,,,,,,,
스에마쓰 겐초,末松謙澄,일본인,2,1,928,1907,1907-1907,,,,,0,0,0,0,,,,,,,,,,,,,,,,,,,,,,,
스에마쓰 긴지로,末松金次郎,일본인,2,1,300,1905,1905-1905,,,,,0,0,0,0,,,,,,,,,,,,,,,,,,,,,,,
스에이시 모스케,末石茂助,일본인,2,1,1260,1909,1909-1909,,,,,0,0,0,0,,,,,,,,,,,,,,,,,,,,,,,
스에자와 요이치,末澤與市,일본인,2,1,708,1907,1907-1907,,,,,0,0,0,0,,,,,,,,,,,,,,,,,,,,,,,
스즈키 이리시게,鈴木入重,일본인,2,1,1299,1909,1909-1909,,,,,0,0,0,0,,,,,,,,,,,,,,,,,,,,,,,
시가 주코,志賀重昂,일본인,2,1,421,1906,1906-1906,,,,,0,0,0,1,,,,,,,,,,,,,,,,,,,,,,,
시모바야시 야스타케,下林保武,일본인,2,1,1371,1907,1907-1907,,,,,0,0,0,0,,,,,,,,,,,,,,,,,,,,,,,
시모조 효자부로,下條兵三郎,일본인,2,1,301,1905,1905-1905,,,,,0,0,0,0,,,,,,,,,,,,,,,,,,,,,,,
시타가와 하루,下川ハル,일본인,2,1,795,1907,1907-1907,,,,,0,0,0,0,,,,,,,,,,,,,,,,,,,,,,,
쓰치다 준사쿠,土田順作,일본인,2,1,882,1907,1907-1907,,,,,0,0,0,0,,,,,,,,,,,,,,,,,,,,,,,
쓰치야 시게사쿠,土屋重作,일본인,2,1,737,1907,1907-1907,,,,,0,0,0,0,,,,,,,,,,,,,,,,,,,,,,,
쓰카하라 보쿠덴,塚原卜傳,일본인,2,1,285,1906,1906-1906,,,,,0,0,0,0,,,,,,,,,,,,,,,,,,,,,,,
아다치 다키지로,足立瀧二郎,일본인,2,1,1345,1907,1907-1907,,,,,0,0,0,0,,,,,,,,,,,,,,,,,,,,,,,
아베 기노스케,安部喜之助,일본인,2,1,302,1905,1905-1905,,,,,0,0,0,0,,,,,,,,,,,,,,,,,,,,,,,
아베 도시로,阿部藤四郎,일본인,2,1,339,1904,1904-1904,,,,,0,0,0,0,,,,,,,,,,,,,,,,,,,,,,,
아오누마 규이치로,青沼九一郎,일본인,2,1,344,1904,1904-1904,,,,,0,0,0,0,,,,,,,,,,,,,,,,,,,,,,,
아오누마 쇼타,青沼勝太,일본인,2,1,1309,1909,1909-1909,,,,,0,0,0,0,,,,,,,,,,,,,,,,,,,,,,,
아오시마 구메조,青島久米造,일본인,2,1,381,1905,1905-1905,,,,,0,0,0,0,,,,,,,,,,,,,,,,,,,,,,,
아카시 세이,明石セイ,일본인,2,1,1307,1909,1909-1909,,,,,0,0,0,0,,,,,,,,,,,,,,,,,,,,,,,
아카시 세이코,,일본인,2,1,260,1905,1905-1905,대구소학교,,,,0,0,0,0,,,,,,,,,,,,,,,,,,,,,,,
아카시 야스이치로,赤司安一郎,일본인,2,1,1369,1907,1907-1907,,,,,0,0,0,0,,,,,,,,,,,,,,,,,,,,,,,
아카쿠라 야타로,赤倉彌太郎,일본인,2,1,731,1907,1907-1907,,,,,0,0,0,0,,,,,,,,,,,,,,,,,,,,,,,
아키모토 세이타로,秋本政太郎,일본인,2,1,58,1905,1905-1905,임시일본인대회,,,,0,0,0,0,,,,,,,,,,,,,,,,,,,,,,,
아키야마 시카렌,秋山鹿連,일본인,2,1,381,1905,1905-1905,,,,,0,0,0,0,,,,,,,,,,,,,,,,,,,,,,,
안노 세이,安武セイ,일본인,2,1,1309,1909,1909-1909,,,,,0,0,0,0,,,,,,,,,,,,,,,,,,,,,,,
안도 마사지로,安藤正次郎,일본인,2,1,889,1907,1907-1907,,,,,1,0,0,0,,,,,,,,,대구경찰서장,경북요람(1910년대) p.218,,,,,,,,,,대구경찰서장,경북요람(1910년대) p.218,,
야마가미 사다나오,山上定直,일본인,2,1,1371,1907,1907-1907,,,,,0,0,0,0,,,,,,,,,,,,,,,,,,,,,,,
야마네 마사지,山根政治,일본인,2,1,687,1907,1907-1907,,,,,0,0,0,0,,,,,,,,,,,,,,,,,,,,,,,
야마노 우에쿠니,,일본인,2,1,260,1905,1905-1905,대구소학교,,,,0,0,0,0,,,,,,,,,,,,,,,,,,,,,,,
야마다 고지,山田孝次,일본인,2,1,1357,1907,1907-1907,,,,,0,0,1,0,,,,,,,,,,,,,,,,,,,,,,,
야마다 기쿠지로,山田菊次郎,일본인,2,1,807,1907,1907-1907,,,,,0,1,1,0,,,,,,,,,,,,,,,,,,,,,,,
야마다 사다카즈,山田貞一,일본인,2,1,1307,1909,1909-1909,,,,,0,0,0,0,,,,,,,,,,,,,,,,,,,,,,,
야마다 슈조,山田周藏,일본인,2,1,735,1907,1907-1907,,,,,0,0,0,0,,,,,,,,,,,,,,,,,,,,,,,
야마다 신타로,山田信太朗,일본인,2,1,1372,1907,1907-1907,,,,,0,0,0,0,,,,,,,,,,,,,,,,,,,,,,,
야마다 우메지로,山田梅次郎,일본인,2,1,344,1904,1904-1904,,,,,0,0,1,0,,,,,,,,,,,,,,,,,,,,,,,
야마다 히로미치,山田博道,일본인,2,1,260,1905,1905-1905,대구소학교,,,,0,0,0,0,,,,,,,,,,,,,,,,,,,,,,,
야마모토 준이치,山本純一,일본인,2,1,1345,1907,1907-1907,,,,,0,0,0,0,,,,,,,,,,,,,,,,,,,,,,,
야마시타 사카에,山下サカエ,일본인,2,1,707,1907,1907-1907,,,,,0,0,0,0,,,,,,,,,,,,,,,,,,,,,,,
야마자키 도모사부로,山崎友三郎,일본인,2,1,653,1907,1907-1907,,,,,0,0,0,0,,,,,,,,,,,,,,,,,,,,,,,
야스다 구스지,保田楠二,일본인,2,1,1369,1907,1907-1907,,,,,0,0,0,0,,,,,,,,,,,,,,,,,,,,,,,
야오 교조,八尾恭三,일본인,2,1,1319,1909,1909-1909,,,,1918(단락1319),0,0,0,0,,,,,,1918,대구물어,,,,,,,,,,,,대구물어(1930) 1918(단락1319),,,,
야하시 요시타네,矢橋良胤,일본인,2,1,873,1906,1906-1906,,,,,0,0,0,0,,,,,,,,,,,,,,,,,,,,,,,
양재훈,梁在薰,조선인,2,1,772,1907,1907-1907,,,,,0,0,0,0,,,,,,,,,,,,,,,,,,,,,,,
에이 산타로,江伊三太郎,일본인,2,1,731,1907,1907-1907,,,,,0,0,0,0,,,,,,,,,,,,,,,,,,,,,,,
오가 기사부로,大賀喜三郎,일본인,2,1,662,1906,1906-1906,,,,,0,0,0,0,,,,,,,,,,,,,,,,,,,,,,,
오가사 구마지로,小笠熊治郞,일본인,2,1,344,1904,1904-1904,,,,,0,0,0,0,,,,,,,,,,,,,,,,,,,,,,,
오가와 가쓰히라,小川勝平,일본인,2,1,464,1906,1906-1906,,,,,0,0,0,0,,,,,,,,,,,,,,,,,,,,,,,
오노 구라타,小野庫太,일본인,2,1,1336,1909,1909-1909,,,,,0,0,0,0,,,,,,,,,,,,,,,,,,,,,,,
오니즈카 슈이쓰,鬼塚秀逸,일본인,2,1,344,1904,1904-1904,,,,,0,0,0,0,,,,,,,,,,,,,,,,,,,,,,,
오다 덴,織田傳,일본인,2,1,1299,1909,1909-1909,,,,,0,0,0,0,,,,,,,,,,,,,,,,,,,,,,,
오다 리사쿠,小田利作,일본인,2,1,381,1905,1905-1905,,,,,0,0,0,0,,,,,,,,,,,,,,,,,,,,,,,
오다와라 류이치,小田原留一,일본인,2,1,1311,1909,1909-1909,,,,,0,0,0,0,,,,,,,,,,,,,,,,,,,,,,,
오리토 기요이치,織戸吉代一,일본인,2,1,344,1904,1904-1904,,,,,0,0,0,0,,,,,,,,,,,,,,,,,,,,,,,
오무라 모토요,大村大代,일본인,2,1,1123,1908,1908-1908,,,,,1,0,0,0,,,,,,,,,,,,,,,,,,,,,,,
오바 데쓰조,大場鐡象,일본인,2,1,655,1907,1907-1907,,,,,0,0,0,0,,,,,,,,,,,,,,,,,,,,,,,
오쓰카 지카미,大塚親見,일본인,2,1,1307,1909,1909-1909,,,,,0,0,0,0,,,,,,,,,,,,,,,,,,,,,,,
오에 류타로,大江隆太郞,일본인,2,1,344,1904,1904-1904,,,,,0,0,0,0,,,,,,,,,,,,,,,,,,,,,,,
오옥경,吳玉景,조선인,2,1,706,1907,1907-1907,,,,,0,0,0,0,,,,,,,,,,,,,,,,,,,,,,,
오자와 고토부키,小澤壽,일본인,2,1,1206,1908,1908-1908,,,,,0,0,0,0,,,,,,,,,,,,,,,,,,,,,,,
오카다 데쓰고로,岡田鐵五郞,일본인,2,1,58,1905,1905-1905,임시일본인대회,,,,0,0,0,0,,,,,,,,,,,,,,,,,,,,,,,
오카무라 가쓰토시,岡村克已,일본인,2,1,1311,1909,1909-1909,,,,,0,0,0,0,,,,,,,,,,,,,,,,,,,,,,,
오쿠마 시게노부,大隈重信,일본인,2,1,678,1907,1907-1907,,,,,0,0,0,0,,,,,,,,,,,,,,,,,,,,,,,
오쿠보 하루노,大久保春野,일본인,2,1,1349,1907,1907-1907,,,,,1,1,0,0,,,,,,,,,,,,,,,,,,,,,,,
오쿠이 와헤이,奥井和平,일본인,2,1,323,1905,1905-1905,,,,,0,0,0,0,,,,,,,,,,,,,,,,,,,,,,,
오타 가쓰사부로,太田勝三郎,일본인,2,1,131,1905,1905-1905,,,,,0,0,0,1,"삼랑진 우편소 소장, 오이타 현 사가세키, 1903 가을 도한",오이타 현,1903,,오이타 현,1903,조선대구일반(1911),"삼랑진 우편소 소장, 오이타 현 사가세키, 1903 가을 도한. pp.282~283.",,,,,,,,,조선대구일반(1911) pp.282~283,조선대구일반(1911) pp.282~283,조선대구일반(1911) pp.282~283,"삼랑진 우편소 소장, 오이타 현 사가세키, 1903 가을 도한",조선대구일반(1911) pp.282~283,,
오하라 준지,小原遵路,일본인,2,1,1284,1909,1909-1909,,,,,0,0,0,0,,,,,,,,,,,,,,,,,,,,,,,
와타나베 다케,渡邊タケ,일본인,2,1,1299,1909,1909-1909,,,,,0,0,0,0,,,,,,,,,,,,,,,,,,,,,,,
와타나베 도키오,渡邊時雄,일본인,2,1,1305,1909,1909-1909,,,,,0,0,0,0,,,,,,,,,,,,,,,,,,,,,,,
와타나베 슌조,渡邊春三,일본인,2,1,1305,1909,1909-1909,,,,,0,0,0,0,,,,,,,,,,,,,,,,,,,,,,,
와타나베 우조,渡邊烏城,일본인,2,1,609,1907,1907-1907,,,,,0,0,0,0,,,,,,,,,,,,,,,,,,,,,,,
요시노 긴사쿠,吉野金作,일본인,2,1,739,1907,1907-1907,,,,,0,0,0,0,,,,,,,,,,,,,,,,,,,,,,,
요시다 가쓰사부로,吉田勝三郎,일본인,2,1,1369,1907,1907-1907,,,,,0,0,0,0,,,,,,,,,,,,,,,,,,,,,,,
요시다 다이조,吉田太三,일본인,2,1,344,1904,1904-1904,,,,,0,0,0,0,,,,,,,,,,,,,,,,,,,,,,,
요시모토 신지,吉本信次,일본인,2,1,1303,1909,1909-1909,,,,,0,0,0,0,,,,,,,,,,,,,,,,,,,,,,,
요시무라 가쓰타로,嘉村勝太郎,일본인,2,1,310,1905,1905-1905,,,,,0,0,0,0,,,,,,,,,,,,,,,,,,,,,,,
요시무라 시즈오,吉村鎭雄,일본인,2,1,1292,1909,1909-1909,,,,,0,1,1,0,,,,,,,,,,,,,,,,,,,,,,,
요시오카 고잔,吉岡香山,일본인,2,1,1094,1907,1907-1907,,,,,0,0,0,0,,,,,,,,,,,,,,,,,,,,,,,
요시오카 도시오,吉岡敏雄,일본인,2,1,1303,1909,1909-1909,,,,,0,0,0,0,,,,,,,,,,,,,,,,,,,,,,,
요시카와 가메키치,吉川亀吉,일본인,2,1,330,1905,1905-1905,,,,,0,0,0,0,,,,,,,,,,,,,,,,,,,,,,,
요시키 도시조,吉木利造,일본인,2,1,24,1905,1905-1905,거류민회,,,,1,0,0,0,,,,,,,,,,,,,,,,,,,,,,,
우메다 이와키,梅田岩樹,일본인,2,1,1357,1907,1907-1907,,,,,0,0,1,0,,,,,,,,,,,,,,,,,,,,,,,
우메자키 신타로,梅崎辰太郎,일본인,2,1,733,1907,1907-1907,,,,,0,0,0,0,,,,,,,,,,,,,,,,,,,,,,,
우시오카 라히사,潮嘉良久,일본인,2,1,394,1906,1906-1906,,,,,0,0,0,0,,,,,,,,,,,,,,,,,,,,,,,
우에다 리키마쓰,上田力松,일본인,2,1,708,1907,1907-1907,,,,,0,0,0,0,,,,,,,,,,,,,,,,,,,,,,,
우에마쓰 조마쓰,上松長松,일본인,2,1,788,1907,1907-1907,,,,,0,0,0,0,,,,,,,,,,,,,,,,,,,,,,,
원은상,元殷常,조선인,2,1,772,1907,1907-1907,,,,,0,0,0,0,,,,,,,,,,,,,,,,,,,,,,,
육종만,陸鍾晚,조선인,2,1,765,1907,1907-1907,,,,,0,0,0,0,,,,,,,,,,,,,,,,,,,,,,,
윤헌,尹憲,조선인,2,1,440,1906,1906-1906,,,,,1,0,0,0,,,,,,,,,,,,,,,,,,,,,,경상북도관찰사 1904.3~1904.8(태왕41년 갑진) ※자형 尹瀗/瑬 판독 주의,대구부사(1943) 제1편 연혁편 부록 慶尙道監司任遞表 p.283
이나가키 시게미치,稲垣重道,일본인,2,1,368,1905,1905-1905,,,,,0,0,0,0,,,,,,,,,,,,,,,,,,,,,,,
이나타 나카지,稲田仲次,일본인,2,1,330,1905,1905-1905,,,,,0,0,0,0,,,,,,,,,,,,,,,,,,,,,,,
이노우에 고사이,井上孝哉,일본인,2,1,1215,1908,1908-1908,,,,,0,0,0,0,,,,,,,,,,,,,,,,,,,,,,,
이노우에 산고,井上三綱,일본인,2,1,344,1904,1904-1904,,,,,0,0,1,0,,,,,,,,,,,,,,,,,,,,,,,
이노우에 준노스케,井上準之助,일본인,2,1,625,1908,1908-1908,,,,,0,0,0,0,,,,,,,,,,,,,,,,,,,,,,,
이마이 다다오,今井忠雄,일본인,2,1,795,1907,1907-1907,,,,,0,0,0,0,,,,,,,,,,,,,,,,,,,,,,,
이사카 다카시,井坂孝,일본인,2,1,625,1908,1908-1908,,,,,0,0,0,0,,,,,,,,,,,,,,,,,,,,,,,
이시마쓰 시게키,石松繁木,일본인,2,1,344,1904,1904-1904,,,,,0,0,0,0,,,,,,,,,,,,,,,,,,,,,,,
이시즈카 에이조,石塚英藏,일본인,2,1,955,1907,1907-1907,,,,,0,0,0,0,,,,,,,,,,,,,,,,,,,,,,,
이시카와 오쿠조,石川奥蔵,일본인,2,1,339,1904,1904-1904,,,,,0,0,0,0,,,,,,,,,,,,,,,,,,,,,,,
이와나가 마지,岩永馬二,일본인,2,1,344,1904,1904-1904,,,,,0,0,0,0,,,,,,,,,,,,,,,,,,,,,,,
이와나가 젠지로,岩永善次郎,일본인,2,1,339,1904,1904-1904,,,,,0,0,1,0,,,,,,,,,,,,,,,,,,,,,,,
이와사 데이조,岩佐程三,일본인,2,1,1215,1908,1908-1908,,,,,0,0,0,0,,,,,,,,,,,,,,,,,,,,,,,
이와사키 다미야,岩崎民哉,일본인,2,1,486,1906,1906-1906,,,,,1,0,1,0,,,,,,,,,,,,,,,,,,,,,,,
이와야 마쓰헤이,岩谷松平,일본인,2,1,396,1906,1906-1906,,,,,0,0,0,0,,,,,,,,,,,,,,,,,,,,,,,
이용직,李容直,조선인,2,1,440,1906,1906-1906,,,,,1,0,0,0,,,,,,,,,,,,,,,,,,,,,,,
이유인,李裕寅,조선인,2,1,440,1906,1906-1906,,,,,1,0,0,0,,,,,,,,,,,,,,,,,,,,,,경상북도관찰사 1901.1~1901.12(태왕38년 신축),대구부사(1943) 제1편 연혁편 부록 慶尙道監司任遞表 p.283
이재곤,李載崑,조선인,2,2,821,1907,1907-1907,,,,,0,0,0,0,,,,,,,,,,,,,,,,,,,,,,,
이종국,,조선인,2,1,370,1905,1905-1905,,,,,1,0,1,0,,,,,,,,,,,,,,,,,,,,,,,
이중하,李重夏,조선인,2,1,440,1906,1906-1906,,,,,1,0,0,0,,,,,,,,,,,,,,,,,,,,,,경상북도관찰사 1895~1896(태왕32년 을미~33년 병신),대구부사(1943) 제1편 연혁편 부록 慶尙道監司任遞表 p.282
이케다 덴지,池田傅次,일본인,2,1,1297,1909,1909-1909,,,,,0,0,0,0,,,,,,,,,,,,,,,,,,,,,,,
이케다 쓰네요시,池田常吉,일본인,2,1,344,1904,1904-1904,,,,,0,0,0,0,,,,,,,,,,,,,,,,,,,,,,,
이케다 야스치카,池田泰親,일본인,2,1,1372,1907,1907-1907,,,,,0,0,0,0,,,,,,,,,,,,,,,,,,,,,,,
이케우치 도시,池内トシ,일본인,2,1,1309,1909,1909-1909,,,,,0,0,0,0,,,,,,,,,,,,,,,,,,,,,,,
이케우치 시게히라,池内重平,일본인,2,1,886,1907,1907-1907,,,,,0,0,0,0,,,,,,,,,,,,,,,,,,,,,,,
이케우치 야에,池内ヤエ,일본인,2,1,1305,1909,1909-1909,,,,,0,0,0,0,,,,,,,,,,,,,,,,,,,,,,,
이쿠하시 도시코,生橋トシ子,일본인,2,1,1303,1909,1909-1909,,,,,0,0,0,0,,,,,,,,,,,,,,,,,,,,,,,
이토 구마사부로,伊藤熊三郎,일본인,2,1,803,1907,1907-1907,,,,,0,0,0,1,포도 관련,,,,,,조선대구일반(1911),포도 관련. p.220.,,,,,,,,,조선대구일반(1911) pp.220,,,포도 관련,조선대구일반(1911) pp.220,,
이토 요시,伊藤ヨシ,일본인,2,1,1311,1909,1909-1909,,,,,1,0,1,0,,,,,,,,,,,,,,,,,,,,,,,
이헌영,李憲永,조선인,2,1,440,1906,1906-1906,,,,,1,0,0,0,,,,,,,,,,,,,,,,,,,,,,경상북도관찰사 1902.6~1903.8(태왕39년 임인~40년 계묘),대구부사(1943) 제1편 연혁편 부록 慶尙道監司任遞表 p.283
임선준,任善準,조선인,2,2,819,1907,1907-1907,,,,,0,0,0,0,,,,,,,,,,,,,,,,,,,,,,,
전우,田愚,조선인,2,1,394,1906,1906-1906,,,,,0,0,0,0,,,,,,,,,,,,,,,,,,,,,,,
정재학,鄭在學,조선인,2,2,895,1908,1907-1908,,,,,1,1,1,0,,,,,,,,,,,,,,,,,,,,,,,
조병호,趙秉鎬,조선인,2,1,440,1906,1906-1906,,,,,1,0,0,0,,,,,,,,,,,,,,,,,,,,,,,
조중응,趙重應,조선인,2,2,824,1907,1907-1907,,,,,0,0,0,0,,,,,,,,,,,,,,,,,,,,,,,
최만달,,조선인,2,2,279,1909,1905-1909,,,,,1,0,0,0,,,,,,,,,,,,,,,,,,,,,,,
하나부사 요시토모,花房義質,일본인,2,1,900,1907,1907-1907,,,,,0,0,0,0,,,,,,,,,,,,,,,,,,,,,,,
하나사키 기사부로,濱崎喜三郎,일본인,2,1,1319,1909,1909-1909,,,,1918(단락1319),0,0,0,0,,,,,,1918,대구물어,,,,,,,,,,,,대구물어(1930) 1918(단락1319),,,,
하나이 다쿠조,花井卓蔵,일본인,2,1,464,1906,1906-1906,,,도쿄(단락464),,0,0,0,1,,,,,도쿄,,대구물어,,,,,,,,,,,대구물어(1930) 도쿄(단락464),,,,,
하라 신스케,原辰助,일본인,2,1,1305,1909,1909-1909,,,,,0,0,0,0,,,,,,,,,,,,,,,,,,,,,,,
하라 이와타로,原岩太郎,일본인,2,1,1260,1909,1909-1909,,,,,0,0,1,0,,,,,,,,,,,,,,,,,,,,,,,
하라다 기이치,原田儀一,일본인,2,1,344,1904,1904-1904,,,,,0,0,0,0,,,,,,,,,,,,,,,,,,,,,,,
하라타 요시조,原田由蔵,일본인,2,1,302,1905,1905-1905,,,,,0,0,0,0,,,,,,,,,,,,,,,,,,,,,,,
하마구치 오사치,濱口雄幸,일본인,2,1,625,1908,1908-1908,,,,,0,0,0,0,,,,,,,,,,,,,,,,,,,,,,,
하세가와 가메타로,長谷川亀太郎,일본인,2,1,1345,1907,1907-1907,,,,,0,0,0,0,,,,,,,,,,,,,,,,,,,,,,,
하세가와 다이치,長谷川太一,일본인,2,1,1311,1909,1909-1909,,,,,0,0,0,0,,,,,,,,,,,,,,,,,,,,,,,
하야시 이치리키,林一力,일본인,2,1,1372,1907,1907-1907,,,,,0,0,0,0,,,,,,,,,,,,,,,,,,,,,,,
하야시 이치조,林市藏,일본인,2,1,1215,1908,1908-1908,,,,,0,0,0,0,,,,,,,,,,,,,,,,,,,,,,,
하야시 한스케,林半祐,일본인,2,1,1369,1907,1907-1907,,,,,0,0,0,0,,,,,,,,,,,,,,,,,,,,,,,
하치야 겐,蜂屋謙,일본인,2,1,793,1907,1907-1907,,,,,0,0,0,0,,,,,,,,,,,,,,,,,,,,,,,
호다 슈,補田秀,일본인,2,1,1307,1909,1909-1909,,,,,0,0,0,0,,,,,,,,,,,,,,,,,,,,,,,
호리케 도라조,堀家虎藏,일본인,2,1,1319,1909,1909-1909,,,,,0,0,0,0,,,,,,,,,,,,,,,,,,,,,,,
호시 도루,星亨,일본인,2,1,216,1906,1906-1906,,,,,0,0,0,0,,,,,,,,,,,,,,,,,,,,,,,
호쿠조 준조,北條順藏,일본인,2,1,344,1904,1904-1904,,,,,0,0,0,0,,,,,,,,,,,,,,,,,,,,,,,
혼다 고스케,本田孝介,일본인,2,1,657,1907,1907-1907,,,,,0,0,0,0,,,,,,,,,,,,,,,,,,,,,,,
후루쇼 야스요,古莊安代,일본인,2,1,1297,1909,1909-1909,,,,,0,0,0,0,,,,,,,,,,,,,,,,,,,,,,,
후루야(이토 수행원),古谷,일본인,2,1,908,1907,1907-1907,,,,,1,1,1,0,,,,,,,,,,,,,,,,,,,,,,,
후리하타 기요미,降旗清美,일본인,2,1,1206,1908,1908-1908,,,,,0,0,0,0,,,,,,,,,,,,,,,,,,,,,,,
후와 다로시치,不破太郎七,일본인,2,1,1369,1907,1907-1907,,,,,0,0,0,0,,,,,,,,,,,,,,,,,,,,,,,
후지오카 요시오,藤岡嘉郎,일본인,2,1,1305,1909,1909-1909,,,,,0,0,0,0,,,,,,,,,,,,,,,,,,,,,,,
후지타 다카시,藤田豐,일본인,2,1,1309,1909,1909-1909,,,,,0,0,0,0,,,,,,,,,,,,,,,,,,,,,,,
후쿠타 마스베,福田増兵衛,일본인,2,1,140,1905,1905-1905,,,,,0,0,0,0,,,,,,,,,,,,,,,,,,,,,,,
히라사와 이와타로,平澤岩太郎,일본인,2,1,381,1905,1905-1905,,,,,0,0,1,0,,,,,,,,,,,,,,,,,,,,,,,
히로노 사쿠지로,弘野作次郎,일본인,2,1,1336,1909,1909-1909,,,,,0,0,1,0,,,,,,,,,,,,,,,,,,,,,,,
히로우치 도시,廣内トシ,일본인,2,1,1305,1909,1909-1909,,,,,0,0,0,0,,,,,,,,,,,,,,,,,,,,,,,
히로우치 시게키치,廣内繁吉,일본인,2,1,786,1907,1907-1907,,,,,0,0,0,0,,,,,,,,,,,,,,,,,,,,,,,
히지카타 기요시,土方淸,일본인,2,1,1367,1907,1907-1907,,,,,0,0,0,0,,,,,,,,,,,,,,,,,,,,,,,
권중현,權重顯,조선인,1,1,332,1905,1905-1905,,,,,0,0,0,0,,,,,,,,,,,,,,,,,,,,,,,
기삼연,奇參衍,조선인,1,1,878,1907,1907-1907,,,,,0,0,0,0,,,,,,,,,,,,,,,,,,,,,,,
김갑진,,조선인,1,1,1229,1909,1909-1909,,,,,0,0,0,0,,,,,,,,,,,,,,,,,,,,,,,
김영필,,조선인,1,1,879,1907,1907-1907,,,,,0,0,0,0,,,,,,,,,,,,,,,,,,,,,,,
나스 도시오,那須敏男,일본인,1,1,46,1905,1905-1905,,,,,0,0,0,1,"나스 의원(那須醫院, 야마토초) 원장",구마모토 현,1904,,구마모토 현,1904,조선대구일반(1911),"나스 의원(那須醫院, 야마토초) 원장. 구마모토 현, 구마모토 의전 졸(1909), 군의생 복무 후 1910.3 개업. 선대 준사쿠(準策) 옹은 1904.6 대구 개업. pp.189~190.",,,,,,,,,조선대구일반(1911) pp.189~190,조선대구일반(1911) pp.189~190,조선대구일반(1911) pp.189~190,"나스 의원(那須醫院, 야마토초) 원장",조선대구일반(1911) pp.189~190,,
노기 마레스케,乃木希典,일본인,1,1,55,1905,1905-1905,,,,,0,0,0,0,,,,,,,,,,,,,,,,,,,,,,,
민영기,閔泳綺,조선인,1,1,332,1905,1905-1905,,,,,0,0,0,0,,,,,,,,,,,,,,,,,,,,,,,
사이토 마코토,,일본인,1,1,1079,1907,1907-1907,,,,,0,0,0,0,,,,,,,,,,,,,,,,,,,,,,,
서봉기,,조선인,1,1,1229,1909,1909-1909,,,,,0,0,0,0,,,,,,,,,,,,,,,,,,,,,,,
신현구,,조선인,1,1,449,1906,1906-1906,,,,,0,0,0,0,,,,,,,,,,,,,,,,,,,,,,,
야마가타 아리토모,山縣有朋,일본인,1,1,412,1906,1906-1906,,,,,0,0,0,0,,,,,,,,,,,,,,,,,,,,,,,
야마구치 마츠에,山口松嵛,일본인,1,1,609,1907,1907-1907,,,,,0,0,0,1,"본왜관 거주, 관호학교(觀湖學校) 설립·조선인 교육, 왜관곡물구매조합 사무주임",,,,,,조선대구일반(1911),"본왜관 거주, 관호학교(觀湖學校) 설립·조선인 교육, 왜관곡물구매조합 사무주임. pp.278~279. ※한자 끝 글자(嵛) 판독 불확실.",,,,,,,,,조선대구일반(1911) pp.278~279,,,"본왜관 거주, 관호학교(觀湖學校) 설립·조선인 교육, 왜관곡물구매조합 사무주임",조선대구일반(1911) pp.278~279,,
야마다(수비대장),,일본인,1,1,127,1905,1905-1905,,,,,0,0,0,0,,,,,,,,,,,,,,,,,,,,,,,
이경옥,,조선인,1,1,1229,1909,1909-1909,,,,,0,0,0,0,,,,,,,,,,,,,,,,,,,,,,,
이근택,李根澤,조선인,1,1,332,1905,1905-1905,,,,,0,0,0,0,,,,,,,,,,,,,,,,,,,,,,,
이장우,,조선인,1,1,1229,1909,1909-1909,,,,,0,1,1,0,,,,,,,,,,,,,,,,,,,,,,,
이지용,李址鎔,조선인,1,1,332,1905,1905-1905,,,,,0,0,0,0,,,,,,,,,,,,,,,,,,,,,,,
이진사,,조선인,1,1,878,1907,1907-1907,,,,,0,0,0,0,,,,,,,,,,,,,,,,,,,,,,,
이진호,李軫鎬,조선인,1,1,889,1907,1907-1907,,,,,1,1,1,0,,,,,,,,,경상북도장관,경북요람(1910년대) p.218,,,,,,,,,,경상북도장관,경북요람(1910년대) p.218,,
이하영,李夏榮,조선인,1,1,332,1905,1905-1905,,,,,0,0,0,0,,,,,,,,,,,,,,,,,,,,,,,
장지연,張志淵,조선인,1,1,854,1906,1906-1906,,,,,0,0,0,0,,,,,,,,,,,,,,,,,,,,,,,
차도선,車道善,조선인,1,1,878,1907,1907-1907,,,,,0,0,0,0,,,,,,,,,,,,,,,,,,,,,,,
한상룡,韓相龍,조선인,1,1,1216,1908,1908-1908,,,,,0,0,0,0,,,,,,,,,,,,,,,,,,,,,,,
히다카(출장원),,일본인,1,1,275,1904,1904-1904,,,,,0,0,0,0,,,,,,,,,,,,,,,,,,,,,,,
고타카 지로,小高二郎,일본인,0,0,,,,,,,,0,0,0,1,"제일은행원, 한국척식주식회사(경산) 창립",,,,,,조선대구일반(1911),"제일은행원, 한국척식주식회사(경산) 창립. pp.276~277.",,,,,,,,,조선대구일반(1911) pp.276~277,,,"제일은행원, 한국척식주식회사(경산) 창립",조선대구일반(1911) pp.276~277,,
구라카즈 히코사부로,倉員彦三郎,일본인,0,0,,,,,,,,0,0,0,1,왜관 곡물상 5인조,,,,,,조선대구일반(1911),왜관 곡물상 5인조. p.279. ※員/貝 판독 불확실.,,,,,,,,,조선대구일반(1911) pp.279,,,왜관 곡물상 5인조,조선대구일반(1911) pp.279,,
기요미야 센노스케,清宮仙之助,일본인,0,0,,,,,,,,0,0,0,1,"대구경찰서 경부, 『동경지(東京誌)』 조사",,,,,,조선대구일반(1911),"대구경찰서 경부, 『동경지(東京誌)』 조사. p.285.",,,,,,,,,조선대구일반(1911) pp.285,,,"대구경찰서 경부, 『동경지(東京誌)』 조사",조선대구일반(1911) pp.285,,
다마무라 요네지로,玉村米太郎,일본인,0,0,,,,,,,,0,0,0,1,"다마무라 서점(玉村書店, 모토마치 1정목)",,1906,,,1906,조선대구일반(1911),"다마무라 서점(玉村書店, 모토마치 1정목). 1906.8 도한, 동인의원 고용인 2년 후 1909.1 서점 개업. pp.250~251.",,,,,,,,,조선대구일반(1911) pp.250~251,,조선대구일반(1911) pp.250~251,"다마무라 서점(玉村書店, 모토마치 1정목)",조선대구일반(1911) pp.250~251,,
마츠바라 요네키치,松原米吉,일본인,0,0,,,,,,,,0,0,0,1,왜관 곡물상 5인조,,,,,,조선대구일반(1911),왜관 곡물상 5인조. p.279. ※한자 '米吉' 판독 다소 불확실.,,,,,,,,,조선대구일반(1911) pp.279,,,왜관 곡물상 5인조,조선대구일반(1911) pp.279,,
모리 겐키치,,일본인,0,0,,,,,,,,0,0,0,1,,,,,,,,,,,,,,,,,,,,,,,
모리 고이치,森熙一,일본인,0,0,,,,,,,,0,0,0,1,왜관 상업(1904.4~),,,,,,조선대구일반(1911),왜관 상업(1904.4~). pp.278~279.,,,,,,,,,조선대구일반(1911) pp.278~279,,,왜관 상업(1904.4~),조선대구일반(1911) pp.278~279,,
소다 고하치,相田小八,일본인,0,0,,,,,,,,0,0,0,1,"주지도 의원(十字堂醫院, 동성정) 원장",나가사키 현,1910,,나가사키 현,1910,조선대구일반(1911),"주지도 의원(十字堂醫院, 동성정) 원장. 나가사키 현 오무라초, 오카야마 의학전문학교 졸, 1910.3.1 대구 개업. pp.243~244. ※'소다' 표기는 번역서 원문 그대로(相田).",,,,,,,,,조선대구일반(1911) pp.243~244,조선대구일반(1911) pp.243~244,조선대구일반(1911) pp.243~244,"주지도 의원(十字堂醫院, 동성정) 원장",조선대구일반(1911) pp.243~244,,
시모야마 세이치로,下山淸一郎,일본인,0,0,,,,,,,,0,0,0,1,법률사무소(히가시혼마치 1정목) 변호사,미에 현,1908,,미에 현,1908,조선대구일반(1911),"법률사무소(히가시혼마치 1정목) 변호사. 미에 현 우에노, 1908.6 대구. pp.246~247.",,,,,,,,,조선대구일반(1911) pp.246~247,조선대구일반(1911) pp.246~247,조선대구일반(1911) pp.246~247,법률사무소(히가시혼마치 1정목) 변호사,조선대구일반(1911) pp.246~247,,
야마우치 세사부로,山内淸三郎,일본인,0,0,,,,,,,,0,0,0,1,"왜관(1904.4~), 철도공사 이전 정주",,1904,,,1904,조선대구일반(1911),"왜관(1904.4~), 철도공사 이전 정주. pp.278~279.",,,,,,,,,조선대구일반(1911) pp.278~279,,조선대구일반(1911) pp.278~279,"왜관(1904.4~), 철도공사 이전 정주",조선대구일반(1911) pp.278~279,,
오쿠무라 지스케,奧村治助,일본인,0,0,,,,,,,,0,0,0,1,왜관 곡물상 5인조,,,,,,조선대구일반(1911),왜관 곡물상 5인조. p.279.,,,,,,,,,조선대구일반(1911) pp.279,,,왜관 곡물상 5인조,조선대구일반(1911) pp.279,,
우메오카 도시오,梅岡敏夫,일본인,0,0,,,,,,,,0,0,0,1,경주 일본인회 회장,,,,,,조선대구일반(1911),경주 일본인회 회장. p.286.,,,,,,,,,조선대구일반(1911) pp.286,,,경주 일본인회 회장,조선대구일반(1911) pp.286,,
하시즈메 요시미,橋詰好,일본인,0,0,,,,,,,,0,0,0,1,"삼랑진 일본인회 회장, 식산사업",,,,,,조선대구일반(1911),"삼랑진 일본인회 회장, 식산사업. p.282.",,,,,,,,,조선대구일반(1911) pp.282,,,"삼랑진 일본인회 회장, 식산사업",조선대구일반(1911) pp.282,,
호리이에 도라조,堀家虎造,일본인,0,0,,,,,,,,0,0,0,1,"한국척식회사 지배인(경산), 전 일본인회 회장, 가가와 현, 전 국회의원",가가와 현,,,가가와 현,,조선대구일반(1911),"한국척식회사 지배인(경산), 전 일본인회 회장, 가가와 현, 전 국회의원. p.277.",,,,,,,,,조선대구일반(1911) pp.277,조선대구일반(1911) pp.277,,"한국척식회사 지배인(경산), 전 일본인회 회장, 가가와 현, 전 국회의원",조선대구일반(1911) pp.277,,
히사노 도시오,久野敏雄,일본인,0,0,,,,,,,,0,0,0,1,"히사노 의원(久野醫院, 동성정) 원장",후쿠오카 현,1907,,후쿠오카 현,1907,조선대구일반(1911),"히사노 의원(久野醫院, 동성정) 원장. 후쿠오카 현 다자이후, 1907.10 대구. pp.248~249.",,,,,,,,,조선대구일반(1911) pp.248~249,조선대구일반(1911) pp.248~249,조선대구일반(1911) pp.248~249,"히사노 의원(久野醫院, 동성정) 원장",조선대구일반(1911) pp.248~249,,
