한글표기,한자표기,대구물어_빈도,재집계_언급수,등장단락수,민단사매칭,안내매칭,요람매칭,조선대구일반매칭,병합된_이표기
이와세 시즈카,岩瀬静,36,164,81,1,1,1,1,이와세 시즈카(岩瀬靜)
오구라 다케노스케,小倉武之助,36,111,44,1,1,1,1,오구라 다케노스케(小倉竹之助); 구표기: 오구라 타케노스케
마스다 도라타,增田虎太,31,100,48,1,1,1,0,마스다 도라타(增田虎田); 마스다(增田) 단독 언급 병합(문맥: 거류민회 평의원 등 도라타 지칭 확인)
박중양,朴重陽,0,98,47,0,0,0,1,출처: 대구물어단체와인물.docx(대구구락부)·조선대구일반 p.288 — 조선인 관리
이토 히로부미,伊藤博文,2,81,46,1,0,0,0,
오키타 스테지로,沖田棄次郎,14,68,29,1,1,0,1,
사카이 만지로,堺萬次郎,15,64,27,1,1,1,1,사카이 만지로(境萬次郎) | 병합: 후지이 만지로(藤井萬次郎)
가와이 아사오,河井朝雄,23,60,35,1,1,1,1,
나카에 고로헤이,中江五郎平,25,60,33,1,1,1,1,나카에 고로헤(中江五郞平); 나카에 고로헤(江五郎平); 나카에 고로헤(中江語郎平)
가게야마 히데키,影山秀樹,8,58,32,1,0,0,1,구표기: 가게마야 히데키
가토 이치로,加藤一郎,16,55,23,1,1,1,1,
도쿠라 소로쿠,戸倉十六,18,53,24,1,0,0,1,
와타나베 히스루,渡邊比,18,47,25,1,1,0,0,와타나베 히스루(渡辺比); 와타나베 히스루(渡邉比)
미와 조테쓰,三輪如鐵,15,44,15,1,1,1,1,미와 조테스(三輪如鐵); 미와 조테쓰(三輪如鉄); 미와(三輪如鐡); 미와 조테쓰(三輪如鐡); 구표기: 미와 조테츠
나카자와 덴노스케,中澤傳之助,16,43,21,1,0,0,1,나카자와 덴노스케(中澤傅之助)
야스마쓰 구마키치,安松熊吉,17,41,22,1,0,1,1,구표기: 야스마쓰 구미키치
히자쓰키 마스키치,膝付益吉,10,40,11,1,1,0,0,히자쓰키 마스키치(膝月益吉); 히자쓰키 마스키치(膝附益吉)
후지나와 분준,藤縄文順,17,38,18,1,1,1,1,후지나와 분준(藤繩文順); 후지나와는 철도의(鐵道醫); 후지나와(鐵道囑託醫)
시부사와 슈조,澁澤周藏,14,36,18,1,0,1,0,
니시모토 민조,西本民城,15,35,17,1,0,0,0,
아오키 시게노부,靑木重信,13,35,22,1,1,1,1,아오키 시게노부(青木重信)
스기하라 신키치,杉原新吉,16,34,18,1,1,1,0,
우치다 로쿠로,内田六郎,16,34,17,1,1,1,1,우치다 로쿠로(內田六郎)
다도코로 유키에,田所幸衛,6,33,13,1,0,0,0,구표기: 다토코로 유키에
마치다 규고,町田久吾,14,32,14,1,1,1,1,마치다 규고(町田久語)
미카지리 주고,三ヶ尻忠吾,0,31,14,0,1,0,0,신규: 다케사부로 양부 — 가나 포함 한자로 정규식 누락
와타나베 무라오,渡邉村男,5,30,17,1,0,1,0,와타나베 무라오(渡辺村男); 와타나베 무라오(渡邊村男)
가미야 도요나리,神谷豐功,10,29,12,1,1,1,1,가미야 도요나리(神谷豊成); 가미야 도요나리(神谷豊功)
기무라 다케타로,木村竹太郎,14,29,14,1,1,1,1,
나카하라 후사이치,中原房一,10,29,13,1,1,1,1,
스다 산페이,須田三平,13,29,15,1,1,0,0,구표기: 스다 산폐이
우지노 도쿠타로,氏野徳太郎,2,28,18,1,0,0,0,
마에카와 도모지,前川知二,10,27,13,1,1,1,1,
시모다 고키치,霜田語吉,12,27,15,1,1,1,1,구표기: 시모타 고키치
쓰치야 히코타로,土屋彦太郎,10,26,13,1,0,0,1,
쓰지 소노지로,辻園次郎,10,25,11,0,0,0,1,
이나모토 신신,稻本新臣,9,24,11,0,1,1,0,이나모토 신진(稲本新臣)
히사미즈 사부로,久水三郎,4,24,14,1,0,0,0,
사키사카 쇼키치,向坂庄吉,9,23,10,1,1,1,0,사키사카 쇼키치(向阪庄吉)
쓰네요시 다다미치,恒吉忠道,4,23,13,1,0,1,0,
마유미 다다시,眞弓忠,9,22,12,1,1,1,0,마유미 다다시(真弓忠)
모리나가 소이치,守永宗一,10,22,9,1,1,0,1,모리나가 소이치(森永宗一); 모리나가 소이치(守泳宗一); 모리나가 소이치(有永宗一)
가와카미 쓰네오,川上常郎,9,21,12,1,0,1,1,가와카미 쓰네오(川崎常郎); 쓰네오
구로카와 엔지,黒川圓治,10,21,10,1,0,1,0,구로카와 엔지(黒川園次)
기도 다다지로,城戸唯次郎,10,21,10,1,1,1,1,기도 다다지로(城戶唯治郎); 기도 다다지로(城戶唯次郞)
오카모토 리헤이,岡本利平,5,21,13,1,0,0,0,구표기: 오카모토 리헤
시라타 신스케,白田新助,8,20,8,1,1,1,1,구표기: 시로타 신스케
오노 미네지로,大野峯次郎,9,20,11,1,0,1,0,오노 미네지로(大野峰次郎)
다케카와 세이지,武川盛次,5,19,6,1,0,0,0,
마쓰시타 나오미,松下直美,6,19,10,1,0,1,0,마쓰시타 나오미(松下直実)
마쓰모토 시게마사,松本繁正,2,18,4,1,1,1,0,
사이토 요시조,齋藤芳造,7,18,11,1,0,1,0,사이토 요시조(斎藤芳造); 사이토 요시조(齊藤芳造)
스즈키 히사지로,鈴木久次郎,8,18,6,0,0,0,0,
이노우에 소노스케,井上宗之助,5,18,7,1,0,0,0,이노우에 소노스케(井上宗之介)
후쿠나가 도쿠지로,福永徳治郎,8,18,8,1,0,0,0,후쿠나가 도쿠지로(福永徳次郎); 후쿠나가 도쿠지로(福泳徳次郎)
가미모리 겐자부로,神守源三郎,5,17,6,1,0,0,0,가미모리 겐자부로(神守源三郞)
기쿠치 슈덴,菊池主殿,4,17,12,0,0,0,0,
사카모토 도시스케,坂本俊資,8,17,7,1,0,1,0,구표기: 사카모토 준스케
이노우에 다쓰지로,井上達次郎,8,17,9,1,0,0,0,이노우에 다쓰지로(井上達次郞)
후쿠치 기사쿠,福地義作,5,17,9,1,0,1,0,후쿠치 요시사쿠(福地吉作)
나가이 고타로,永井幸太郎,6,16,8,1,1,1,1,나가이 고타로(永井幸太郞); 나가이 고타로(永井辛太郎)
마쓰모토 세이이치,松本誠一,7,16,9,1,1,1,0,
오카모토 마사오,岡本正夫,4,16,9,0,0,0,0,
이토 모토타로,伊藤元太郎,2,16,7,0,0,0,0,
고다마 이타로,小玉伊太郎,2,15,4,1,0,1,0, | 병합: 고타마 이타로(兒玉伊太郎)
사토 슈조,佐藤周藏,7,15,8,1,1,1,1,
샤쿠오 슌조,釋尾春仍,4,15,6,1,1,1,0,샤쿠오 슌조(釋尾春芿)
이용익,李容翊,0,15,8,1,1,0,0,신규: 경상도관찰사·탁지부 — 검증시트 누락 반영
이즈미 스에지,泉末治,7,15,8,1,0,0,0,
노사카,野坂,0,14,7,0,0,0,0,"신규: 조선민보 관계(단락 1088~1092·1141·1161·1387) — 풀네임 불명, 2차 검증 누락 반영"
소네 아라스케,曾禰荒助,2,14,9,1,0,1,0,
아사노 세이치,麻野清一,3,14,11,1,1,1,0,
이충구,李忠求,1,14,8,1,0,0,0,
하세가와 요시미치,長谷川好道,5,14,8,0,0,1,0,하세가와(長谷川); 하세가와 요시미쓰(長谷川好道)
마키노 슈,牧野周,0,13,5,0,0,0,1,출처: 대구물어단체와인물.docx(대구구락부)·조선대구일반 p.120 — 병기 부재로 정규식 누락 추정
이노우에 쓰네나오,井上常直,6,13,5,1,0,1,0,구표기: 이노우에 쓰네타다
하타모토 기헤이,畑本儀平,4,13,6,1,1,1,1,
니시자와 사토루,西澤智,3,12,8,1,0,1,0,
미카지리 다케사부로,三ヶ尻武三郎,0,12,6,0,0,0,0,신규: 민회의원 — 가나 포함 한자로 정규식 누락
송병준,宋秉畯,0,12,9,0,0,0,0,신규: 농상공부대신·일진회 — 검증시트 누락 반영
오이케 주스케,大池忠助,3,12,4,0,0,0,0,
오카다 기하치,岡田二郎,4,12,4,0,1,0,0,오카다 지로(岡田二郞) | 병합: 오카다 기하치(岡田喜八) | 병합: 오카다 기하치로(岡田喜八郎)
요시다 주이치로,吉田壽一郎,6,12,6,1,0,0,0,
이시이 미쓰오,石井光雄,5,12,6,1,0,0,0,
이케가미 시로,池上四郎,5,12,7,1,0,1,0,
마쓰무라 다이스케,松村泰輔,4,11,6,1,0,0,0,
서상돈,徐相敦,0,11,7,1,1,0,0,신규: 대구 자산가·국채보상운동
아리타 오토마쓰,有田音松,1,11,4,0,0,0,0,
아와타 에이지로,粟田英次郎,4,11,4,0,0,0,0,아와타 에이지로(栗田英次郎)
와카바야시 세이스케,若林誠助,4,11,6,1,1,1,0,와카바야시 세이스케(若林清助)
후루쇼 모토사네,古荘幹實,5,11,6,1,0,1,0,후루쇼 모토사네(古莊幹實)
다케우치 마키타로,竹内巻太郎,4,10,6,0,0,1,0,
도리야마 고야타,鳥山虎彌太,4,10,6,0,0,0,0,도리야마 고야타(鳥山虎也太)
도이 요타로,土井庸太郎,3,10,7,1,0,1,0,
메가타 다네타로,目賀田種太郎,5,10,5,1,0,0,0,메가타 다네타로(目賀田種太郞); 메가타(目賀田)
시부사와 에이치,澁澤榮一,1,10,3,0,0,0,0,
오자키 시즈오,尾崎鎭雄,4,10,5,1,0,1,0,
하야시 진시치,林甚七,4,10,6,1,0,1,0,
고미야 히코지,小宮彦次,4,9,5,1,0,1,0,고미야 히코지(小宮彥次)
구로카와 미노루,黒川穰,1,9,6,1,0,1,0,
구와노 긴타로,桑野金太郎,4,9,4,0,1,1,0,
마에다 아쓰시,前田篤志,4,9,4,1,0,0,0,구표기: 마에다 오쓰시
박제순,朴齊純,0,9,5,0,0,0,0,신규: 참정대신 — 검증시트 누락 반영
오키타 도시타로,沖田敏太郎,4,9,2,0,0,0,0,
이완용,李完用,0,9,8,1,0,0,0,신규: 학부대신·총리대신 — 검증시트 누락 반영
히시키 히데이치,飛鋪秀一,3,9,4,0,0,1,0,
나카무라 사이조,中村再造,3,8,3,0,0,0,0,
나카무라 헤이시로,中村平四郎,4,8,4,0,0,0,1,
나카오지 마사오,中大路正雄,3,8,5,1,0,0,0,
노세 다쓰고로,能勢辰五郎,2,8,4,1,0,0,1,
도쿠히사 요네조,德久米藏,4,8,4,1,0,0,0,도쿠히사 요네조(徳久米蔵)
미와 야키치,三輪彌吉,4,8,4,0,0,0,0,
아쿠타가와 다다시,野田正,1,8,1,0,1,0,0, | 병합: 아쿠타가와 다다시(芥川正)
야마다 야헤이지,山田彌平治,4,8,4,0,0,0,0,
와타나베 스이사이,渡邊水哉,2,8,4,0,0,1,0,
요시다 사시치,吉田佐七,4,8,4,1,1,1,0,
요시다 유로쿠로,吉田雄六郎,3,8,5,0,0,0,0,
우에다 겐스케,上田謙助,4,8,4,1,0,1,1,
이노 히데스케,井野英助,4,8,4,1,0,0,0,
이석진,李錫珍,0,8,4,1,0,1,0,신규: 단락 693
이토 기치사부로,伊藤吉三郎,2,8,4,1,1,1,0,
이토 쓰네조,伊藤恆藏,2,8,2,1,0,0,0,이토 쓰네조(伊藤恒蔵)
마루야마 시게토시,丸山重俊,3,7,4,0,0,0,0,
세노 히사타로,妹尾久太郎,3,7,4,0,0,0,0,
소가와 유타카,祖川豊,2,7,3,0,0,0,0,
아카시 오토키치,明石音吉,3,7,3,0,1,1,0,
오치 와스케,越智和助,2,7,4,0,0,1,0,
유아사 히데토미,湯浅秀富,3,7,4,1,0,0,0,유아사 히데토미(湯淺秀富)
이근호,李根浩,0,7,3,1,0,0,0,신규: 관찰사(본문 440 열거)
하자마 후사타로,迫間房太郎,2,7,2,0,0,0,0,
히와타시 세이에이,樋渡淸榮,3,7,3,0,0,0,0,히와타시 세이에이(樋渡清栄)
기우치 주시로,木内重四郎,3,6,3,0,0,0,0,
다무라 곤조,田村權藏,2,6,2,1,0,0,0,
도쿠라 기이치,戸倉貴一,3,6,3,0,0,0,0,
미쓰하시 에이타로,三橋栄太郎,1,6,3,1,0,1,0,
사이고 다카모리,西郷隆盛,2,6,4,0,1,0,0,
세노 히로키치,妹尾廣吉,3,6,3,0,0,0,0,
스즈키 다케시,鈴木赳,3,6,3,0,0,0,0,
시노하라 가나메,篠原要,3,6,3,0,1,0,0,
시바타 지요키치,柴田千代吉,2,6,3,0,0,1,0,
아라이 겐타로,荒井賢太郎,3,6,3,0,0,0,0,
아리마 고코,有馬髙孝,1,6,2,0,0,0,0,
아리스가와노미야 다케히토,有栖川宮威仁,1,6,4,1,0,0,0, | 병합: 가와노미야 다케히토(有栖川宮威仁)
야기 다쓰마,八木辰馬,3,6,3,0,1,0,0,
야마지 조이치,山道襄一,2,6,3,0,0,0,0,
오바 지로키치,大塲治郎吉,3,6,3,0,0,0,0,오바 지로키치(大場次郎吉)
오쿠보 다사부로,大久保太三郎,3,6,3,0,1,0,0,
오쿠보 하지메,大久保肇,3,6,3,0,1,0,0,
요다 고타로,依田廣太郎,3,6,3,0,0,0,0,
요시하라 군타로,吉原軍太郎,3,6,3,0,1,1,0,
우라하마 야스타로,浦濱安太郎,2,6,2,0,0,0,0,
우에다 고쿠초,上田黒潮,2,6,2,0,1,0,0,
이다 아키라,飯田章,2,6,4,1,0,0,0,
이즈카 쇼이치,飯束昇一,2,6,1,1,0,0,0,
가야모리 세이타로,柏森精太郎,2,5,3,0,0,0,0, | 병합: 가야모리 세이타로(栢森精太郎)
고우라 도노마루,高羅殿丸,3,5,4,0,0,0,0,
기쿠치 겐조,菊池謙譲,2,5,3,1,0,0,0,
나가에 요시마사,長泳義正,2,5,2,0,0,0,0,나가히 요시마사(長氷義正)
나카기리 하루타로,中桐春太郎,2,5,3,0,0,0,0,
나카무라 기이치,中村喜一,2,5,2,0,1,0,0,
니시야마 쓰루키치,西山鶴吉,2,5,2,0,0,0,0,
니시야마 유스케,西山熊助,2,5,2,0,0,0,0,
모리야 다쓰조,守屋達城,1,5,3,0,0,0,0,
사카모토 준,坂本淳,0,5,2,0,0,0,1,출처: 조선대구일반 p.120 — 1907 대구실업신문 인수 시도
사토 겐쇼,佐藤玄性,2,5,2,1,0,1,0,
서병오,徐丙五,2,5,3,1,0,0,0,
스즈키 하치로,鈴木八郎,2,5,3,0,0,1,0,
시모즈 사부로,下津三郎,1,5,2,1,1,1,1,
시오카와 이치타로,鹽川一太郎,2,5,3,1,0,0,0,
아리요시 아키라,有吉明,1,5,2,1,0,0,0,
야기 마쓰다로,八木松太郎,4,5,4,0,0,0,0,
야마와키 쇼사쿠,山脇正作,2,5,2,0,1,0,0,
오노 쇼자부로,大野庄三郎,2,5,2,0,0,0,0,
윤필오,尹弼五,1,5,3,1,1,0,0,
이사와 이와헤이,井澤岩平,2,5,3,0,0,0,0,
이윤용,李允用,0,5,2,1,0,0,0,신규: 관찰사(본문 440 열거)
이쿠하시 요네사부로,生橋米三郎,1,5,3,0,0,0,0, | 병합: 이쿠하시 요네지로(生橋米次郎)
하라타 다카히로,原田隆弘,1,5,1,1,0,0,0,
하야시 곤스케,林権助,2,5,3,0,0,0,0,하야시 곤스케(林權助)
하야시 다다스,林董,0,5,2,0,0,0,0,신규: 외무대신(단락 849)
한진창,韓鎭昌,0,5,2,1,0,0,0,신규: 관찰사(본문 440 열거)
후시미노미야 히로야스,伏見宮博恭,1,5,2,0,0,0,0,
후쿠타케 쇼조,福武庄藏,2,5,3,0,1,1,0,
가도타 기쿠,門田菊,1,4,2,0,1,0,0,
가와시마 규에몬,川島久右衛門,2,4,2,0,1,0,0,
고라 요시마루,高羅吉丸,1,4,3,0,0,0,0,
고미야 미호마쓰,小宮三保松,2,4,2,0,0,0,0,
고야마 시치로,小山七郎,2,4,2,0,0,0,0,
고쿠부,国分,0,4,2,0,0,0,0,신규: 통감부 비서관(단락 817·908)
구노 주키치,久納忠吉,1,4,1,0,0,0,0,
구라토미 유자부로,倉富勇三郎,2,4,2,0,0,0,0,
기쿠카와 게이운,菊川渓雲,2,4,2,1,0,0,0,
나가에 후쿠조,長永福藏,1,4,2,0,0,0,0,
나가타 기겐,永田儀源,1,4,1,0,0,0,0,
나가하마 모리조,永濱盛三,2,4,2,0,0,0,0,
나마타메 신,生田目新,1,4,2,0,0,0,0,
나카니시 다몬,中西多門,2,4,2,0,1,0,0,
나카모토 가타로,中本嘉太郎,2,4,2,0,0,0,0,
나카무라 다카나오,中村敬直,2,4,2,0,0,0,0,
나카무라 도시마쓰,中村俊松,1,4,1,0,0,1,0,
나카이데 세이타로,中出清太郎,1,4,1,0,0,1,1,
나카타 사부로,中田三郎,2,4,2,0,0,0,0,
난부 센조,南部専三,1,4,1,0,0,0,0,
다나카 가나메,田中要,1,4,2,0,0,0,0,
다나카 나라키치,田中奈良吉,2,4,2,0,1,0,0,
다나카 요시하루,田中芳春,2,4,2,0,0,1,0,
다무라 도미조,田村富藏,2,4,2,1,0,1,0,
다와라 마고이치,俵孫一,2,4,2,0,0,0,0,
다카시마 고하치,高島五八,2,4,2,0,0,0,0,
다키하라 기타로,瀧原儀太郎,2,4,2,1,0,0,0,
데라카와 산조,寺川三藏,2,4,2,0,0,0,0,
도요타 슌스케,豊田俊助,2,4,2,0,0,0,0,도요타 슌스케(豐田俊助)
도카노 시게오,戸叶薫雄,2,4,2,0,0,0,0,
마쓰다 만로쿠,松田萬六,1,4,1,1,0,0,0,
마쓰이 시게루,松井茂,2,4,2,0,0,0,0,
마에자와 마사미,前澤成美,2,4,2,0,0,0,0,
마키 신이치,眞木深一,2,4,2,0,1,0,0,
모리우라 구마조,森浦熊藏,2,4,2,0,0,0,0,
무라타,村田,0,4,2,1,1,0,0,신규: 소장 — 이토 통감 수행(단락 908·1234)
사사모토 레이도,佐々本霊導,2,4,2,0,0,0,0,사사모토 레이도(佐々本靈導)
사사키 기요쓰나,佐々木清綱,1,4,1,0,0,0,0,
사사키 이치조,佐々木市臧,2,4,2,0,0,1,0,사사키 이치조(佐之木市藏)
사토 료헤이,佐藤良平,2,4,2,0,1,1,0,
세노 에이타로,妹尾英太郎,2,4,2,0,0,0,0,세노 에이타로(妹尾英太郞)
스기타 데이치,杉田定一,1,4,2,0,0,0,0,
스즈키 젠시치,鈴木善七,1,4,1,0,0,0,0,
스토 시즈야,首蕂諍也,1,4,1,0,0,0,0,
시게히사 유히코,重久雄彦,2,4,2,0,0,0,0,
시마다 시즈카,島田歸,1,4,1,0,0,0,0,
시마다 후미노스케,島田文之助,2,4,2,1,0,0,0,
시모조 에이타로,下條榮太郎,2,4,2,0,0,0,0,
시미즈 도쿠타로,清水徳太郎,2,4,2,0,1,0,0,
쓰루하라 사다키치,鶴原定吉,2,4,2,0,0,0,0,
아카호시 조조,赤星譲三,2,4,2,0,1,0,0,아카호시 조조(赤星讓三)
야마다 시게루,山田茂,2,4,2,0,0,0,0,
야마자키 가도요시,山崎角吉,2,4,2,0,0,1,0,
야스카와 와사부로,安川和三郎,2,4,2,1,0,1,0,
야하시 간이치로,矢橋寛一郎,1,4,1,0,0,0,0,
오다 센,織田選,0,4,2,0,0,0,0,신규: 단락 452
오치 치에코,,0,4,2,0,0,0,0,출처: 대구물어단체와인물.docx(대구소학교) — 한자 미상
오카모토 우이치,岡本宇一,2,4,2,0,1,0,0,
오카무라 마사오,岡村正雄,2,4,2,0,1,0,0,
오하타 조,大畠丞,0,4,2,0,0,0,0,신규: 단락 452
와다 유지,和田雄次,1,4,2,0,0,0,0,
와케 헤이지로,和氣平次郎,2,4,2,1,0,1,0,와키 헤이지로(和気平次郎)
요시미 젠이치,好見善市,1,4,1,0,0,0,0,
우메 겐지로,梅謙二郎,1,4,2,0,0,0,0,
우쓰노미야 젠이치,宇都宮善市,2,4,1,0,0,0,0,우쓰노미야(宇都宮)
우에다 기사부로,上田義三郎,2,4,2,0,0,0,0,우에다 기사부로(上田儀三郎)
우에다 요시오,上田義雄,2,4,1,0,1,1,0,
우에무라 린타로,植村臨太郎,2,4,2,0,0,0,0,
이병학,,0,4,3,1,1,1,0,"신규: 농공은행장(단락 401·1185·1229) — 한자 미상, 검증표본 판정 반영"
이상설,李相卨,0,4,2,0,0,0,0,신규: 헤이그 밀사 — 검증시트 누락 반영
이시카와 구스지로,石川楠次郎,2,4,2,0,0,0,0,
이우라 요시히사,井浦義久,2,4,2,0,0,0,0,
정해붕,鄭海鵬,0,4,4,1,1,0,0,신규: 대구 자산가(단락 245·895·1185·1229) — 2차 검증 누락 반영
하라다 리베,原田利兵衛,1,4,1,0,0,0,0,
하세가와 야소키치,長谷川八十吉,2,4,2,0,0,0,0,
호시노 미쓰키,星野光鬼,1,4,1,0,0,0,0,
후루야 사다조,古屋貞蔵,2,4,2,0,0,0,0,후루야 사다조(古屋貞藏)
후루야 지스케,古谷治輔,2,4,2,0,1,1,0,
후루카와 분노스케,古川文之助,2,4,1,1,1,1,1,
후카와 고테쓰,府川宏哲,2,4,2,0,0,1,0,
히로에 사와지로,廣江澤次郎,1,4,1,0,0,0,0,
히메노 다로지,姫野太郎次,1,4,3,0,0,0,0,
가나모리 리키자부로,金森力三郎,1,3,1,1,0,0,0,
가쓰라 다로,桂太郎,0,3,3,0,0,0,0,신규: 육군대장(단락 412·900)
고가 쇼지,古賀省二,1,3,1,0,0,0,0,
고영희,高永喜,0,3,3,0,0,0,0,신규: 탁지부대신 — 2차 검증 누락 반영
구보타 고로,窪田梧樓,0,3,1,0,0,0,0,신규: 변호사(단락 464)
구보타 베이센,久保田米僊,1,3,1,0,0,0,0,
김직현,金稷鉉,0,3,2,1,0,0,0,"신규: 관찰사(1899.2~1900.7, 대구부사 부록) — 대구물어 표기 이직현(李稷絃)은 이표기(사용자 확정 2026-07-09)"
나가타니 다카시,永谷隆志,1,3,2,1,0,0,0,
노구치 히로키,野口弘毅,1,3,1,0,0,0,0,
다니 히코이치,谷彦一,1,3,2,0,0,0,0,
데와 시게토,出羽重遠,1,3,1,0,0,0,0,
도고 헤이하치로,東郷平八郎,0,3,3,0,0,0,0,신규: 해군대장(단락 108·336·900)
도야마 요타로,富山要太郎,1,3,2,0,0,0,0,
마키 노우지,牧農治,1,3,1,0,0,0,0,
미와 미쓰기,三輪光儀,1,3,2,0,0,1,0,
미우라 쇼이치로,三浦庄一郎,1,3,2,1,0,1,0,
사사키 마사,佐々木昌,1,3,1,0,0,0,0,
사카타 분키치,阪田文吉,1,3,2,0,0,0,0,
사토 이사부로,佐藤伊三郎,1,3,1,0,1,1,0,
시노하라 이마시로,篠原今四郎,1,3,1,0,0,0,0,
신태휴,申泰休,0,3,2,1,0,0,0,신규: 관찰사(본문 440 열거)
아다치 겐조,安達堅造,1,3,2,0,1,0,0,
아리요시 주이치,有吉忠一,1,3,2,0,0,0,0,
엄성구,嚴星九,1,3,2,0,0,0,0,
오바 간이치,大庭貫一,1,3,1,0,0,0,0,
오우라 다스케,大浦佐,1,3,2,0,0,0,0,
오카무라 하쓰노스케,岡村初之助,1,3,1,0,0,0,0,
오카우메 사부로,岡楳三郎,1,3,1,0,0,0,0,
오카키 시치로,岡喜七郎,2,3,2,0,0,0,0,
오하시 마쓰다로,大橋松太郎,1,3,1,0,0,0,0,
요시다 다카모토,吉田孝基,1,3,1,0,0,0,0,
요시오카 다다이치,吉岡唯一,1,3,1,0,0,0,0,
우치야마 요네타로,内山米太郎,1,3,2,0,0,0,0,
이노우에 요시리,井上義理,1,3,1,0,0,0,0,
이병무,李秉武,0,3,3,0,0,0,0,신규: 군부대신 — 2차 검증 누락 반영
이와쿠라 도모사다,岩倉具定,1,3,2,0,0,0,0,
이위종,李瑋鍾,0,3,2,0,0,0,0,신규: 헤이그 밀사 — 검증시트 누락 반영
이준,李儁,0,3,2,0,0,0,0,신규: 헤이그 밀사 — 검증시트 누락 반영
이케베 기치주로,池辺吉十郎,1,3,1,0,0,0,0,
장승원,張承遠,0,3,2,0,0,0,0,신규: 관찰사(본문 440 열거)
하루노미야 요시히토,嘉仁,0,3,2,0,0,0,0,신규: 일본 황태자(후일 다이쇼 천황)
후쿠타 가쿠헤이,福田覺平,1,3,1,0,0,1,0,
히타카 사이지,日高才二,1,3,2,0,0,0,0,
가네미쓰 우헤이,兼光宇兵衛,1,2,1,0,0,0,0,
가네코 기이치,金子毅一,1,2,1,0,0,0,0,
가도치 가나,角地カナ,0,2,1,0,0,0,0,신규: 갑진회(단락 344) — 가나 이름
가메야마 리헤타로,龜山利平太,1,2,1,0,0,0,0,
가미무라 나오치카,上村直親,1,2,1,0,0,0,0,
가미야 아이키,神谷愛鄉,1,2,1,0,0,0,0,
가미타니 겐지로,神谷顯治郎,1,2,1,0,0,0,0,
가사하라 사토시,笠原覺巿,1,2,1,0,0,0,0,
가시마 쇼키치,花島庄吉,1,2,1,0,0,0,0,
가와구치 유키치,河口又吉,1,2,1,0,0,1,0,
가와노 데쓰지로,河野鐵次郎,1,2,1,0,0,0,0,
가와무라 기사부로,河村義三郎,1,2,1,0,0,0,0,
가와미치 노부타쓰,川滿布建,1,2,1,0,0,0,0,
가와카쓰 우메키치,川勝梅吉,1,2,1,0,0,0,0,
가즈 요시타로,紀芳太郎,1,2,1,0,0,0,0,
가토 지카,加藤千賀,1,2,1,0,0,0,0,
고가 이사무,古賀勇,1,2,1,0,0,0,0,
고다이라 에이키치,小平英吉,1,2,1,0,0,0,0,
고미 잇페이,五味逸平,1,2,1,0,0,0,0,
고야마(이토 수행원),小山,0,2,1,0,1,1,1,신규: 이토 통감 수행(단락 908) — 고야마 시치로와 별개(사용자 확인)
고영근,高永根,0,2,1,0,0,0,0,신규: 우범선 암살(단락 135)
고즈마 도시히데,高妻俊秀,1,2,1,0,0,0,0,
고지마 구마노조,小島熊之丞,1,2,1,0,0,0,0,
고토 요시쓰구,後藤善次,1,2,1,0,0,0,0,
고토 진키치,五島甚吉,1,2,1,0,0,0,0,
곤도 렌페이,近藤廉平,1,2,1,0,0,0,0,
구니노주 긴지로,國の十金次郎,0,2,1,0,0,0,0,신규: 단락 737 — 예명 추정
구니히로 게이치,國廣慶一,1,2,1,0,0,0,0,
구니히로 마코토,國廣誠,1,2,1,0,0,0,0,
구도 도시오,工藤敏夫,1,2,1,0,0,0,0,
구도 주스케,工藤忠助,1,2,1,0,0,0,0,
구로노 기요쓰구,黑野喜代次,1,2,1,0,0,0,0,
구스카케 다니지로,沓谷次郎,1,2,1,0,0,0,0,
기리오카 긴조,桐岡金三,1,2,1,0,0,0,0,
기무라 오시로,木村大代,1,2,1,0,0,0,0,
기시모토 기미,岸本キミ,0,2,1,0,0,0,0,신규: 소학교 수상자(단락 1301)
기쿠치 나가후,菊池長風,1,2,1,0,0,0,0,
기타가와 지헤이,北川治兵衛,1,2,1,0,0,0,0,
기타무라 도시오,北村俊男,1,2,1,0,0,0,0,
김백여,金柏汝,0,2,1,0,0,0,0,신규: 소학교 수상자(단락 707)
나가노 다카이치,長野高一,1,2,1,0,0,0,0,
나베시마 게이지로,鍋島桂次郎,1,2,1,0,0,0,0,
나이토,内藤,0,2,1,1,0,0,0,신규: 부관(단락 908)
나카가와 다헤이,中川太平,1,2,1,0,0,0,0,
나카무라 신로쿠,中牟田辰六,1,2,1,0,0,0,0,
나카쓰카 로쿠스케,中塚六助,1,2,1,0,1,0,0,
나카야마 만조,中山萬三,1,2,1,0,0,0,0,
나카야마 히사키치,中山久吉,1,2,1,0,0,0,0,
나카에 도미주로,中江富十郎,1,2,1,1,0,1,1,
나카이 긴조,中井金城,1,2,1,0,0,0,0,
노다 헤이지로,野田平次郎,1,2,1,0,0,0,0,
노다 히코지로,野田彥次郎,1,2,1,0,0,0,0,
노무라 후사요시,野村房吉,1,2,1,0,0,0,0,
노시마 스스무,能島進,1,2,1,0,0,0,0,
니노미야 규지,二宮久次,1,2,1,0,0,0,0,
니시모토 온키치,西本音吉,1,2,1,0,0,0,0,
니시무라 다케지로,西村竹次郎,1,2,1,0,0,0,0,
니시무라 우이치로,西村右一郎,1,2,1,0,0,0,0,
니시바야시 준스케,西林純助,1,2,1,0,0,0,0,
니시야마 쓰네,西山ツネ,0,2,1,0,0,0,0,신규: 단락 795
니시야마 주스케,西山重助,1,2,1,0,0,0,0,
니타니 마쓰스케,新谷松助,1,2,1,1,0,0,0,
다나카 준지,田中順次,1,2,1,0,0,0,0,
다나카 후지타로,田中藤太郎,1,2,1,0,0,0,0,
다니구치 세이노스케,谷口清之助,1,2,1,0,0,0,0,
다카누키 세이치,高貫政一,1,2,1,0,0,0,0,
다카다 신보,高田信豐,1,2,1,0,0,0,0,
다카마쓰 요시에,高松芳江,1,2,1,0,0,0,0,
다카야마 히데오,高山英男,1,2,1,0,0,0,0,
다카키 신지,高木信二,1,2,1,0,0,0,0,
다카하시 우스케,高橋卯助,1,2,1,0,0,1,0,
다케우치 가이치로,竹内嘉一郎,1,2,1,0,0,0,0,
다케우치 도라조,竹內寅造,1,2,1,0,0,0,0,
다케자키 로쿠지로,竹崎六次郎,0,2,1,1,0,1,0,신규: 대구 부윤(단락 889) — 2차 검증 누락 반영(사용자 확인)
다케카와 조,武川チョ,0,2,1,0,0,0,0,신규: 소학교 수상자(단락 1299)
다키타 기누조,田北網,1,2,1,0,0,0,0,
다테시마 료사부로,立島領三郎,1,2,1,0,0,0,0,
도미타 이타루,富田格,1,2,1,0,0,0,0,
도요타 게이조,豐田敬藏,1,2,1,0,0,0,0,
도조 쇼헤이,東條正平,1,2,1,0,1,1,0,
류 고키치,龍浩吉,0,2,1,0,0,0,0,신규: 단락 368 이와세 일파 — 검증표본 판정 반영
마스다 노부유키,增田信之,1,2,1,0,0,0,0,
마쓰나가 후사시치,松永房七,1,2,1,0,0,0,0,
마쓰다 신페이,松田眞平,1,2,1,0,0,0,0,
마쓰다 젠에이,松田善衛,1,2,1,0,0,0,0,
마쓰모토 다카쓰구,松本孝次,1,2,1,0,0,0,0,
마쓰시타 나오히데,松下直英,1,2,1,0,0,0,0,
마쓰오 이와키치,松尾岩吉,1,2,1,0,0,0,0,
마쓰이 사다요시,松井貞義,1,2,1,0,0,0,0,
마쓰이 이치타로,松井市太郎,0,2,1,0,0,1,0,신규: 팔조회(단락 339)
마치다 사타오,町田佐太夫,1,2,1,0,0,0,0,
마키 준이치로,牧純淳一郎,1,2,1,0,0,0,0,
모로네 젠조,諸根善藏,1,2,1,0,0,0,0,
모리모토 도네쓰키,森本都音樹,1,2,1,0,1,0,0,
모리모토 마사타로,森本政太郎,1,2,1,0,0,0,0,
모리사키 시카마쓰,森崎鹿松,1,2,1,0,0,1,0,
모리타 로쿠오,守田六男,1,2,1,1,0,1,0,
모모하라 야오조,桃原八百造,1,2,1,0,0,0,0,
모쿠자키 야소하치,目崎八十八,1,2,1,0,0,0,0,
무라마쓰 스케유키,村松祐之,1,2,1,0,0,0,0,
무라오카 시게루,村岡茂,1,2,1,0,0,0,0,
무라오카 후데타로,村岡筆太郎,1,2,1,0,0,0,0,
무라카미 도모요시,村上知義,1,2,1,0,0,0,0,
무라카와 가이치,村川嘉一,1,2,1,0,1,0,0,
무로타 요시부미,室田義文,1,2,1,0,0,0,0,
무카이 도모키치,向井友吉,1,2,1,0,0,0,0,
무타,牟田,0,2,1,1,1,1,0,신규: 참모장(단락 908)
미네 하치로,嶺八郎,1,2,1,0,0,0,0,
미네키시 시게타로,峰岸繁太郎,1,2,1,0,0,0,0,
미사와 도시오,三澤俊雄,1,2,1,0,0,0,0,
미사와 마사오,三澤昌雄,1,2,1,0,0,0,0,
미쓰나리 도모사부로,光成友三郎,1,2,1,0,0,1,0,
미야마 요시노스케,三山芳之助,1,2,1,0,0,0,0,
미야오카,宮岡,0,2,1,0,0,0,0,신규: 이토 통감 수행(단락 908)
미야이 마사카즈,宮井正一,1,2,1,0,0,1,0,
미야자키 고쿠조,宮崎穀造,1,2,1,0,0,0,0,
미야케 아키타로,三宅明太郎,1,2,1,0,0,0,0,
미와 노부오,三輪伸雄,1,2,1,0,0,0,0,
미와 유리,三輪ユリ,0,2,1,0,0,0,0,신규: 소학교 수상자(단락 1305)
미즈타 야스지로,水田安次郎,1,2,1,0,0,0,0,
미하라 나오유키,三原直之,1,2,1,0,0,0,0,
미하시 지요타로,三橋千代太郎,1,2,1,0,0,0,0,
민영직,閔泳直,1,2,1,0,0,0,0,
박성초,朴成初,1,2,1,0,0,0,0,
박영효,朴泳孝,0,2,2,0,0,0,0,신규: 후작 — 2차 검증 누락 반영
박준효,朴準孝,1,2,1,1,0,0,0,
백남준,白南俊,0,2,1,0,0,0,0,신규: 관찰사 참서관(단락 763)
사사마 조,笹間定,0,2,1,0,0,0,0,신규: 단락 737
사에키 히코이치,佐伯彦一,1,2,1,0,0,1,0,
사이토 소시로,齋藤宗四郎,1,2,1,1,0,0,0,
사이토 쇼자부로,齋藤庄三郎,1,2,1,1,0,0,0,
사이토 헤이키치,斎藤兵吉,1,2,1,0,0,0,0,
사카마키 기쿠노조,酒巻菊之丞,1,2,1,0,0,1,0,
사카이 가네키치,堺兼吉,1,2,1,0,0,1,0,
사카이 사쿠조,酒井作藏,1,2,1,0,0,0,0,
사코 우타코,酒匂歌子,1,2,1,0,0,0,0,
사토 스스무,佐藤進,1,2,1,0,0,0,0,
센가 다마키,千賀環,1,2,1,0,0,0,0,
손문옥,孫文玉,0,2,1,0,0,0,0,신규: 소학교 수상자(단락 708)
스기하라 조타로,杉原長太郎,1,2,1,0,0,0,0,
스에마쓰 겐초,末松謙澄,1,2,1,0,0,0,0,
스에마쓰 긴지로,末松金次郎,1,2,1,0,0,0,0,
스에이시 모스케,末石茂助,1,2,1,0,0,0,0,
스에자와 요이치,末澤與市,1,2,1,0,0,0,0,
스즈키 이리시게,鈴木入重,1,2,1,0,0,0,0,
시가 주코,志賀重昂,1,2,1,0,0,0,1,
시모바야시 야스타케,下林保武,1,2,1,0,0,0,0,
시모조 효자부로,下條兵三郎,1,2,1,0,0,0,0,
시타가와 하루,下川ハル,0,2,1,0,0,0,0,신규: 단락 795
쓰치다 준사쿠,土田順作,1,2,1,0,0,0,0,
쓰치야 시게사쿠,土屋重作,1,2,1,0,0,0,0,
쓰카하라 보쿠덴,塚原卜傳,1,2,1,0,0,0,0,
아다치 다키지로,足立瀧二郎,1,2,1,0,0,0,0,
아베 기노스케,安部喜之助,1,2,1,0,0,0,0,
아베 도시로,阿部藤四郎,1,2,1,0,0,0,0,
아오누마 규이치로,青沼九一郎,1,2,1,0,0,0,0,
아오누마 쇼타,青沼勝太,1,2,1,0,0,0,0,
아오시마 구메조,青島久米造,1,2,1,0,0,0,0,
아카시 세이,明石セイ,0,2,1,0,0,0,0,"신규: 소학교 수상자(단락 1307) — 아카시 세이코와 동일인 가능성, 확인 필요"
아카시 세이코,,0,2,1,0,0,0,0,출처: 대구물어단체와인물.docx(대구소학교) — 한자 미상
아카시 야스이치로,赤司安一郎,1,2,1,0,0,0,0,
아카쿠라 야타로,赤倉彌太郎,1,2,1,0,0,0,0,
아키모토 세이타로,秋本政太郎,1,2,1,0,0,0,0,
아키야마 시카렌,秋山鹿連,1,2,1,0,0,0,0,
안노 세이,安武セイ,0,2,1,0,0,0,0,신규: 소학교 수상자(단락 1309)
안도 마사지로,安藤正次郎,1,2,1,1,0,0,0,
야마가미 사다나오,山上定直,1,2,1,0,0,0,0,
야마네 마사지,山根政治,1,2,1,0,0,0,0,
야마노 우에쿠니,,0,2,1,0,0,0,0,출처: 대구물어단체와인물.docx(대구소학교) — 한자 미상
야마다 고지,山田孝次,1,2,1,0,0,1,0,
야마다 기쿠지로,山田菊次郎,1,2,1,0,1,1,0,
야마다 사다카즈,山田貞一,1,2,1,0,0,0,0,
야마다 슈조,山田周藏,1,2,1,0,0,0,0,
야마다 신타로,山田信太朗,1,2,1,0,0,0,0,
야마다 우메지로,山田梅次郎,1,2,1,0,0,1,0,
야마다 히로미치,山田博道,1,2,1,0,0,0,0,
야마모토 준이치,山本純一,1,2,1,0,0,0,0,
야마시타 사카에,山下サカエ,0,2,1,0,0,0,0,신규: 소학교 수상자(단락 707)
야마자키 도모사부로,山崎友三郎,1,2,1,0,0,0,0,
야스다 구스지,保田楠二,1,2,1,0,0,0,0,
야오 교조,八尾恭三,1,2,1,0,0,0,0,
야하시 요시타네,矢橋良胤,1,2,1,0,0,0,0,
양재훈,梁在薰,1,2,1,0,0,0,0,
에이 산타로,江伊三太郎,1,2,1,0,0,0,0,
오가 기사부로,大賀喜三郎,1,2,1,0,0,0,0,
오가사 구마지로,小笠熊治郞,1,2,1,0,0,0,0,
오가와 가쓰히라,小川勝平,1,2,1,0,0,0,0,
오노 구라타,小野庫太,1,2,1,0,0,0,0,
오니즈카 슈이쓰,鬼塚秀逸,1,2,1,0,0,0,0,
오다 덴,織田傳,0,2,1,0,0,0,0,신규: 소학교 수상자(단락 1299)
오다 리사쿠,小田利作,1,2,1,0,0,0,0,
오다와라 류이치,小田原留一,1,2,1,0,0,0,0,
오리토 기요이치,織戸吉代一,1,2,1,0,0,0,0,
오무라 모토요,大村大代,1,2,1,1,0,0,0,
오바 데쓰조,大場鐡象,1,2,1,0,0,0,0,
오쓰카 지카미,大塚親見,1,2,1,0,0,0,0,
오에 류타로,大江隆太郞,1,2,1,0,0,0,0,
오옥경,吳玉景,1,2,1,0,0,0,0,
오자와 고토부키,小澤壽,1,2,1,0,0,0,0,
오카다 데쓰고로,岡田鐵五郞,1,2,1,0,0,0,0,
오카무라 가쓰토시,岡村克已,1,2,1,0,0,0,0,
오쿠마 시게노부,大隈重信,1,2,1,0,0,0,0,
오쿠보 하루노,大久保春野,1,2,1,1,1,0,0,주차군사령관 오쿠보 대장(大久保春野 추정) — 하지메·다사부로와 별개 인물
오쿠이 와헤이,奥井和平,1,2,1,0,0,0,0,
오타 가쓰사부로,太田勝三郎,1,2,1,0,0,0,1,
오하라 준지,小原遵路,1,2,1,0,0,0,0,
와타나베 다케,渡邊タケ,0,2,1,0,0,0,0,신규: 소학교 수상자(단락 1299)
와타나베 도키오,渡邊時雄,1,2,1,0,0,0,0,
와타나베 슌조,渡邊春三,1,2,1,0,0,0,0,
와타나베 우조,渡邊烏城,1,2,1,0,0,0,0,
요시노 긴사쿠,吉野金作,1,2,1,0,0,0,0,
요시다 가쓰사부로,吉田勝三郎,1,2,1,0,0,0,0,
요시다 다이조,吉田太三,1,2,1,0,0,0,0,
요시모토 신지,吉本信次,1,2,1,0,0,0,0,
요시무라 가쓰타로,嘉村勝太郎,1,2,1,0,0,0,0,
요시무라 시즈오,吉村鎭雄,1,2,1,0,1,1,0,
요시오카 고잔,吉岡香山,1,2,1,0,0,0,0,
요시오카 도시오,吉岡敏雄,1,2,1,0,0,0,0,
요시카와 가메키치,吉川亀吉,1,2,1,0,0,0,0,
요시키 도시조,吉木利造,1,2,1,1,0,0,0,
우메다 이와키,梅田岩樹,1,2,1,0,0,1,0,
우메자키 신타로,梅崎辰太郎,1,2,1,0,0,0,0,
우시오카 라히사,潮嘉良久,1,2,1,0,0,0,0,
우에다 리키마쓰,上田力松,1,2,1,0,0,0,0,
우에마쓰 조마쓰,上松長松,1,2,1,0,0,0,0,
원은상,元殷常,1,2,1,0,0,0,0,
육종만,陸鍾晚,0,2,1,0,0,0,0,신규: 검사(단락 765)
윤헌,尹憲,0,2,1,1,0,0,0,신규: 관찰사(본문 440 열거)
이나가키 시게미치,稲垣重道,1,2,1,0,0,0,0,
이나타 나카지,稲田仲次,1,2,1,0,0,0,0,
이노우에 고사이,井上孝哉,1,2,1,0,0,0,0,
이노우에 산고,井上三綱,1,2,1,0,0,1,0,
이노우에 준노스케,井上準之助,1,2,1,0,0,0,0,
이마이 다다오,今井忠雄,1,2,1,0,0,0,0,
이사카 다카시,井坂孝,1,2,1,0,0,0,0,
이시마쓰 시게키,石松繁木,1,2,1,0,0,0,0,
이시즈카 에이조,石塚英藏,1,2,1,0,0,0,0,
이시카와 오쿠조,石川奥蔵,1,2,1,0,0,0,0,
이와나가 마지,岩永馬二,1,2,1,0,0,0,0,
이와나가 젠지로,岩永善次郎,1,2,1,0,0,1,0,
이와사 데이조,岩佐程三,1,2,1,0,0,0,0,
이와사키 다미야,岩崎民哉,1,2,1,1,0,1,0,
이와야 마쓰헤이,岩谷松平,1,2,1,0,0,0,0,
이용직,李容直,0,2,1,1,0,0,0,신규: 관찰사(본문 440 열거) 
이유인,李裕寅,0,2,1,1,0,0,0,신규: 관찰사(본문 440 열거)
이재곤,李載崑,0,2,2,0,0,0,0,신규: 학부대신 — 2차 검증 누락 반영
이종국,,0,2,1,1,0,1,0,신규: 잠업전습소 관련(단락 370) — 한자 미상
이중하,李重夏,0,2,1,1,0,0,0,신규: 관찰사(본문 440 열거)
이케다 덴지,池田傅次,1,2,1,0,0,0,0,
이케다 쓰네요시,池田常吉,1,2,1,0,0,0,0,
이케다 야스치카,池田泰親,1,2,1,0,0,0,0,
이케우치 도시,池内トシ,0,2,1,0,0,0,0,신규: 소학교 수상자(단락 1309)
이케우치 시게히라,池内重平,1,2,1,0,0,0,0,
이케우치 야에,池内ヤエ,0,2,1,0,0,0,0,신규: 소학교 수상자(단락 1305)
이쿠하시 도시코,生橋トシ子,0,2,1,0,0,0,0,신규: 소학교 수상자(단락 1303)
이토 구마사부로,伊藤熊三郎,1,2,1,0,0,0,1,
이토 요시,伊藤ヨシ,0,2,1,1,0,1,0,신규: 소학교 수상자(단락 1311)
이헌영,李憲永,0,2,1,1,0,0,0,신규: 관찰사(본문 440 열거)
임선준,任善準,0,2,2,0,0,0,0,신규: 내부대신 — 2차 검증 누락 반영
전우,田愚,0,2,1,0,0,0,0,신규: 유학자(단락 394)
정재학,鄭在學,0,2,2,1,1,1,0,신규: 대구 자산가(단락 895·1185) — 2차 검증 누락 반영
조병호,趙秉鎬,0,2,1,1,0,0,0,신규: 관찰사(본문 440 열거)
조중응,趙重應,0,2,2,0,0,0,0,신규: 법부대신 — 2차 검증 누락 반영
최만달,,0,2,2,1,0,0,0,"신규: 관찰도 주사(단락 279·1229) — 한자 미상, 검증표본 판정 반영"
하나부사 요시토모,花房義質,0,2,1,0,0,0,0,"신규: 남작 — 황태자 수행(단락 900), 2차 검증 누락 반영(사용자 확인)"
하나사키 기사부로,濱崎喜三郎,1,2,1,0,0,0,0,
하나이 다쿠조,花井卓蔵,1,2,1,0,0,0,1,
하라 신스케,原辰助,1,2,1,0,0,0,0,
하라 이와타로,原岩太郎,1,2,1,0,0,1,0,
하라다 기이치,原田儀一,1,2,1,0,0,0,0,
하라타 요시조,原田由蔵,1,2,1,0,0,0,0,
하마구치 오사치,濱口雄幸,0,2,1,0,0,0,0,"신규: 대장성 관료(후일 수상), 단락 625"
하세가와 가메타로,長谷川亀太郎,1,2,1,0,0,0,0,
하세가와 다이치,長谷川太一,1,2,1,0,0,0,0,
하야시 이치리키,林一力,1,2,1,0,0,0,0,
하야시 이치조,林市藏,1,2,1,0,0,0,0,
하야시 한스케,林半祐,1,2,1,0,0,0,0,
하치야 겐,蜂屋謙,0,2,1,0,0,0,0,신규: 측후소(단락 793)
호다 슈,補田秀,0,2,1,0,0,0,0,신규: 소학교 수상자(단락 1307)
호리케 도라조,堀家虎藏,1,2,1,0,0,0,0,
호시 도루,星亨,0,2,1,0,0,0,0,신규: 정치가(단락 216)
호쿠조 준조,北條順藏,1,2,1,0,0,0,0,
혼다 고스케,本田孝介,1,2,1,0,0,0,0,
후루쇼 야스요,古莊安代,1,2,1,0,0,0,0,
후루야(이토 수행원),古谷,0,2,1,1,1,1,0,신규: 이토 통감 수행(단락 908) — 후루야 지스케와 별개(사용자 확인)
후리하타 기요미,降旗清美,1,2,1,0,0,0,0,
후와 다로시치,不破太郎七,1,2,1,0,0,0,0,
후지오카 요시오,藤岡嘉郎,1,2,1,0,0,0,0,
후지타 다카시,藤田豐,1,2,1,0,0,0,0,
후쿠타 마스베,福田増兵衛,1,2,1,0,0,0,0,
히라사와 이와타로,平澤岩太郎,1,2,1,0,0,1,0,
히로노 사쿠지로,弘野作次郎,1,2,1,0,0,1,0,
히로우치 도시,廣内トシ,0,2,1,0,0,0,0,신규: 소학교 수상자(단락 1305)
히로우치 시게키치,廣内繁吉,1,2,1,0,0,0,0,
히지카타 기요시,土方淸,1,2,1,0,0,0,0,
권중현,權重顯,0,1,1,0,0,0,0,신규: 농상공부대신 — 검증시트 누락 반영
기삼연,奇參衍,0,1,1,0,0,0,0,신규: 의병장(단락 878) — 2차 검증 누락 반영
김갑진,,0,1,1,0,0,0,0,"신규: 귀빈 숙소 제공(단락 1229) — 한자 미상, 검증표본 판정 반영"
김영필,,0,1,1,0,0,0,0,신규: 탁지부 기수(단락 879) — 한자 미상
나스 도시오,那須敏男,0,1,1,0,0,0,1,출처: 조선대구일반 pp.189~190 — 나스 의원 원장
노기 마레스케,乃木希典,0,1,1,0,0,0,0,신규: 육군대장(단락 55)
민영기,閔泳綺,0,1,1,0,0,0,0,신규: 탁지부대신 — 검증시트 누락 반영
사이토 마코토,,0,1,1,0,0,0,0,신규: 단락 1079 우측통행 관련(본문 성만 표기 斎藤) — 보류판정 사용자 지정
서봉기,,0,1,1,0,0,0,0,"신규: 귀빈 접대(단락 1229) — 한자 미상, 검증표본 판정 반영"
신현구,,0,1,1,0,0,0,0,"신규: 달성군수(단락 449) — 한자 미상, 2차 검증 누락 반영"
야마가타 아리토모,山縣有朋,0,1,1,0,0,0,0,신규: 원수(단락 412)
야마구치 마츠에,山口松嵛,0,1,1,0,0,0,1,"출처: 조선대구일반 pp.278~279 — 왜관, 관호학교 설립. 한자 끝자 판독 불확실"
야마다(수비대장),,0,1,1,0,0,0,0,"신규: 수비대장 중위(단락 127) — 한자 山田, 문맥 귀속만 허용"
이경옥,,0,1,1,0,0,0,0,"신규: 귀빈 숙소 제공(단락 1229) — 한자 미상, 검증표본 판정 반영"
이근택,李根澤,0,1,1,0,0,0,0,신규: 군부대신 — 검증시트 누락 반영
이장우,,0,1,1,0,1,1,0,"신규: 귀빈 숙소 제공(단락 1229) — 한자 미상, 검증표본 판정 반영"
이지용,李址鎔,0,1,1,0,0,0,0,신규: 내부대신 — 검증시트 누락 반영
이진사,,0,1,1,0,0,0,0,"신규: 도적 두목(단락 878) — 호칭 표기, 2차 검증 누락 반영"
이진호,李軫鎬,0,1,1,1,1,1,0,신규: 도장관(단락 889) — 2차 검증 누락 반영
이하영,李夏榮,0,1,1,0,0,0,0,신규: 법부대신 — 검증시트 누락 반영
장지연,張志淵,0,1,1,0,0,0,0,신규: 황성신문 기자·시일야방성대곡(단락 854) — 2차 검증 누락 반영
차도선,車道善,0,1,1,0,0,0,0,신규: 의병장(단락 878) — 2차 검증 누락 반영
한상룡,韓相龍,0,1,1,0,0,0,0,신규: 한국측 이사(단락 1216) — 2차 검증 누락 반영
히다카(출장원),,0,1,1,0,0,0,0,"신규: 출장원(단락 275) — 히타카 사이지와 별개(사용자 확인), 풀네임 불명"
고타카 지로,小高二郎,0,0,0,0,0,0,1,"출처: 조선대구일반 pp.276~277 — 제일은행원, 한국척식(경산)"
구라카즈 히코사부로,倉員彦三郎,0,0,0,0,0,0,1,출처: 조선대구일반 p.279 — 왜관 곡물상. 員/貝 판독 불확실
기요미야 센노스케,清宮仙之助,0,0,0,0,0,0,1,출처: 조선대구일반 p.285 — 대구경찰서 경부
다마무라 요네지로,玉村米太郎,0,0,0,0,0,0,1,출처: 조선대구일반 pp.250~251 — 다마무라 서점
마츠바라 요네키치,松原米吉,0,0,0,0,0,0,1,출처: 조선대구일반 p.279 — 왜관 곡물상. 한자 판독 다소 불확실
모리 겐키치,,0,0,0,0,0,0,1,"출처: 조선대구일반 p.279 — 모리 고이치 아들, 왜관 곡물상. 한자 미상"
모리 고이치,森熙一,0,0,0,0,0,0,1,출처: 조선대구일반 pp.278~279 — 왜관 상업
소다 고하치,相田小八,0,0,0,0,0,0,1,출처: 조선대구일반 pp.243~244 — 주지도 의원 원장
시모야마 세이치로,下山淸一郎,0,0,0,0,0,0,1,출처: 조선대구일반 pp.246~247 — 변호사
야마우치 세사부로,山内淸三郎,0,0,0,0,0,0,1,출처: 조선대구일반 pp.278~279 — 왜관
오쿠무라 지스케,奧村治助,0,0,0,0,0,0,1,출처: 조선대구일반 p.279 — 왜관 곡물상
우메오카 도시오,梅岡敏夫,0,0,0,0,0,0,1,출처: 조선대구일반 p.286 — 경주 일본인회 회장
하시즈메 요시미,橋詰好,0,0,0,0,0,0,1,출처: 조선대구일반 p.282 — 삼랑진 일본인회 회장
호리이에 도라조,堀家虎造,0,0,0,0,0,0,1,출처: 조선대구일반 p.277 — 한국척식 지배인(경산)
히사노 도시오,久野敏雄,0,0,0,0,0,0,1,출처: 조선대구일반 pp.248~249 — 히사노 의원 원장
