절ID,장번호,장제목,절순번,절제목,시작행,끝행,비고
1-1,1,히타치마루 호가 조난된 현해탄을 건너다,1,처음으로 대구에 오다,2,5,
1-2,1,히타치마루 호가 조난된 현해탄을 건너다,2,빈대의 습격,7,8,
2-1,2,내가 대구인이 되기까지,1,경제의 중심지,11,14,
2-2,2,내가 대구인이 되기까지,2,부산까지 강행,16,17,
2-3,2,내가 대구인이 되기까지,3,대구인이 되다,19,20,
3-1,3,임시 역사와 인두세,1,정차장 앞 풍경,23,26,
3-2,3,임시 역사와 인두세,2,거류민회 설립,28,35,
4-1,4,젊고 활기찬 민회,1,신인들의 뛰어난 기량,38,43,
4-2,4,젊고 활기찬 민회,2,난무하는 철권,45,46,
4-3,4,젊고 활기찬 민회,3,시부사와 옹의 인상,48,49,
5-1,5,여순 함락을 전기로,1,일본인 세력 신장,52,55,
5-2,5,여순 함락을 전기로,2,대소변을 제멋대로,57,58,
5-3,5,여순 함락을 전기로,3,"개, 음경을 먹다",60,61,
6-1,6,비위생 백퍼센트,1,거리의 생지옥,64,67,
6-2,6,비위생 백퍼센트,2,천연두의 유행,69,70,
6-3,6,비위생 백퍼센트,3,당시의 물가,72,77,
7-1,7,배일계 관찰사 배척의 불길,1,대구실업신문,80,83,
7-2,7,배일계 관찰사 배척의 불길,2,이용익 관찰사 배격,85,91,
7-3,7,배일계 관찰사 배척의 불길,3,재류민의 기개,93,94,
8-1,8,일본에 알려지지 않았던 대구,1,일약 10부에 들어가다,97,100,
8-2,8,일본에 알려지지 않았던 대구,2,'大邱'를 발음하는 방식,102,103,
8-3,8,일본에 알려지지 않았던 대구,3,당시의 일본인 단체와 관공서,105,106,
9-1,9,이주시대의 가벼운 생활의식,1,임시방편의 생활,109,112,
9-2,9,이주시대의 가벼운 생활의식,2,두루미와 꿩,114,115,
10-1,10,해이한 한국의 민요,1,소의 태,118,121,
10-2,10,해이한 한국의 민요,2,당시의 민요,123,132,
11-1,11,후시미노미야 전하의 대구역 통과,1,대구의 개척자,135,138,
11-2,11,후시미노미야 전하의 대구역 통과,2,나의 상인 시절,140,141,
11-3,11,후시미노미야 전하의 대구역 통과,3,전첩축하회,143,145,
11-4,11,후시미노미야 전하의 대구역 통과,4,경부선 개통식,147,148,
12-1,12,일본해 해전과 당시의 추억,1,일본해 해전,151,154,
12-2,12,일본해 해전과 당시의 추억,2,당시의 바람,156,157,
12-3,12,일본해 해전과 당시의 추억,3,나가이와의 추억,159,168,
13-1,13,달성산의 전설과 공원 경영,1,달성산의 전설,171,174,
13-2,13,달성산의 전설과 공원 경영,2,공원지로 공인,176,177,
13-3,13,달성산의 전설과 공원 경영,3,공원 조성의 공로자,179,181,
14-1,14,최초의 일본인 회사와 민족성,1,최초의 회사,183,186,
14-2,14,최초의 일본인 회사와 민족성,2,거짓 현판,188,189,
14-3,14,최초의 일본인 회사와 민족성,3,한국인과 국민성,191,192,
15-1,15,난맥이 극에 달한 당시의 화폐,1,당시의 화폐,195,198,
15-2,15,난맥이 극에 달한 당시의 화폐,2,일람불 어음,200,201,
15-3,15,난맥이 극에 달한 당시의 화폐,3,말 귀에 염불,203,204,
16-1,16,거저먹는 세금징수 청부업,1,대금업 횡포 시대,207,210,
16-2,16,거저먹는 세금징수 청부업,2,경찰의 부재,212,213,
16-3,16,거저먹는 세금징수 청부업,3,나카무라의 일화,215,216,
17-1,17,문란한 법제 치하의 행형,1,황금만능 시대,219,222,
17-2,17,문란한 법제 치하의 행형,2,매 한 대에 1관문,224,225,
17-3,17,문란한 법제 치하의 행형,3,시장의 행형장,227,228,
18-1,18,서투른 사수로 인해 총살 재집행,1,60여 명 교살,231,234,
18-2,18,서투른 사수로 인해 총살 재집행,2,총살을 실제로 보다,236,238,
18-3,18,서투른 사수로 인해 총살 재집행,3,용병은 파락호,239,240,
19-1,19,뇌물이 횡행한 옛 한국시대,1,해이한 민심,243,246,
19-2,19,뇌물이 횡행한 옛 한국시대,2,재판의 한 장면,248,249,
19-3,19,뇌물이 횡행한 옛 한국시대,3,옥중 고통의 예,251,259,
19-4,19,뇌물이 횡행한 옛 한국시대,4,과거 형벌의 종류,260,262,표제 표기 상이(과거의 형벌)
19-5,19,뇌물이 횡행한 옛 한국시대,5,행복 향유 시대,264,265,
20-1,20,공부라고 생각하여 보게 된 행형,1,냉담한 사형수,268,273,
21-1,21,만만치 않은 상인들 뿐,1,사족 출신 상인들,276,280,
22-1,22,막과자 가게라도 이름은 무역상,1,당시 내가 하던 장사,282,285,
22-2,22,막과자 가게라도 이름은 무역상,2,복통의 묘약,287,288,
23-1,23,호랑이 굴에 들어가 호랑이 새끼를 잡는 상술,1,이상한 진열 방법,291,294,
23-2,23,호랑이 굴에 들어가 호랑이 새끼를 잡는 상술,2,관리가 된 상인,296,297,
24-1,24,민단 개혁을 위해 쇄신회를 조직,1,오키타의 풍모,300,303,표제 '긴조(錦城)의 풍모' — 긴조=오키타(인물명메모 판정)
24-2,24,민단 개혁을 위해 쇄신회를 조직,2,이름뿐인 상점,305,306,
24-3,24,민단 개혁을 위해 쇄신회를 조직,3,쇄신회의 활약,308,309,
25-1,25,25년 전의 선거 일화,1,놀라운 사실,312,315,
25-2,25,25년 전의 선거 일화,2,영사에게 소원장,317,318,
26-1,26,"나의 주장 관철, 인두세 폐지",1,하타모토의 방문,321,324,
26-2,26,"나의 주장 관철, 인두세 폐지",2,내 주장 관철,326,331,
26-3,26,"나의 주장 관철, 인두세 폐지",3,새된 고함을 지르는 자,333,334,
27-1,27,"신문과 신문인, 그 변천",1,두 신문의 대립,337,340,
27-2,27,"신문과 신문인, 그 변천",2,신문과 신문인,342,343,
27-3,27,"신문과 신문인, 그 변천",3,대구실업신보,345,346,
28-1,28,대구구락부에 모인 사람들,1,대구구락부,349,352,
28-2,28,대구구락부에 모인 사람들,2,관부연락선,354,355,
29-1,29,요람기의 대구교육계(상),1,바가지 쓴 하주,358,361,
29-2,29,요람기의 대구교육계(상),2,달성학교의 유래,363,364,
29-3,29,요람기의 대구교육계(상),3,히자쓰키의 노력,366,367,
29-4,29,요람기의 대구교육계(상),4,야학교 설립,369,370,
30-1,30,요람기의 대구교육계(하),1,소학교의 기원,373,376,
30-2,30,요람기의 대구교육계(하),2,학생 38명,378,387,
30-3,30,요람기의 대구교육계(하),3,민회의원 집단사직,389,390,
31-1,31,피나는 판매경쟁의 추억,1,어용상인의 부수입,393,396,
31-2,31,피나는 판매경쟁의 추억,2,판매경쟁의 추억,398,399,
32-1,32,민심을 이해하지 못한 정책의 실패,1,새로운 화폐의 주조,402,406,
32-2,32,민심을 이해하지 못한 정책의 실패,2,탈곡기 배포 계획,408,409,
32-3,32,민심을 이해하지 못한 정책의 실패,3,농사개량 실패,411,412,
33-1,33,급조된 사변사의 솔직한 이야기,1,사변사의 추억담,415,420,
33-2,33,급조된 사변사의 솔직한 이야기,2,1등 영화관,422,423,
34-1,34,"민심 악화, 빈번한 화적 조난",1,빈번한 화적의 봉기,426,430,
34-2,34,"민심 악화, 빈번한 화적 조난",2,후지이의 조난,431,432,
35-1,35,"유언비어 난무, 소방대 창설",1,재봉 바늘로 봉합,435,439,
35-2,35,"유언비어 난무, 소방대 창설",2,서부소방조직,440,452,
36-1,36,"무질서한 세상, 과수원 경영",1,"순사, 한판 당하다",454,456,
36-2,36,"무질서한 세상, 과수원 경영",2,대담한 시도,457,458,
37-1,37,이토 공의 첫 조난 사건,1,대한정책 확립,461,471,
37-2,37,이토 공의 첫 조난 사건,2,미나카이의 유래,472,473,
38-1,38,다사다난했던 1905년,1,최초의 벽돌건물,476,481,
38-2,38,다사다난했던 1905년,2,의기양양한 일본인,483,485,
39-1,39,"전승국민의 긍지, 팔조회 조직",1,전승국민의 긍지,487,491,
39-2,39,"전승국민의 긍지, 팔조회 조직",2,개척자들의 친분,492,493,
40-0,40,사은에 감사하며 갑진회 조직,0,사은에 감사하며 갑진회 조직(장서두),496,497,장서두
40-1,40,사은에 감사하며 갑진회 조직,1,개척자들의 재회,498,500,
40-2,40,사은에 감사하며 갑진회 조직,2,갑진회의 취지,502,510,
40-3,40,사은에 감사하며 갑진회 조직,3,대구의 약령시,512,513,
41-1,41,대구 명물의 하나 약령시,1,대구의 약령시,516,521,
41-2,41,대구 명물의 하나 약령시,2,객사파괴 반대,523,524,
41-3,41,대구 명물의 하나 약령시,3,약령시의 보존,526,527,
42-1,42,"기업시대, 이와세 왕국",1,보기 드문 한파,530,533,
42-2,42,"기업시대, 이와세 왕국",2,이와세 중심 시대,535,536,
42-3,42,"기업시대, 이와세 왕국",3,여러 사업의 시작,538,539,
43-1,43,아리타 오토마쓰와 당시의 동포회,1,아리타 오토마쓰의 등장,542,545,
43-2,43,아리타 오토마쓰와 당시의 동포회,2,약방의 증가,547,548,
43-3,43,아리타 오토마쓰와 당시의 동포회,3,동포회 설립 경위,550,556,
44-1,44,이토 공의 에피소드,1,통감부 개청식,559,564,
44-2,44,이토 공의 에피소드,2,경성의 첫인상,566,567,
45-1,45,문관의 무장적 제복시대,1,일대 전기를 맞이한 경성,570,573,
45-2,45,문관의 무장적 제복시대,2,봉화군의 폭도,575,576,
45-3,45,문관의 무장적 제복시대,3,연초업계의 변천,578,579,
46-1,46,초창기 대구의 금융기관,1,대구농공은행,582,585,
46-2,46,초창기 대구의 금융기관,2,대구수형조합,587,588,
46-3,46,초창기 대구의 금융기관,3,시변의 계산법,590,595,
47-1,47,"대관병식, 러일전쟁 결산",1,대구의 개선 축하,598,601,
47-2,47,"대관병식, 러일전쟁 결산",2,사절 파견,603,604,
47-3,47,"대관병식, 러일전쟁 결산",3,박중양의 출세,606,607,
48-1,48,체신사업 경과와 전화개통,1,집배하지 않는 우편,610,613,
48-2,48,체신사업 경과와 전화개통,2,통신사무 통일,615,616,
48-3,48,체신사업 경과와 전화개통,3,시내전화 개통,618,626,
49-1,49,한국시대의 지방청 조직,1,용빙 관리의 위풍,629,632,
49-2,49,한국시대의 지방청 조직,2,거만한 관찰사,634,635,
49-3,49,한국시대의 지방청 조직,3,관찰부의 장대한 경관,637,639,
50-1,50,호사스러운 석빙고를 그리는 기념비,1,말기의 관찰사,641,646,
50-2,50,호사스러운 석빙고를 그리는 기념비,2,석빙고 파괴,648,649,
50-3,50,호사스러운 석빙고를 그리는 기념비,3,석빙고의 비명,651,656,
51-1,51,이사청 설치와 민단법 실시,1,성대한 개청식,659,663,
51-2,51,이사청 설치와 민단법 실시,2,오카모토 부이사관의 답사,664,670,
51-3,51,이사청 설치와 민단법 실시,3,재류민 또 소동을 피우다,671,672,
52-1,52,"제반 행정개혁, 백화 일시에 피다",1,소송대리업자,675,678,
52-2,52,"제반 행정개혁, 백화 일시에 피다",2,한국기업공채,680,681,
52-3,52,"제반 행정개혁, 백화 일시에 피다",3,교육기관 개선,683,685,
52-4,52,"제반 행정개혁, 백화 일시에 피다",4,재판소 제도,686,688,
53-0,53,민단법 실시와 소학교 건축,0,민단법 실시와 소학교 건축(장서두),690,691,장서두
53-1,53,민단법 실시와 소학교 건축,1,민단 설립 위원,692,693,
53-2,53,민단법 실시와 소학교 건축,2,이와세의 분주,695,696,
53-3,53,민단법 실시와 소학교 건축,3,대구농회 설립,698,703,
53-4,53,민단법 실시와 소학교 건축,4,요배전 낙성,704,705,
54-0,54,영남제일관과 바한센 이야기,0,영남제일관과 바한센 이야기(장서두),708,709,장서두
54-1,54,영남제일관과 바한센 이야기,1,대구성의 유래,710,712,
54-2,54,영남제일관과 바한센 이야기,2,겁 없는 해적선,713,714,
54-3,54,영남제일관과 바한센 이야기,3,삼포의 개항장,716,717,
54-4,54,영남제일관과 바한센 이야기,4,사이고 다카모리의 분노,719,721,
55-0,55,"대구 분란의 근원, 도로위원회",0,"대구 분란의 근원, 도로위원회(장서두)",723,724,장서두
55-1,55,"대구 분란의 근원, 도로위원회",1,극비리에 파괴,725,726,
55-2,55,"대구 분란의 근원, 도로위원회",2,정부의 불인가,728,729,
55-3,55,"대구 분란의 근원, 도로위원회",3,도로위원회,731,742,
56-1,56,도로위원회의 결의 불실행,1,이와세파의 실책,745,748,
56-2,56,도로위원회의 결의 불실행,2,완강한 이토,750,751,
56-3,56,도로위원회의 결의 불실행,3,당혹스러운 가게야마,753,754,
57-0,57,시가지 간선도로 첫 개통,0,시가지 간선도로 첫 개통(장서두),757,758,장서두
57-1,57,시가지 간선도로 첫 개통,1,십자도로 개통,759,761,
57-2,57,시가지 간선도로 첫 개통,2,맹렬한 선거전,762,770,
57-3,57,시가지 간선도로 첫 개통,3,회의소 개설,772,776,
58-1,58,엄선한 12명의 공인 후보자,1,후보자들의 거주지,778,809,
58-2,58,엄선한 12명의 공인 후보자,2,격렬한 경쟁,811,812,
59-1,59,유곽지 설정 문제를 중심으로 논쟁,1,민회의원 당선,815,820,
59-2,59,유곽지 설정 문제를 중심으로 논쟁,2,제1회 회의,822,829,
59-3,59,유곽지 설정 문제를 중심으로 논쟁,3,유곽설치 반대,831,834,
60-1,60,3인의 동시 의원직 사퇴,1,나의 고군분투,837,840,
60-2,60,3인의 동시 의원직 사퇴,2,사키사카와 만나다,842,843,
60-3,60,3인의 동시 의원직 사퇴,3,3인 동시 사직,845,846,
60-4,60,3인의 동시 의원직 사퇴,4,실패한 유곽지,848,849,
61-1,61,1906년부터 1907년까지,1,불온한 밀칙,852,855,
61-2,61,1906년부터 1907년까지,2,1907년의 대구,857,858,
61-3,61,1906년부터 1907년까지,3,우조에 대한 기억,860,861,
62-1,62,정면충돌한 견원지간,1,폭력이 난무한 2차 술자리,864,867,
62-2,62,정면충돌한 견원지간,2,태평양의 가교,869,874,
62-3,62,정면충돌한 견원지간,3,견원지간,876,877,
63-1,63,민회의원 최초의 보궐선거,1,의원 보궐선거,880,883,
63-2,63,민회의원 최초의 보궐선거,2,오구라의 첫 출진,885,886,
63-3,63,민회의원 최초의 보궐선거,3,한국 법제개혁,888,891,
64-1,64,일본인 상업회의소 성립,1,상업회의소 의원선거 결과,894,903,
64-2,64,일본인 상업회의소 성립,2,이와세파의 적국,905,906,
64-3,64,일본인 상업회의소 성립,3,민단성립 축하,908,909,
64-4,64,일본인 상업회의소 성립,4,대구 니시키좌 건축,911,912,
64-5,64,일본인 상업회의소 성립,5,거류민단 데이,914,915,
65-1,65,대구의 큰 불과 농업 선구자,1,북문 밖 대화재,918,921,
65-2,65,대구의 큰 불과 농업 선구자,2,대구농산시장,923,924,
65-3,65,대구의 큰 불과 농업 선구자,3,대구농회 연혁,926,927,
65-4,65,대구의 큰 불과 농업 선구자,4,영농의 선구자,929,930,
65-5,65,대구의 큰 불과 농업 선구자,5,스기타 데이치의 대구 방문,932,935,
66-1,66,전매국 공장이 설립되기까지,1,지가 1평에 5전,938,941,
66-2,66,전매국 공장이 설립되기까지,2,남한연초회사,943,949,
66-3,66,전매국 공장이 설립되기까지,3,고쿠료미야코 쌀의 원조,951,954,
67-1,67,경북 의료위생 발달의 도정,1,국채보상회,957,960,
67-2,67,경북 의료위생 발달의 도정,2,후지나와의 주선,962,968,
67-3,67,경북 의료위생 발달의 도정,3,대구자혜의원,970,973,
68-1,68,달성공원 기성회 조직,1,위안 장소의 물색,976,982,
68-2,68,달성공원 기성회 조직,2,기성회의 취지,984,987,
68-3,68,달성공원 기성회 조직,3,복권 발행,989,999,
69-1,69,공원 시설에 숨은 비극,1,이상적인 유원지,1002,1005,
69-2,69,공원 시설에 숨은 비극,2,미와의 품성,1007,1008,
69-3,69,공원 시설에 숨은 비극,3,내가 조사위원,1010,1011,
70-1,70,"이와세 민장, 가게야마 조역 시대",1,기성회의 해산,1014,1017,
70-2,70,"이와세 민장, 가게야마 조역 시대",2,대구일일신문,1019,1020,
70-3,70,"이와세 민장, 가게야마 조역 시대",3,맹렬한 공격,1022,1023,
71-1,71,관공서의 정비와 그 인물,1,관공서의 정비,1026,1090,
71-2,71,관공서의 정비와 그 인물,2,성공한 경관,1092,1093,
71-3,71,관공서의 정비와 그 인물,3,박중양의 평남 전출,1095,1096,
72-1,72,국기사건과 그 시대의 사건들,1,권상장 설치,1099,1102,
72-2,72,국기사건과 그 시대의 사건들,2,야마지에 대한 기억,1104,1105,
72-3,72,국기사건과 그 시대의 사건들,3,일본적십자사,1107,1109,
73-1,73,히메지 51연대 수비 시대,1,이충구 관찰사,1112,1115,
73-2,73,히메지 51연대 수비 시대,2,대구묘포 개시,1117,1118,
73-3,73,히메지 51연대 수비 시대,3,역 앞 철도용지,1120,1121,
73-4,73,히메지 51연대 수비 시대,4,전성기의 금정,1123,1124,
73-5,73,히메지 51연대 수비 시대,5,매우 험악해진 민심,1126,1127,
73-6,73,히메지 51연대 수비 시대,6,제51연대,1129,1130,
73-7,73,히메지 51연대 수비 시대,7,대구 경주간 도로,1132,1133,
74-0,74,헤이그 밀사 사건과 정치 관계,0,헤이그 밀사 사건과 정치 관계(장서두),1136,1138,장서두
74-1,74,헤이그 밀사 사건과 정치 관계,1,이완용내각 성립,1140,1150,
74-2,74,헤이그 밀사 사건과 정치 관계,2,밀사의 등장,1152,1153,
74-3,74,헤이그 밀사 사건과 정치 관계,3,밀사 모두 실패,1155,1156,
75-1,75,송병준의 직간에 두려워한 대신들,1,선수 친 통감,1159,1162,
75-2,75,송병준의 직간에 두려워한 대신들,2,내각의 대책,1164,1174,
75-3,75,송병준의 직간에 두려워한 대신들,3,두려워하는 대신들,1176,1177,
76-1,76,황제 양위로 신협약 체결,1,황제 대리 조칙,1180,1184,
76-2,76,황제 양위로 신협약 체결,2,종로의 폭동,1186,1187,
76-3,76,황제 양위로 신협약 체결,3,신황제가 모든 정무를 맡다,1189,1190,
76-4,76,황제 양위로 신협약 체결,4,새로운 협약,1192,1201,
77-1,77,대구진위대 해산과 피난 준비,1,군대해산 조칙,1204,1209,
77-2,77,대구진위대 해산과 피난 준비,2,갑자기 함성이 일다,1211,1212,
77-3,77,대구진위대 해산과 피난 준비,3,오구라의 불상,1214,1215,
78-1,78,폭도가 횡행하여 괴로운 양민,1,극에 달한 약탈과 참극,1218,1221,
78-2,78,폭도가 횡행하여 괴로운 양민,2,직지사의 도적떼,1223,1225,
78-3,78,폭도가 횡행하여 괴로운 양민,3,흥해의 참사,1227,1230,
79-1,79,위생시설과 화폐정리 시대,1,구에 대표자를 두다,1233,1238,
79-2,79,위생시설과 화폐정리 시대,2,위생기관이 생기다,1240,1241,
79-3,79,위생시설과 화폐정리 시대,3,유치원 설치,1243,1244,
79-4,79,위생시설과 화폐정리 시대,4,재무감독국장,1246,1247,
79-5,79,위생시설과 화폐정리 시대,5,신화폐 보급 방법,1249,1250,
80-1,80,연호를 융희로 개원하다,1,즉위식,1253,1256,
80-2,80,연호를 융희로 개원하다,2,미증유의 성대한 행사,1258,1259,
80-3,80,연호를 융희로 개원하다,3,고귀한 악수,1261,1262,
80-4,80,연호를 융희로 개원하다,4,황태자의 귀환,1264,1265,
81-1,81,황태자 방문 중 두 황실의 친교,1,회견 모습,1268,1273,
81-2,81,황태자 방문 중 두 황실의 친교,2,증정품,1275,1282,
81-3,81,황태자 방문 중 두 황실의 친교,3,폐하의 깊은 생각,1284,1285,
82-1,82,영친왕의 유학으로 민심 동요,1,하사금을 받다,1288,1297,[J-25] 목차 엑셀 정본에 따른 82장 4절 복원
82-2,82,영친왕의 유학으로 민심 동요,2,이토 태자태부,1298,1299,[J-25] 목차 엑셀 정본에 따른 82장 4절 복원 — 본문 1298행 표제 실재. J-16 폐기
82-3,82,영친왕의 유학으로 민심 동요,3,여단장 교체,1301,1302,[J-25] 목차 엑셀 정본에 따른 82장 4절 복원 — 구 82-2
82-4,82,영친왕의 유학으로 민심 동요,4,"민단, 위기로 무너지다",1304,1312,[J-25] 목차 엑셀 정본에 따른 82장 4절 복원 — 구 82-3
83-1,83,고문정치에서 차관정치로,1,국시6개조,1315,1325,
83-2,83,고문정치에서 차관정치로,2,통감권한 확충,1327,1333,
83-3,83,고문정치에서 차관정치로,3,경찰사무 통일,1335,1342,
84-1,84,성황을 이룬 천장절 봉축회,1,재류민의 결합,1345,1348,
84-2,84,성황을 이룬 천장절 봉축회,2,천장절 축하회,1350,1354,
84-3,84,성황을 이룬 천장절 봉축회,3,12여단 야회,1356,1361,
84-4,84,성황을 이룬 천장절 봉축회,4,부의 일치단결,1363,1364,
85-1,85,민장 불신임 결의로 가게야마 사퇴,1,지정학교 문제,1367,1372,
85-2,85,민장 불신임 결의로 가게야마 사퇴,2,민장 불신임안,1374,1375,
85-3,85,민장 불신임 결의로 가게야마 사퇴,3,의원도 사임하다,1377,1378,
86-1,86,민장 자리를 놓고 맹렬한 경쟁,1,모리나가의 독무대,1381,1384,
86-2,86,민장 자리를 놓고 맹렬한 경쟁,2,공민회가 생기다,1386,1387,
86-3,86,민장 자리를 놓고 맹렬한 경쟁,3,두 파의 인물들,1389,1394,
86-4,86,민장 자리를 놓고 맹렬한 경쟁,4,보궐선거 종료,1396,1399,
87-1,87,건의안을 내고 민장 선거,1,예산편성을 끝내다,1402,1429,
87-2,87,건의안을 내고 민장 선거,2,의장으로 아사노 당선,1431,1438,
87-3,87,건의안을 내고 민장 선거,3,와타나베의 품성,1440,1445,
87-4,87,건의안을 내고 민장 선거,4,건의안으로 선거,1447,1448,
88-1,88,민장 불인가로 논란 비등,1,민단법 해석,1451,1454,
88-2,88,민장 불인가로 논란 비등,2,불인가 지령,1456,1459,
88-3,88,민장 불인가로 논란 비등,3,오키타의 예봉,1461,1463,
88-4,88,민장 불인가로 논란 비등,4,눈병 난 오키타,1465,1466,
88-5,88,민장 불인가로 논란 비등,5,이사관도 변명,1468,1470,
89-1,89,명확하지 않은 불인가 이유,1,오키타 스테지로의 퇴한 처분,1473,1476,
89-2,89,명확하지 않은 불인가 이유,2,오키타의 퇴거,1478,1481,
89-3,89,명확하지 않은 불인가 이유,3,민회의 대책,1483,1486,
90-1,90,우지노의 호적수 미카지리 옹,1,군장님 군장님,1489,1492,
90-2,90,우지노의 호적수 미카지리 옹,2,우측통행 시대,1494,1498,
90-3,90,우지노의 호적수 미카지리 옹,3,옹과 만주 들판,1500,1503,
91-1,91,재선된 와타나베 민장 인가,1,민장 재선거,1506,1509,
91-2,91,재선된 와타나베 민장 인가,2,신문경영 곤란,1511,1512,
91-3,91,재선된 와타나베 민장 인가,3,노사카에 대한 기억,1514,1515,
91-4,91,재선된 와타나베 민장 인가,4,후원자들,1517,1520,
92-1,92,박중양 관찰사 재차 부임,1,회의소로 비화,1523,1536,
92-2,92,박중양 관찰사 재차 부임,2,기성회의 종언,1538,1539,
92-3,92,박중양 관찰사 재차 부임,3,행정관의 이동,1541,1542,
92-4,92,박중양 관찰사 재차 부임,4,내무행정 개혁,1544,1545,
93-1,93,법원 개설과 관민 대간친회,1,성대한 개청식,1548,1559,
93-2,93,법원 개설과 관민 대간친회,2,관민 대간친회,1561,1564,
93-3,93,법원 개설과 관민 대간친회,3,민단법 개정,1566,1573,
94-1,94,대립하는 두 파의 신문 계획,1,매우 순조로운 재정,1576,1579,
94-2,94,대립하는 두 파의 신문 계획,2,신문사 이전,1581,1582,
94-3,94,대립하는 두 파의 신문 계획,3,공소원 부지,1584,1585,
94-4,94,대립하는 두 파의 신문 계획,4,대구신보 계획,1587,1590,
95-1,95,"합병 성립, 대구신문 발행",1,박중양의 주선,1593,1596,
95-2,95,"합병 성립, 대구신문 발행",2,조정자가 나타나다,1598,1599,
95-3,95,"합병 성립, 대구신문 발행",3,흔쾌히 합병 성립,1601,1602,
95-4,95,"합병 성립, 대구신문 발행",4,합병 신문 발행,1604,1610,
96-1,96,기념해야 할 대구의 개척자,1,법원부지 선정의 전말,1613,1616,
96-2,96,기념해야 할 대구의 개척자,2,마쓰모토가 걸어온 길,1618,1619,
96-3,96,기념해야 할 대구의 개척자,3,세간의 건망증,1621,1622,
97-1,97,유치원 재흥을 위한 아름다운 연예회,1,히시키의 언변,1625,1631,
97-2,97,유치원 재흥을 위한 아름다운 연예회,2,예기단속규칙,1633,1634,
97-3,97,유치원 재흥을 위한 아름다운 연예회,3,유곽매수계획,1636,1637,
98-1,98,동척 창립과 관민 대간친회,1,동척 창립총회,1640,1647,
98-2,98,동척 창립과 관민 대간친회,2,관민 대간친회,1649,1650,
98-3,98,동척 창립과 관민 대간친회,3,박 씨의 대연설,1652,1655,
99-1,99,추억 깊은 1908년,1,의원 정기선거,1658,1666,
99-2,99,추억 깊은 1908년,2,의장선거 경위,1668,1669,
99-3,99,추억 깊은 1908년,3,발행부수 400,1671,1672,
99-4,99,추억 깊은 1908년,4,언문부록 발행,1674,1677,
100-1,100,기유년 신년 연회의 추억,1,성대한 신년회,1680,1683,
100-2,100,기유년 신년 연회의 추억,2,동척의 한국진출,1685,1691,
100-3,100,기유년 신년 연회의 추억,3,편안한 생활,1693,1694,
101-1,101,황제를 봉영하는 미증유의 성사,1,순행 조칙,1697,1703,
101-2,101,황제를 봉영하는 미증유의 성사,2,장막천 매점,1705,1706,
101-3,101,황제를 봉영하는 미증유의 성사,3,각 숙소와 위원,1708,1709,
102-1,102,의장병을 선두로 장엄한 노부,1,옥보를 남기다,1712,1715,
102-2,102,의장병을 선두로 장엄한 노부,2,원기있는 이토공,1717,1721,
103-1,103,별과 같이 열석한 귀현의 회합,1,대환영회 광경,1723,1724,
103-2,103,별과 같이 열석한 귀현의 회합,2,저녁 제등행렬,1726,1727,
104-1,104,대구에서의 이토 공 연설,1,이토 공의 연설,1730,1737,
105-1,105,"임행의 유물, 유일한 은사관",1,환행과 대구,1740,1743,
105-2,105,"임행의 유물, 유일한 은사관",2,은사관에 대한 기억,1745,1746,
105-3,105,"임행의 유물, 유일한 은사관",3,서북한 순행,1748,1749,
106-1,106,요란했던 육군기념일,1,놀라운 행행 여담,1752,1755,
106-2,106,요란했던 육군기념일,2,흥청대던 3월 10일,1757,1758,
106-3,106,요란했던 육군기념일,3,급조한 음악대,1760,1782,
107-1,107,무효투표로 재선거,1,돌이켜보는 기념일,1785,1788,
107-2,107,무효투표로 재선거,2,당시 있었던 일들,1790,1791,
107-3,107,무효투표로 재선거,3,무효투표 발견,1793,1799,
108-1,108,가속도가 붙은 발전 시대의 여러 일들,1,교사를 다시 증축,1802,1825,
108-2,108,가속도가 붙은 발전 시대의 여러 일들,2,관내의 일본인,1827,1830,
108-3,108,가속도가 붙은 발전 시대의 여러 일들,3,건원절 축전,1832,1833,
108-4,108,가속도가 붙은 발전 시대의 여러 일들,4,도쿠라 조역 사임,1835,1836,
109-1,109,소네 자작의 대구 방문과 감세 문제,1,납세부담 순위,1839,1852,
109-2,109,소네 자작의 대구 방문과 감세 문제,2,경주와 소네 자작,1854,1855,
109-3,109,소네 자작의 대구 방문과 감세 문제,3,이사관 경질,1857,1858,
109-4,109,소네 자작의 대구 방문과 감세 문제,4,3세 면제 운동,1860,1864,
110-1,110,임시한국파견대 설치,1,다시 부회장 체제,1866,1867,
110-2,110,임시한국파견대 설치,2,대한일보에 대하여,1869,1870,
110-3,110,임시한국파견대 설치,3,14연대 귀환,1872,1878,
111-1,111,발전에 공헌한 군대의 힘,1,임시파견대 도착,1881,1887,
111-2,111,발전에 공헌한 군대의 힘,2,"환송, 환영회 광경",1889,1892,
111-3,111,발전에 공헌한 군대의 힘,3,개선과 공로자,1894,1903,
112-1,112,공적을 쌓고 명성도 얻었던 이토 공의 사망,1,한국통감 경질,1906,1909,
112-2,112,공적을 쌓고 명성도 얻었던 이토 공의 사망,2,이토 공의 정책,1911,1913,
112-3,112,공적을 쌓고 명성도 얻었던 이토 공의 사망,3,한국 정부에 하직을 고하다,1915,1916,
113-1,113,대구신문사의 분란,1,노세에 대한 기억,1919,1922,
113-2,113,대구신문사의 분란,2,이나모토의 책동,1924,1925,
113-3,113,대구신문사의 분란,3,경영 악화,1927,1928,
114-1,114,이해타산 없이 신문 경영,1,독립경영 방침,1931,1939,
114-2,114,이해타산 없이 신문 경영,2,위임에서 양도로,1941,1947,
114-3,114,이해타산 없이 신문 경영,3,일생을 신문에,1949,1960,
